sale_id,customer_id,employee_id,branch_id,sale_date,payment_method,discount_amount
1,744,2,1,2024-11-03 15:30:11,Cash,0.0
2,706,12,2,2025-05-02 16:18:18,Card,341300.0
3,746,39,5,2024-01-12 18:19:02,Cash,0.0
4,831,26,4,2024-06-27 19:09:22,Cash,0.0
5,605,31,4,2025-04-28 18:42:11,Mobile Payment,0.0
6,371,39,5,2024-03-10 09:01:54,Cash,0.0
7,96,10,2,2024-06-27 15:48:26,Bank Transfer,0.0
8,842,3,1,2024-11-24 10:44:28,Card,131400.0
9,152,28,4,2024-03-29 18:01:40,Cash,0.0
10,521,40,5,2024-07-13 12:36:52,Cash,250100.0
11,415,38,5,2024-01-24 12:52:18,Cash,0.0
12,143,37,5,2025-02-12 18:03:34,Card,0.0
13,834,4,1,2025-05-20 10:51:36,Mobile Payment,0.0
14,566,13,2,2024-02-12 10:02:31,Card,0.0
15,55,15,2,2025-11-29 19:47:01,Cash,272800.0
16,315,38,5,2024-12-26 12:21:27,Cash,0.0
17,454,4,1,2024-02-28 10:03:08,Cash,0.0
18,559,2,1,2024-03-19 13:34:13,Mobile Payment,0.0
19,,6,1,2025-02-24 18:31:17,Mobile Payment,0.0
20,630,26,4,2024-01-22 16:53:02,Cash,969200.0
21,,6,1,2024-09-25 18:13:48,Bank Transfer,1088900.0
22,326,40,5,2025-03-10 18:46:36,Cash,0.0
23,53,18,3,2024-09-12 17:18:21,Bank Transfer,0.0
24,205,5,1,2025-08-05 19:20:53,Card,0.0
25,770,36,5,2025-02-22 09:37:05,Card,382200.0
26,,30,4,2024-02-12 17:45:14,Bank Transfer,0.0
27,,33,5,2025-09-06 12:22:06,Card,0.0
28,,26,4,2025-10-19 15:56:18,Cash,614500.0
29,355,19,3,2025-08-28 09:06:38,Card,0.0
30,603,15,2,2025-10-26 10:04:59,Card,0.0
31,329,40,5,2024-11-20 13:12:53,Cash,0.0
32,,30,4,2024-03-22 14:35:32,Cash,0.0
33,,12,2,2025-02-21 19:37:42,Cash,0.0
34,16,16,2,2025-10-09 12:57:11,Cash,267400.0
35,550,25,4,2025-12-07 11:04:08,Mobile Payment,0.0
36,718,1,1,2024-03-16 14:28:58,Bank Transfer,0.0
37,970,34,5,2024-06-04 09:37:37,Card,0.0
38,720,4,1,2024-10-31 16:21:03,Card,0.0
39,188,29,4,2025-08-11 18:20:06,Cash,0.0
40,,18,3,2024-08-25 19:17:09,Card,0.0
41,,36,5,2024-01-07 16:53:52,Cash,0.0
42,918,32,4,2024-09-26 10:55:08,Cash,70300.0
43,95,21,3,2025-04-09 19:47:32,Bank Transfer,0.0
44,720,20,3,2025-07-25 19:53:56,Bank Transfer,414700.0
45,110,27,4,2025-05-23 13:08:12,Mobile Payment,0.0
46,198,36,5,2025-10-15 14:30:33,Mobile Payment,0.0
47,215,23,3,2025-04-02 14:15:42,Card,108300.0
48,226,31,4,2025-12-04 12:01:18,Mobile Payment,0.0
49,69,29,4,2024-02-25 13:31:46,Cash,0.0
50,32,6,1,2024-05-12 18:34:01,Mobile Payment,0.0
51,518,4,1,2025-01-05 17:12:10,Mobile Payment,198500.0
52,817,1,1,2024-01-21 17:06:32,Cash,34000.0
53,293,7,1,2025-11-02 15:08:52,Mobile Payment,0.0
54,956,3,1,2024-04-07 18:50:25,Mobile Payment,0.0
55,522,40,5,2025-01-20 13:27:05,Card,0.0
56,30,30,4,2025-07-13 10:28:14,Cash,30400.0
57,667,2,1,2025-07-28 11:13:55,Cash,0.0
58,214,8,1,2024-09-15 15:19:47,Cash,0.0
59,886,14,2,2025-04-17 16:32:35,Cash,65600.0
60,210,12,2,2025-03-24 10:02:56,Bank Transfer,0.0
61,338,18,3,2025-03-21 13:46:59,Card,0.0
62,894,21,3,2025-04-28 16:13:59,Bank Transfer,518500.0
63,,10,2,2025-07-04 16:21:06,Card,28700.0
64,852,13,2,2024-10-18 15:37:46,Mobile Payment,0.0
65,369,39,5,2024-12-04 18:49:54,Mobile Payment,0.0
66,82,11,2,2024-06-17 16:55:00,Cash,0.0
67,105,32,4,2024-12-29 13:53:33,Mobile Payment,0.0
68,566,19,3,2024-01-26 14:54:29,Bank Transfer,121900.0
69,,4,1,2025-03-28 14:33:12,Cash,130400.0
70,791,24,3,2025-02-11 09:44:45,Cash,0.0
71,253,34,5,2024-02-09 14:01:39,Bank Transfer,227900.0
72,968,6,1,2024-04-09 17:17:54,Bank Transfer,0.0
73,65,17,3,2025-11-11 15:26:53,Cash,346000.0
74,,9,2,2024-11-14 13:35:22,Card,290500.0
75,273,4,1,2025-10-15 14:29:05,Cash,0.0
76,437,28,4,2024-07-11 13:56:12,Cash,47500.0
77,347,27,4,2024-02-07 18:24:09,Mobile Payment,0.0
78,40,18,3,2025-06-09 12:16:13,Mobile Payment,146500.0
79,10,33,5,2024-11-26 10:40:22,Cash,0.0
80,,19,3,2025-04-23 17:11:48,Mobile Payment,0.0
81,388,13,2,2025-01-17 18:21:30,Cash,0.0
82,66,36,5,2025-08-04 11:08:42,Mobile Payment,11100.0
83,312,12,2,2024-06-25 13:19:05,Card,0.0
84,297,28,4,2025-04-28 19:24:53,Mobile Payment,0.0
85,365,21,3,2025-11-21 15:38:25,Card,0.0
86,68,7,1,2024-03-20 19:14:08,Cash,53600.0
87,722,25,4,2024-09-24 15:11:10,Mobile Payment,0.0
88,681,25,4,2024-06-13 14:08:36,Cash,0.0
89,139,30,4,2025-04-29 14:54:34,Mobile Payment,0.0
90,818,2,1,2025-05-16 16:23:03,Cash,214100.0
91,,25,4,2025-04-02 14:19:40,Cash,0.0
92,945,29,4,2024-12-19 16:44:39,Mobile Payment,0.0
93,361,7,1,2025-06-08 10:21:59,Card,201100.0
94,962,4,1,2025-08-07 13:19:39,Mobile Payment,0.0
95,215,13,2,2025-05-28 19:02:38,Bank Transfer,0.0
96,271,21,3,2025-04-18 18:50:40,Cash,0.0
97,402,38,5,2025-07-08 15:30:59,Cash,0.0
98,,35,5,2025-11-20 15:16:25,Mobile Payment,259300.0
99,386,31,4,2024-01-24 13:35:47,Cash,18100.0
100,586,5,1,2024-07-01 11:49:49,Card,171100.0
101,481,6,1,2025-05-29 17:34:25,Card,0.0
102,467,6,1,2025-04-20 19:11:43,Card,0.0
103,366,10,2,2025-09-05 18:46:26,Bank Transfer,37700.0
104,267,28,4,2024-06-14 16:23:46,Card,0.0
105,849,40,5,2024-09-04 11:29:32,Mobile Payment,0.0
106,892,26,4,2025-03-03 13:56:45,Mobile Payment,0.0
107,991,6,1,2025-02-13 17:40:41,Cash,0.0
108,999,14,2,2025-02-26 19:21:09,Card,0.0
109,616,28,4,2024-09-23 14:18:44,Bank Transfer,0.0
110,656,21,3,2024-06-11 18:40:19,Bank Transfer,0.0
111,382,9,2,2024-08-04 18:19:09,Cash,227100.0
112,752,14,2,2025-06-19 14:24:55,Cash,0.0
113,871,6,1,2024-08-18 13:13:14,Mobile Payment,0.0
114,152,36,5,2024-07-26 14:42:02,Mobile Payment,0.0
115,972,1,1,2025-04-02 18:33:15,Bank Transfer,0.0
116,,4,1,2024-03-06 11:33:19,Cash,0.0
117,833,16,2,2024-04-29 16:05:30,Card,0.0
118,841,16,2,2024-01-01 13:48:26,Bank Transfer,360300.0
119,597,14,2,2024-10-08 19:35:32,Cash,117500.0
120,225,18,3,2025-03-29 14:40:43,Cash,138700.0
121,176,5,1,2025-09-16 12:36:43,Cash,87700.0
122,423,31,4,2024-10-02 12:59:16,Cash,234100.0
123,174,25,4,2025-02-17 09:26:22,Mobile Payment,333000.0
124,159,20,3,2024-08-08 18:32:28,Cash,0.0
125,608,7,1,2025-12-05 16:15:17,Cash,0.0
126,231,8,1,2024-05-17 10:20:49,Mobile Payment,0.0
127,903,37,5,2025-12-07 09:08:49,Mobile Payment,0.0
128,788,30,4,2024-12-07 12:43:45,Bank Transfer,0.0
129,40,1,1,2025-06-08 14:01:36,Mobile Payment,129300.0
130,841,34,5,2025-08-10 16:39:41,Cash,374400.0
131,347,24,3,2025-06-24 15:56:01,Cash,0.0
132,985,24,3,2025-10-31 19:12:49,Cash,0.0
133,338,38,5,2024-03-11 14:55:20,Cash,0.0
134,,3,1,2025-03-26 10:53:24,Mobile Payment,785200.0
135,532,34,5,2024-06-15 12:07:31,Bank Transfer,0.0
136,,29,4,2025-06-04 10:29:01,Mobile Payment,0.0
137,673,29,4,2024-08-22 10:41:41,Cash,0.0
138,193,22,3,2025-09-24 15:52:10,Mobile Payment,273200.0
139,855,15,2,2024-02-17 17:24:48,Cash,0.0
140,165,8,1,2025-04-20 15:54:57,Mobile Payment,0.0
141,239,34,5,2025-05-04 16:47:53,Cash,37100.0
142,426,34,5,2024-09-12 12:16:11,Cash,0.0
143,,4,1,2024-07-05 09:09:40,Mobile Payment,0.0
144,536,15,2,2025-04-07 12:29:39,Cash,0.0
145,,22,3,2025-05-14 17:29:42,Mobile Payment,155800.0
146,518,2,1,2025-07-17 13:08:55,Card,0.0
147,613,9,2,2025-06-29 14:34:14,Cash,95200.0
148,766,15,2,2024-07-26 13:03:25,Mobile Payment,0.0
149,265,34,5,2024-03-01 15:08:09,Mobile Payment,0.0
150,,4,1,2024-10-09 11:57:25,Bank Transfer,0.0
151,774,40,5,2024-08-25 19:28:19,Bank Transfer,0.0
152,747,17,3,2025-01-25 13:07:40,Cash,0.0
153,446,20,3,2025-11-11 16:53:44,Cash,0.0
154,107,38,5,2025-03-05 19:53:16,Cash,0.0
155,48,31,4,2025-09-13 17:55:59,Bank Transfer,0.0
156,583,39,5,2025-02-07 09:22:41,Card,0.0
157,118,4,1,2025-08-03 11:01:40,Cash,24700.0
158,,22,3,2024-09-11 13:28:50,Card,853600.0
159,,14,2,2024-11-09 10:58:46,Card,0.0
160,460,19,3,2024-06-21 14:01:07,Mobile Payment,173100.0
161,548,39,5,2024-09-26 11:45:21,Cash,202000.0
162,,4,1,2025-07-15 11:42:17,Cash,422200.0
163,239,40,5,2025-03-25 15:35:35,Card,243000.0
164,,14,2,2025-07-07 14:04:44,Mobile Payment,542400.0
165,,36,5,2025-04-21 13:36:53,Bank Transfer,67700.0
166,860,6,1,2025-05-03 11:04:43,Cash,0.0
167,978,15,2,2024-08-08 19:28:19,Cash,0.0
168,204,38,5,2024-01-07 18:03:45,Mobile Payment,0.0
169,183,11,2,2024-07-04 09:41:59,Cash,0.0
170,100,31,4,2025-12-14 16:08:54,Cash,90600.0
171,106,14,2,2025-10-24 19:05:21,Card,0.0
172,35,9,2,2025-06-25 09:00:20,Mobile Payment,147700.0
173,986,14,2,2025-08-10 11:57:28,Mobile Payment,0.0
174,709,5,1,2024-10-25 10:22:43,Cash,0.0
175,,31,4,2025-04-03 10:42:35,Cash,0.0
176,610,26,4,2025-06-16 10:42:41,Card,0.0
177,619,23,3,2025-02-17 15:24:05,Cash,402000.0
178,236,10,2,2024-11-10 18:47:57,Bank Transfer,146900.0
179,,27,4,2025-06-04 14:43:44,Cash,72900.0
180,470,9,2,2024-02-16 15:13:57,Cash,0.0
181,422,23,3,2024-02-15 11:09:38,Mobile Payment,36600.0
182,291,23,3,2025-12-07 09:26:52,Mobile Payment,0.0
183,,8,1,2024-05-11 19:44:14,Cash,15500.0
184,133,29,4,2025-07-03 13:18:54,Mobile Payment,0.0
185,471,9,2,2025-04-25 16:06:07,Cash,0.0
186,,36,5,2024-08-03 14:02:36,Cash,475400.0
187,881,24,3,2024-01-26 16:04:53,Cash,0.0
188,43,25,4,2025-09-25 11:46:59,Cash,55700.0
189,27,34,5,2024-08-17 19:02:36,Bank Transfer,0.0
190,215,32,4,2024-06-05 16:34:56,Cash,180800.0
191,517,36,5,2025-02-15 11:53:40,Card,0.0
192,297,23,3,2024-05-16 17:13:15,Card,0.0
193,600,29,4,2025-09-30 15:03:12,Mobile Payment,0.0
194,167,19,3,2025-10-18 15:36:50,Card,0.0
195,,33,5,2025-11-23 10:50:04,Cash,0.0
196,126,24,3,2025-05-01 14:45:11,Mobile Payment,0.0
197,325,27,4,2025-07-29 17:40:30,Bank Transfer,0.0
198,550,24,3,2025-08-21 18:11:28,Mobile Payment,0.0
199,832,10,2,2025-11-15 12:40:20,Mobile Payment,0.0
200,35,14,2,2024-09-15 12:32:17,Card,0.0
201,461,17,3,2024-05-13 18:00:47,Cash,0.0
202,353,19,3,2024-12-20 13:35:12,Cash,0.0
203,103,1,1,2024-05-11 10:15:04,Cash,0.0
204,,16,2,2025-10-08 14:50:42,Cash,0.0
205,757,9,2,2024-03-22 15:20:40,Mobile Payment,0.0
206,,33,5,2024-03-22 11:12:16,Card,298000.0
207,298,20,3,2025-06-27 09:41:56,Cash,0.0
208,17,39,5,2024-03-22 19:48:57,Mobile Payment,0.0
209,632,24,3,2025-01-01 16:23:31,Cash,0.0
210,,11,2,2025-01-29 15:01:55,Cash,329600.0
211,348,31,4,2024-06-11 13:53:54,Cash,0.0
212,,2,1,2024-11-27 16:38:18,Card,16000.0
213,380,23,3,2025-09-18 10:38:08,Bank Transfer,294900.0
214,620,14,2,2025-10-11 16:50:17,Mobile Payment,0.0
215,994,16,2,2025-07-30 16:56:01,Cash,0.0
216,178,8,1,2025-02-02 12:50:49,Cash,0.0
217,985,22,3,2025-05-11 14:38:56,Mobile Payment,0.0
218,15,37,5,2024-09-11 15:27:44,Cash,0.0
219,190,6,1,2025-04-21 11:28:40,Card,0.0
220,558,17,3,2024-05-06 09:55:20,Cash,541200.0
221,580,33,5,2025-06-07 09:46:45,Cash,0.0
222,95,6,1,2024-12-31 14:05:26,Card,0.0
223,386,34,5,2024-07-31 16:10:07,Cash,0.0
224,222,25,4,2024-02-13 12:48:14,Card,0.0
225,959,26,4,2024-02-11 12:37:02,Card,0.0
226,901,15,2,2024-08-05 11:34:00,Cash,74200.0
227,819,5,1,2025-04-07 09:28:38,Card,85900.0
228,995,12,2,2025-08-06 13:53:44,Card,0.0
229,215,20,3,2025-06-07 09:19:00,Mobile Payment,0.0
230,800,16,2,2025-05-06 17:38:18,Mobile Payment,0.0
231,276,5,1,2024-01-01 13:28:24,Cash,0.0
232,,23,3,2025-10-31 09:19:49,Cash,0.0
233,512,10,2,2025-10-13 19:50:01,Cash,0.0
234,253,21,3,2024-01-24 18:30:04,Cash,0.0
235,456,27,4,2024-01-14 18:57:02,Bank Transfer,0.0
236,269,1,1,2025-07-30 15:35:44,Bank Transfer,0.0
237,535,19,3,2024-11-24 19:22:26,Cash,0.0
238,187,9,2,2024-12-17 17:58:55,Card,0.0
239,860,15,2,2024-03-24 15:56:07,Cash,0.0
240,450,14,2,2025-05-15 10:20:46,Card,0.0
241,961,4,1,2025-10-17 19:29:09,Mobile Payment,0.0
242,20,20,3,2025-07-08 19:06:52,Cash,125000.0
243,395,7,1,2025-01-01 19:25:00,Cash,0.0
244,34,33,5,2025-11-26 16:02:31,Cash,0.0
245,,38,5,2025-12-02 16:01:24,Card,585600.0
246,593,25,4,2024-11-26 13:35:49,Cash,0.0
247,905,8,1,2024-03-11 17:11:29,Cash,0.0
248,504,26,4,2025-12-04 11:53:04,Cash,21800.0
249,174,40,5,2024-08-22 16:51:44,Cash,0.0
250,558,25,4,2025-12-26 17:57:44,Cash,94100.0
251,171,24,3,2025-02-14 17:58:15,Cash,0.0
252,745,38,5,2025-07-24 13:30:04,Cash,201000.0
253,,25,4,2025-01-15 09:32:50,Card,262200.0
254,153,28,4,2024-07-12 19:30:30,Cash,118000.0
255,510,3,1,2024-09-09 19:48:26,Mobile Payment,631200.0
256,157,23,3,2025-04-05 18:53:55,Card,0.0
257,442,9,2,2025-01-13 13:25:17,Cash,0.0
258,627,31,4,2025-12-05 18:44:35,Card,0.0
259,640,5,1,2025-10-06 13:59:17,Card,300800.0
260,265,23,3,2024-10-12 13:38:27,Mobile Payment,796400.0
261,272,20,3,2024-07-29 18:50:40,Mobile Payment,141000.0
262,4,5,1,2024-05-07 15:52:35,Cash,0.0
263,768,13,2,2024-02-22 15:40:31,Card,0.0
264,204,1,1,2024-03-12 13:06:35,Mobile Payment,0.0
265,603,12,2,2025-09-25 18:36:48,Cash,53000.0
266,,28,4,2025-07-08 18:01:10,Bank Transfer,0.0
267,506,31,4,2025-04-01 12:14:06,Bank Transfer,175400.0
268,,16,2,2025-03-23 17:21:20,Card,0.0
269,593,39,5,2024-06-21 15:13:13,Cash,506700.0
270,622,25,4,2025-02-02 18:22:23,Card,51500.0
271,774,24,3,2024-06-10 11:14:54,Card,375700.0
272,463,5,1,2024-03-22 17:59:16,Cash,0.0
273,952,10,2,2025-09-27 09:36:41,Mobile Payment,531000.0
274,431,19,3,2025-06-30 10:49:29,Bank Transfer,0.0
275,200,17,3,2025-05-27 17:57:03,Cash,0.0
276,,24,3,2024-09-08 16:11:45,Cash,0.0
277,705,31,4,2025-06-21 16:41:33,Card,0.0
278,25,18,3,2025-09-10 15:24:24,Cash,0.0
279,,27,4,2025-10-26 13:25:15,Mobile Payment,0.0
280,832,5,1,2025-01-18 09:22:29,Mobile Payment,0.0
281,213,26,4,2024-12-26 14:12:19,Cash,57500.0
282,784,8,1,2025-02-17 14:51:39,Cash,0.0
283,71,25,4,2025-11-13 17:46:47,Mobile Payment,0.0
284,590,19,3,2024-05-25 12:05:39,Cash,0.0
285,265,27,4,2025-03-13 17:36:16,Cash,120800.0
286,531,16,2,2024-04-26 10:42:29,Bank Transfer,0.0
287,735,20,3,2024-08-19 09:27:30,Cash,0.0
288,106,38,5,2025-02-26 15:26:36,Cash,0.0
289,631,6,1,2025-01-14 10:19:15,Mobile Payment,91000.0
290,131,14,2,2024-06-12 18:20:37,Cash,0.0
291,,9,2,2024-01-03 16:11:02,Mobile Payment,121700.0
292,,1,1,2025-08-19 10:02:39,Mobile Payment,0.0
293,827,19,3,2024-03-07 16:38:54,Cash,0.0
294,325,37,5,2024-10-27 19:45:52,Mobile Payment,0.0
295,923,11,2,2024-03-16 13:49:21,Cash,0.0
296,373,37,5,2025-12-27 12:57:30,Cash,0.0
297,389,27,4,2025-05-24 16:42:25,Card,0.0
298,182,13,2,2025-03-01 10:31:56,Cash,0.0
299,603,15,2,2024-02-09 09:40:23,Cash,0.0
300,713,37,5,2025-06-27 15:56:33,Mobile Payment,0.0
301,99,40,5,2024-02-15 13:21:01,Card,0.0
302,287,37,5,2025-02-08 13:00:33,Mobile Payment,45800.0
303,501,39,5,2024-01-17 17:55:46,Mobile Payment,598300.0
304,,38,5,2024-06-30 17:41:12,Card,201600.0
305,962,19,3,2025-11-04 13:42:16,Card,0.0
306,422,3,1,2024-05-04 09:15:04,Mobile Payment,0.0
307,923,40,5,2025-06-07 10:30:42,Cash,0.0
308,858,34,5,2024-03-05 11:09:21,Cash,0.0
309,348,4,1,2025-11-03 16:35:49,Bank Transfer,0.0
310,344,6,1,2025-10-26 14:26:47,Mobile Payment,57100.0
311,987,30,4,2024-05-02 18:51:02,Cash,46400.0
312,99,13,2,2025-01-23 11:17:21,Mobile Payment,227600.0
313,618,19,3,2025-12-29 10:55:08,Card,108100.0
314,936,12,2,2025-08-19 10:14:03,Mobile Payment,0.0
315,537,7,1,2024-02-11 13:58:56,Cash,70200.0
316,763,8,1,2025-01-04 15:34:06,Mobile Payment,542500.0
317,731,12,2,2025-02-21 09:43:33,Mobile Payment,209200.0
318,346,19,3,2025-02-18 18:26:58,Cash,294000.0
319,,34,5,2025-11-18 12:08:45,Mobile Payment,0.0
320,182,1,1,2025-02-27 10:21:13,Bank Transfer,0.0
321,838,12,2,2025-02-02 14:12:55,Cash,0.0
322,180,9,2,2024-03-02 16:33:18,Mobile Payment,0.0
323,504,34,5,2025-08-23 16:22:19,Cash,616000.0
324,156,35,5,2024-04-22 13:46:23,Cash,659500.0
325,,35,5,2025-10-04 16:33:00,Cash,482600.0
326,666,21,3,2025-08-23 12:40:25,Card,71700.0
327,521,22,3,2025-04-27 12:34:21,Mobile Payment,74900.0
328,,16,2,2025-02-26 17:47:04,Mobile Payment,0.0
329,757,5,1,2024-01-12 18:26:07,Mobile Payment,130500.0
330,834,9,2,2025-05-02 13:34:10,Bank Transfer,0.0
331,,24,3,2025-07-23 11:01:47,Bank Transfer,33500.0
332,958,12,2,2024-08-02 12:08:18,Card,0.0
333,394,27,4,2025-12-05 10:53:57,Cash,0.0
334,,3,1,2024-08-04 10:09:26,Cash,0.0
335,690,38,5,2025-04-08 11:53:38,Cash,193800.0
336,688,9,2,2024-07-19 15:18:24,Mobile Payment,0.0
337,153,9,2,2025-06-14 11:34:56,Cash,0.0
338,,18,3,2024-09-22 13:21:35,Cash,0.0
339,593,3,1,2025-10-01 16:04:27,Cash,95900.0
340,921,1,1,2024-03-26 14:10:48,Cash,0.0
341,761,33,5,2024-06-02 14:20:24,Bank Transfer,0.0
342,926,26,4,2024-06-03 11:52:48,Mobile Payment,56000.0
343,510,5,1,2024-09-08 15:22:40,Bank Transfer,104700.0
344,229,20,3,2024-11-25 14:42:03,Mobile Payment,0.0
345,644,28,4,2024-09-03 15:38:54,Bank Transfer,235100.0
346,833,34,5,2025-07-23 17:47:00,Cash,88300.0
347,266,10,2,2024-05-24 15:39:43,Card,389400.0
348,667,39,5,2024-08-07 10:19:49,Mobile Payment,0.0
349,275,15,2,2024-08-22 19:23:21,Cash,84600.0
350,955,11,2,2024-10-09 14:46:08,Cash,0.0
351,187,14,2,2024-07-17 17:16:37,Cash,0.0
352,371,32,4,2024-05-06 17:03:38,Card,0.0
353,513,2,1,2024-03-26 18:48:32,Mobile Payment,0.0
354,,33,5,2024-01-11 11:13:52,Mobile Payment,431600.0
355,,32,4,2024-09-27 13:52:38,Bank Transfer,0.0
356,193,38,5,2024-05-17 09:04:19,Mobile Payment,31900.0
357,325,15,2,2024-07-18 11:52:46,Bank Transfer,40800.0
358,975,17,3,2025-12-13 13:08:33,Bank Transfer,0.0
359,65,34,5,2024-04-29 11:27:49,Mobile Payment,0.0
360,490,6,1,2024-08-05 10:11:49,Cash,0.0
361,814,35,5,2025-09-28 12:33:53,Mobile Payment,0.0
362,722,28,4,2024-12-16 13:15:30,Bank Transfer,0.0
363,26,1,1,2024-04-14 19:23:28,Bank Transfer,204300.0
364,673,35,5,2024-01-17 16:16:37,Mobile Payment,0.0
365,567,40,5,2024-04-01 17:18:09,Card,0.0
366,339,36,5,2024-06-28 12:06:11,Cash,0.0
367,521,25,4,2025-07-25 16:09:25,Mobile Payment,722600.0
368,905,9,2,2024-10-18 09:57:22,Cash,0.0
369,,15,2,2025-08-27 14:34:43,Bank Transfer,0.0
370,239,4,1,2024-01-16 17:30:51,Mobile Payment,0.0
371,725,27,4,2024-09-03 18:50:49,Cash,0.0
372,,2,1,2025-01-31 17:12:04,Cash,198400.0
373,840,6,1,2024-02-25 16:26:49,Cash,97000.0
374,,32,4,2025-09-05 13:25:10,Mobile Payment,0.0
375,402,25,4,2024-06-13 18:44:59,Cash,0.0
376,106,12,2,2024-12-19 15:06:29,Card,44300.0
377,,15,2,2024-08-31 17:42:20,Card,378100.0
378,338,3,1,2025-08-15 14:03:09,Card,0.0
379,143,27,4,2024-07-10 10:00:53,Mobile Payment,0.0
380,772,40,5,2024-08-27 15:55:52,Cash,15900.0
381,719,16,2,2024-01-24 16:50:44,Card,369000.0
382,217,17,3,2025-01-20 17:09:05,Cash,0.0
383,113,40,5,2024-04-17 19:16:25,Card,0.0
384,781,5,1,2024-08-28 15:39:38,Mobile Payment,0.0
385,607,13,2,2025-09-12 14:54:47,Bank Transfer,0.0
386,581,26,4,2024-12-31 11:15:57,Cash,193000.0
387,536,34,5,2025-10-04 19:29:31,Cash,0.0
388,991,11,2,2024-11-23 17:36:12,Cash,0.0
389,652,17,3,2025-11-10 14:48:24,Cash,132500.0
390,627,22,3,2024-10-01 13:11:59,Card,236100.0
391,730,13,2,2025-02-04 12:55:12,Mobile Payment,0.0
392,686,14,2,2025-05-09 11:58:21,Cash,0.0
393,635,22,3,2024-01-27 19:31:33,Mobile Payment,252300.0
394,,34,5,2025-11-22 17:52:36,Mobile Payment,0.0
395,,29,4,2024-03-31 14:18:29,Mobile Payment,0.0
396,991,32,4,2025-06-21 10:15:51,Cash,0.0
397,591,5,1,2024-03-30 09:49:22,Bank Transfer,452800.0
398,708,38,5,2025-02-15 11:56:08,Mobile Payment,0.0
399,,32,4,2024-10-13 13:55:10,Bank Transfer,0.0
400,312,22,3,2025-12-30 18:18:11,Mobile Payment,0.0
401,186,36,5,2024-03-15 12:08:41,Mobile Payment,0.0
402,806,21,3,2024-10-18 17:33:39,Bank Transfer,0.0
403,,29,4,2025-10-20 15:09:47,Cash,0.0
404,,4,1,2024-06-26 17:51:52,Cash,0.0
405,699,36,5,2025-03-01 13:31:10,Card,0.0
406,534,27,4,2024-07-04 14:30:29,Card,0.0
407,728,19,3,2025-09-25 10:32:52,Bank Transfer,261400.0
408,239,26,4,2025-10-22 16:11:04,Cash,167200.0
409,419,36,5,2025-02-25 11:06:46,Bank Transfer,0.0
410,648,12,2,2024-11-23 17:19:17,Bank Transfer,59800.0
411,695,38,5,2024-09-24 13:36:51,Bank Transfer,0.0
412,881,26,4,2024-06-14 09:21:15,Card,0.0
413,171,19,3,2025-08-16 17:58:33,Cash,0.0
414,758,9,2,2024-02-15 13:48:35,Card,0.0
415,95,22,3,2024-07-08 12:40:34,Mobile Payment,0.0
416,341,8,1,2024-03-09 14:53:55,Mobile Payment,0.0
417,803,17,3,2024-04-04 13:12:30,Cash,0.0
418,231,34,5,2024-05-28 15:03:40,Cash,121900.0
419,,2,1,2024-04-25 15:25:06,Cash,0.0
420,311,40,5,2024-09-11 12:59:39,Cash,0.0
421,,18,3,2024-06-02 13:11:06,Cash,0.0
422,249,13,2,2025-01-19 11:01:53,Bank Transfer,161400.0
423,,4,1,2025-11-13 18:38:22,Bank Transfer,0.0
424,794,13,2,2024-07-14 15:59:22,Cash,0.0
425,547,9,2,2024-05-24 16:59:03,Bank Transfer,0.0
426,642,8,1,2024-03-28 15:27:55,Cash,50000.0
427,,9,2,2024-08-15 13:02:15,Cash,0.0
428,737,30,4,2025-03-09 13:39:04,Bank Transfer,315500.0
429,673,34,5,2024-02-09 12:01:51,Card,0.0
430,766,25,4,2025-07-11 09:33:06,Cash,72700.0
431,,4,1,2025-06-04 09:26:28,Cash,0.0
432,38,29,4,2024-07-23 15:11:07,Cash,0.0
433,619,31,4,2025-09-02 13:31:01,Cash,0.0
434,,29,4,2025-03-23 15:27:52,Cash,0.0
435,,1,1,2024-09-29 15:26:27,Mobile Payment,75200.0
436,81,5,1,2025-08-22 12:34:49,Mobile Payment,0.0
437,335,5,1,2025-09-17 18:32:02,Bank Transfer,509000.0
438,131,26,4,2025-02-28 15:38:35,Card,0.0
439,854,32,4,2025-08-07 13:15:14,Cash,0.0
440,276,8,1,2024-01-16 10:45:52,Mobile Payment,147800.0
441,970,5,1,2024-04-07 17:51:05,Card,394600.0
442,76,37,5,2025-11-08 17:01:52,Mobile Payment,0.0
443,,40,5,2025-06-03 14:28:59,Cash,0.0
444,860,15,2,2025-07-30 10:19:38,Bank Transfer,0.0
445,171,19,3,2025-09-06 19:27:35,Card,0.0
446,554,18,3,2025-08-17 15:07:22,Mobile Payment,71500.0
447,335,8,1,2025-08-17 19:42:41,Bank Transfer,190100.0
448,,3,1,2025-07-28 14:06:24,Mobile Payment,0.0
449,630,9,2,2025-05-29 18:50:49,Card,0.0
450,,40,5,2025-09-08 18:04:27,Mobile Payment,0.0
451,864,14,2,2025-11-08 18:40:52,Mobile Payment,0.0
452,922,5,1,2024-11-24 17:32:06,Cash,306500.0
453,299,30,4,2025-10-27 09:55:12,Cash,51200.0
454,,17,3,2025-07-13 17:58:46,Card,0.0
455,851,31,4,2024-09-28 17:27:39,Mobile Payment,0.0
456,376,39,5,2025-08-03 13:44:57,Cash,32900.0
457,401,35,5,2024-02-29 19:49:30,Bank Transfer,327300.0
458,442,4,1,2025-09-02 17:48:49,Cash,38600.0
459,,22,3,2025-09-05 09:24:31,Cash,887500.0
460,62,29,4,2025-07-24 18:27:27,Cash,65900.0
461,,24,3,2025-03-29 14:34:57,Card,0.0
462,441,15,2,2024-12-10 13:03:06,Bank Transfer,0.0
463,666,10,2,2024-06-28 11:18:11,Card,0.0
464,463,6,1,2025-05-30 13:34:51,Mobile Payment,0.0
465,82,32,4,2025-12-29 16:35:08,Cash,744300.0
466,986,19,3,2025-10-15 15:04:09,Cash,0.0
467,699,15,2,2024-12-20 18:46:24,Cash,0.0
468,381,14,2,2024-09-16 14:51:48,Cash,265300.0
469,680,2,1,2024-05-23 12:09:59,Cash,0.0
470,367,8,1,2025-03-24 15:48:13,Bank Transfer,0.0
471,,8,1,2024-12-28 09:41:34,Mobile Payment,0.0
472,267,14,2,2025-07-12 17:53:09,Cash,0.0
473,88,2,1,2025-02-09 16:30:32,Mobile Payment,0.0
474,743,21,3,2024-09-25 15:03:52,Mobile Payment,0.0
475,539,20,3,2025-10-21 18:07:09,Card,0.0
476,329,27,4,2025-12-08 18:03:19,Card,83600.0
477,,39,5,2025-12-28 13:11:17,Cash,0.0
478,948,40,5,2024-01-31 15:58:52,Cash,0.0
479,,11,2,2024-05-29 10:02:52,Cash,0.0
480,980,31,4,2024-04-27 09:58:01,Card,0.0
481,781,13,2,2024-11-22 19:15:41,Card,0.0
482,858,35,5,2024-07-18 14:19:26,Cash,0.0
483,565,9,2,2025-01-13 13:21:47,Mobile Payment,0.0
484,572,29,4,2024-04-04 10:00:57,Cash,0.0
485,999,17,3,2025-04-02 17:20:06,Mobile Payment,0.0
486,772,36,5,2024-10-28 17:09:24,Card,0.0
487,141,39,5,2025-07-25 17:33:57,Card,151900.0
488,641,3,1,2025-03-17 14:29:54,Card,0.0
489,153,8,1,2025-01-04 14:32:20,Card,68700.0
490,172,2,1,2025-07-08 19:51:53,Cash,610500.0
491,942,25,4,2025-12-25 13:46:46,Cash,0.0
492,,3,1,2024-05-09 14:31:53,Card,0.0
493,484,24,3,2024-06-30 17:10:58,Mobile Payment,0.0
494,823,10,2,2024-05-19 15:04:24,Mobile Payment,0.0
495,722,2,1,2024-04-28 18:23:00,Mobile Payment,0.0
496,292,6,1,2024-08-20 16:03:52,Cash,105400.0
497,728,5,1,2025-07-29 14:44:18,Cash,189000.0
498,175,26,4,2025-02-27 10:39:50,Mobile Payment,0.0
499,779,1,1,2024-09-21 14:02:09,Bank Transfer,41400.0
500,471,24,3,2024-09-19 17:48:56,Mobile Payment,0.0
501,883,25,4,2025-03-15 16:12:37,Mobile Payment,0.0
502,673,23,3,2024-05-21 17:03:21,Mobile Payment,0.0
503,52,1,1,2025-07-07 14:57:49,Card,0.0
504,334,26,4,2025-09-07 19:01:09,Bank Transfer,8200.0
505,1000,38,5,2024-08-27 14:52:58,Mobile Payment,0.0
506,82,17,3,2024-01-11 11:55:26,Cash,0.0
507,542,21,3,2025-03-26 19:56:39,Cash,402700.0
508,497,1,1,2024-01-10 15:18:43,Mobile Payment,39000.0
509,458,15,2,2024-02-16 17:39:44,Cash,202300.0
510,446,14,2,2024-12-20 12:58:23,Cash,0.0
511,979,33,5,2025-10-21 09:25:36,Mobile Payment,0.0
512,857,4,1,2025-05-05 17:17:44,Mobile Payment,0.0
513,260,20,3,2024-01-22 09:25:31,Cash,41500.0
514,153,30,4,2024-09-18 11:57:25,Card,0.0
515,,12,2,2024-08-14 13:21:54,Cash,297000.0
516,143,39,5,2025-06-06 13:15:00,Cash,280800.0
517,589,24,3,2024-12-08 18:35:50,Cash,0.0
518,10,12,2,2025-03-05 19:51:56,Mobile Payment,120100.0
519,280,3,1,2024-01-02 16:07:05,Cash,0.0
520,634,10,2,2024-12-27 17:50:07,Bank Transfer,0.0
521,525,34,5,2025-08-25 14:36:47,Cash,0.0
522,813,28,4,2024-03-09 17:24:38,Mobile Payment,0.0
523,797,17,3,2025-11-04 10:32:08,Card,0.0
524,,11,2,2025-11-09 11:03:16,Cash,0.0
525,747,9,2,2025-10-11 12:03:17,Cash,0.0
526,504,10,2,2025-03-03 14:56:03,Cash,0.0
527,748,26,4,2025-09-17 17:14:08,Cash,0.0
528,,8,1,2024-11-01 15:55:38,Mobile Payment,0.0
529,95,18,3,2025-09-26 15:25:10,Mobile Payment,22200.0
530,488,23,3,2025-02-06 16:48:56,Cash,0.0
531,350,17,3,2024-11-06 18:18:49,Cash,149200.0
532,215,15,2,2024-12-18 09:19:41,Card,0.0
533,211,5,1,2024-05-30 13:13:50,Mobile Payment,0.0
534,455,8,1,2025-08-31 19:39:06,Cash,0.0
535,338,39,5,2024-09-26 12:12:35,Mobile Payment,0.0
536,339,12,2,2024-09-23 12:52:02,Cash,0.0
537,842,29,4,2025-05-26 14:50:29,Mobile Payment,0.0
538,85,23,3,2025-01-30 18:49:32,Card,0.0
539,427,18,3,2024-12-15 11:48:25,Mobile Payment,403400.0
540,871,9,2,2025-04-09 13:08:15,Card,29900.0
541,,20,3,2024-09-10 11:26:52,Mobile Payment,277800.0
542,,8,1,2025-06-27 14:58:10,Cash,0.0
543,260,19,3,2024-08-02 14:52:42,Card,684500.0
544,589,7,1,2024-12-15 11:14:57,Cash,138000.0
545,580,1,1,2025-10-06 14:52:09,Cash,186900.0
546,,24,3,2025-11-09 12:07:27,Cash,0.0
547,926,39,5,2024-06-29 09:38:41,Mobile Payment,0.0
548,664,12,2,2024-05-31 11:09:40,Cash,0.0
549,734,14,2,2024-08-18 11:14:27,Cash,0.0
550,965,3,1,2025-02-02 18:31:50,Card,0.0
551,864,15,2,2024-04-12 14:41:54,Cash,626500.0
552,,11,2,2024-08-02 12:44:09,Cash,0.0
553,771,35,5,2025-11-11 19:40:55,Mobile Payment,0.0
554,816,20,3,2025-01-15 19:03:57,Mobile Payment,0.0
555,7,23,3,2025-12-01 16:17:06,Card,0.0
556,292,19,3,2024-01-14 19:04:14,Card,0.0
557,605,30,4,2025-01-30 10:20:46,Cash,0.0
558,,6,1,2024-03-29 15:46:17,Card,0.0
559,176,32,4,2025-01-01 11:03:30,Cash,0.0
560,315,26,4,2024-05-19 19:05:09,Card,0.0
561,370,28,4,2024-03-16 11:27:31,Cash,331100.0
562,679,40,5,2025-10-26 17:26:22,Mobile Payment,0.0
563,,38,5,2024-07-05 12:07:09,Cash,0.0
564,,24,3,2024-10-17 16:00:45,Cash,0.0
565,434,15,2,2024-12-21 15:44:02,Cash,433300.0
566,499,29,4,2025-08-01 15:39:11,Cash,435200.0
567,497,3,1,2025-06-25 11:29:26,Cash,0.0
568,416,20,3,2024-11-10 13:50:04,Bank Transfer,0.0
569,313,21,3,2025-08-15 16:18:14,Mobile Payment,0.0
570,190,11,2,2024-08-17 09:37:21,Bank Transfer,0.0
571,896,37,5,2024-04-12 12:10:06,Card,221600.0
572,545,38,5,2024-07-16 13:40:45,Cash,0.0
573,,26,4,2024-05-31 18:14:36,Cash,0.0
574,616,28,4,2024-12-04 18:21:40,Mobile Payment,0.0
575,102,20,3,2024-09-22 14:25:24,Cash,0.0
576,,15,2,2024-06-10 19:47:08,Cash,0.0
577,726,5,1,2024-08-25 19:28:45,Bank Transfer,0.0
578,830,13,2,2025-01-25 18:03:09,Cash,150900.0
579,68,3,1,2024-08-21 17:50:50,Cash,0.0
580,352,12,2,2024-07-24 11:33:09,Cash,568600.0
581,103,9,2,2024-08-12 12:16:26,Bank Transfer,0.0
582,480,31,4,2024-05-25 16:39:39,Cash,0.0
583,854,37,5,2025-05-14 11:15:01,Mobile Payment,0.0
584,361,2,1,2025-04-10 11:10:42,Cash,0.0
585,506,24,3,2024-04-14 16:41:40,Mobile Payment,0.0
586,728,36,5,2025-07-03 16:09:50,Cash,32600.0
587,641,23,3,2025-02-07 17:18:45,Bank Transfer,0.0
588,188,3,1,2024-04-12 11:05:05,Card,0.0
589,633,17,3,2025-10-06 12:38:09,Mobile Payment,224100.0
590,230,31,4,2024-09-17 12:14:35,Cash,0.0
591,482,12,2,2024-01-02 17:52:12,Cash,0.0
592,13,38,5,2024-01-13 13:29:01,Mobile Payment,0.0
593,587,32,4,2024-09-20 18:44:57,Bank Transfer,0.0
594,205,32,4,2024-11-22 11:10:58,Cash,0.0
595,162,9,2,2025-10-31 14:36:46,Card,0.0
596,865,9,2,2024-06-04 18:20:20,Card,0.0
597,358,13,2,2025-11-11 11:02:27,Bank Transfer,0.0
598,968,1,1,2024-10-06 18:34:54,Mobile Payment,0.0
599,147,10,2,2025-01-16 13:32:42,Bank Transfer,0.0
600,865,17,3,2024-04-16 18:07:33,Card,0.0
601,739,7,1,2024-06-30 18:59:32,Card,0.0
602,165,31,4,2024-10-15 15:47:19,Card,0.0
603,67,10,2,2024-07-16 11:01:19,Cash,0.0
604,627,34,5,2024-04-02 16:55:39,Card,312300.0
605,917,4,1,2025-03-18 15:26:01,Cash,210700.0
606,482,39,5,2024-07-12 10:00:20,Mobile Payment,120400.0
607,665,15,2,2025-09-22 11:42:49,Cash,0.0
608,300,28,4,2024-08-20 11:54:35,Mobile Payment,169000.0
609,638,26,4,2025-06-01 14:40:07,Mobile Payment,0.0
610,304,2,1,2024-07-13 11:42:32,Mobile Payment,0.0
611,855,26,4,2025-06-25 16:20:45,Mobile Payment,67700.0
612,173,19,3,2024-01-07 19:57:59,Mobile Payment,0.0
613,831,34,5,2024-12-26 18:26:37,Cash,570900.0
614,415,23,3,2025-06-30 15:48:10,Card,0.0
615,566,35,5,2024-12-17 14:14:38,Bank Transfer,0.0
616,,33,5,2025-03-31 13:40:30,Bank Transfer,0.0
617,355,25,4,2025-07-29 09:35:50,Bank Transfer,0.0
618,802,29,4,2024-03-18 17:12:51,Mobile Payment,0.0
619,484,20,3,2025-02-12 18:34:51,Cash,0.0
620,42,25,4,2024-11-30 11:07:53,Cash,0.0
621,416,1,1,2025-07-11 11:17:34,Card,385600.0
622,934,36,5,2025-09-25 18:47:30,Bank Transfer,140000.0
623,,30,4,2024-01-14 09:00:13,Cash,0.0
624,,20,3,2024-01-18 14:24:18,Cash,162100.0
625,934,2,1,2025-06-27 16:10:26,Cash,47700.0
626,549,21,3,2024-09-15 11:38:38,Card,0.0
627,908,27,4,2024-05-09 10:20:58,Card,977700.0
628,859,1,1,2024-12-05 12:13:59,Cash,0.0
629,,20,3,2025-09-07 15:20:10,Mobile Payment,84700.0
630,856,22,3,2024-08-11 10:10:44,Cash,0.0
631,459,28,4,2025-10-17 11:40:29,Mobile Payment,0.0
632,513,22,3,2024-06-24 11:37:42,Cash,649300.0
633,418,6,1,2024-11-11 18:05:16,Cash,90500.0
634,880,37,5,2024-04-24 16:07:22,Card,0.0
635,106,4,1,2024-07-18 10:33:13,Bank Transfer,0.0
636,654,8,1,2025-06-02 17:56:11,Cash,58300.0
637,264,10,2,2025-03-31 13:26:20,Mobile Payment,0.0
638,603,13,2,2024-10-12 15:31:05,Bank Transfer,0.0
639,43,22,3,2024-02-23 18:37:36,Bank Transfer,51500.0
640,603,14,2,2024-06-16 10:45:05,Bank Transfer,312800.0
641,410,37,5,2025-09-26 19:39:46,Card,0.0
642,686,1,1,2024-07-02 11:04:28,Bank Transfer,0.0
643,429,8,1,2024-01-15 14:48:37,Mobile Payment,0.0
644,746,2,1,2024-07-05 12:40:01,Cash,384500.0
645,32,26,4,2024-10-08 14:36:00,Bank Transfer,323600.0
646,450,28,4,2024-08-14 14:05:40,Bank Transfer,0.0
647,190,20,3,2024-05-09 19:25:01,Cash,0.0
648,166,16,2,2024-11-10 11:41:55,Cash,0.0
649,482,2,1,2024-02-13 13:20:03,Cash,0.0
650,,40,5,2024-07-29 15:48:25,Card,0.0
651,,14,2,2024-09-04 18:03:45,Cash,135600.0
652,236,6,1,2025-01-30 15:15:37,Cash,0.0
653,,36,5,2025-04-27 16:11:29,Cash,0.0
654,,21,3,2024-03-11 19:26:04,Cash,0.0
655,744,33,5,2024-05-18 16:13:00,Card,162200.0
656,634,4,1,2025-08-29 14:50:13,Card,0.0
657,906,3,1,2024-06-26 17:34:48,Card,0.0
658,25,27,4,2025-05-17 10:29:17,Bank Transfer,0.0
659,864,29,4,2024-02-05 12:19:13,Mobile Payment,0.0
660,637,36,5,2024-08-27 12:25:18,Cash,0.0
661,35,6,1,2024-07-16 17:52:40,Cash,0.0
662,93,18,3,2025-11-01 11:55:55,Bank Transfer,589100.0
663,378,37,5,2024-04-12 18:13:10,Mobile Payment,451900.0
664,292,25,4,2025-08-24 17:30:09,Mobile Payment,69400.0
665,915,20,3,2024-06-25 15:06:06,Cash,0.0
666,286,8,1,2024-01-13 11:34:25,Cash,987200.0
667,44,33,5,2024-01-11 14:29:30,Cash,0.0
668,48,8,1,2024-08-09 18:29:05,Bank Transfer,0.0
669,,8,1,2024-03-18 19:24:31,Cash,401300.0
670,,35,5,2025-07-14 10:30:53,Cash,84800.0
671,185,11,2,2025-01-04 11:05:41,Cash,0.0
672,248,5,1,2024-11-08 16:51:53,Cash,14600.0
673,385,16,2,2025-02-22 10:41:29,Bank Transfer,0.0
674,,38,5,2024-04-24 15:02:08,Card,204100.0
675,610,29,4,2025-09-13 17:56:26,Card,443900.0
676,,16,2,2025-11-04 17:05:36,Cash,68100.0
677,,36,5,2025-02-06 18:46:40,Cash,0.0
678,622,25,4,2025-05-31 11:07:14,Card,241900.0
679,343,16,2,2025-12-03 11:55:00,Cash,0.0
680,831,28,4,2024-10-25 15:29:15,Cash,13100.0
681,,25,4,2024-01-24 18:54:54,Card,0.0
682,798,40,5,2025-09-24 09:24:00,Cash,0.0
683,,29,4,2025-02-01 12:02:03,Card,1016400.0
684,278,18,3,2025-11-09 18:35:41,Cash,0.0
685,801,13,2,2025-11-11 09:04:23,Cash,0.0
686,552,37,5,2024-10-17 18:56:45,Card,76900.0
687,156,3,1,2025-12-24 17:58:05,Mobile Payment,0.0
688,,9,2,2025-06-27 14:32:56,Cash,0.0
689,603,15,2,2024-11-15 11:59:14,Cash,0.0
690,110,14,2,2024-04-19 17:07:43,Bank Transfer,0.0
691,455,8,1,2025-09-08 11:14:03,Cash,20300.0
692,109,12,2,2024-05-10 18:47:59,Cash,80900.0
693,438,30,4,2024-08-17 13:19:24,Bank Transfer,425900.0
694,506,13,2,2025-05-18 11:16:15,Cash,0.0
695,,30,4,2025-12-16 15:09:54,Mobile Payment,0.0
696,470,7,1,2024-04-21 17:19:32,Mobile Payment,55700.0
697,,31,4,2025-07-14 11:07:09,Mobile Payment,59600.0
698,814,9,2,2025-02-13 19:44:17,Mobile Payment,282300.0
699,392,28,4,2024-11-10 12:21:43,Card,0.0
700,572,18,3,2024-04-13 09:11:05,Cash,0.0
701,,23,3,2024-01-05 12:31:09,Bank Transfer,0.0
702,748,2,1,2024-04-01 13:02:00,Mobile Payment,0.0
703,255,39,5,2024-02-16 10:56:40,Mobile Payment,0.0
704,840,2,1,2024-03-19 12:28:21,Cash,0.0
705,71,25,4,2025-04-27 11:49:29,Bank Transfer,0.0
706,875,8,1,2024-06-07 11:57:12,Bank Transfer,36400.0
707,,9,2,2025-04-03 15:35:55,Mobile Payment,0.0
708,316,22,3,2025-04-21 17:02:00,Bank Transfer,423200.0
709,848,7,1,2025-08-22 09:50:24,Cash,30800.0
710,455,18,3,2025-03-23 18:44:07,Bank Transfer,0.0
711,387,4,1,2024-07-21 14:02:52,Mobile Payment,0.0
712,305,11,2,2024-10-22 17:54:18,Cash,0.0
713,106,6,1,2024-08-22 09:09:06,Cash,0.0
714,,38,5,2024-08-26 13:35:05,Cash,0.0
715,985,26,4,2024-11-23 16:15:35,Mobile Payment,0.0
716,830,34,5,2024-12-15 14:16:09,Cash,0.0
717,,21,3,2025-03-08 16:29:09,Cash,0.0
718,325,23,3,2024-09-26 19:30:34,Card,41400.0
719,458,5,1,2025-05-30 14:45:29,Cash,0.0
720,13,13,2,2024-02-16 16:26:27,Card,0.0
721,,31,4,2025-12-09 11:22:38,Mobile Payment,0.0
722,208,5,1,2025-06-13 17:25:37,Cash,18000.0
723,401,35,5,2025-04-30 12:36:26,Card,0.0
724,565,23,3,2025-04-06 09:47:30,Card,0.0
725,249,4,1,2025-06-23 13:09:54,Mobile Payment,0.0
726,763,26,4,2024-04-18 10:53:29,Card,0.0
727,888,14,2,2024-04-26 13:17:53,Card,0.0
728,829,4,1,2025-08-21 11:11:01,Card,390700.0
729,63,4,1,2024-03-23 15:59:12,Mobile Payment,197100.0
730,695,36,5,2024-04-25 16:10:36,Card,0.0
731,844,30,4,2024-09-23 09:10:56,Mobile Payment,0.0
732,524,10,2,2024-06-12 18:07:52,Bank Transfer,0.0
733,209,32,4,2025-02-08 19:21:52,Card,0.0
734,915,38,5,2024-01-24 16:46:00,Card,148300.0
735,997,3,1,2025-09-01 09:10:11,Cash,0.0
736,215,11,2,2024-12-22 12:15:13,Cash,0.0
737,525,17,3,2024-04-26 18:56:46,Cash,377600.0
738,353,36,5,2024-09-08 12:56:10,Cash,238500.0
739,419,36,5,2024-05-05 11:53:50,Cash,285300.0
740,545,31,4,2024-07-21 10:30:29,Cash,0.0
741,,4,1,2025-04-03 14:39:50,Cash,0.0
742,630,27,4,2025-03-09 13:30:20,Bank Transfer,0.0
743,5,39,5,2024-05-03 16:51:49,Card,131300.0
744,560,10,2,2024-03-05 14:44:14,Cash,0.0
745,622,5,1,2024-08-31 19:53:03,Card,0.0
746,744,10,2,2025-05-28 17:15:45,Mobile Payment,0.0
747,728,5,1,2025-07-09 16:31:02,Cash,502000.0
748,566,3,1,2024-12-14 16:45:34,Cash,0.0
749,508,27,4,2025-02-18 11:01:47,Card,0.0
750,521,7,1,2024-06-21 17:10:11,Cash,0.0
751,800,27,4,2024-11-03 16:11:35,Mobile Payment,0.0
752,169,39,5,2025-02-07 11:53:44,Card,0.0
753,61,28,4,2024-07-08 10:30:53,Cash,0.0
754,,14,2,2024-07-24 17:39:11,Cash,0.0
755,61,7,1,2024-01-22 17:09:29,Cash,0.0
756,645,8,1,2025-03-22 11:25:18,Bank Transfer,31800.0
757,140,8,1,2025-03-11 19:09:54,Cash,101900.0
758,968,7,1,2024-12-23 13:57:52,Cash,0.0
759,223,25,4,2025-03-08 12:50:16,Bank Transfer,0.0
760,983,18,3,2025-06-07 17:28:01,Mobile Payment,0.0
761,311,29,4,2024-09-30 13:04:49,Cash,0.0
762,865,24,3,2025-08-06 09:10:22,Card,317500.0
763,533,18,3,2025-10-30 09:00:38,Mobile Payment,183000.0
764,126,33,5,2024-02-03 18:49:14,Cash,0.0
765,403,5,1,2024-08-15 16:32:58,Cash,0.0
766,,23,3,2024-09-19 15:54:29,Mobile Payment,779700.0
767,177,38,5,2025-06-13 18:36:02,Card,0.0
768,439,20,3,2025-01-07 15:48:56,Mobile Payment,0.0
769,348,12,2,2024-01-28 15:30:41,Cash,0.0
770,737,31,4,2025-05-01 18:41:17,Cash,357700.0
771,264,33,5,2025-01-31 16:48:13,Cash,0.0
772,,17,3,2025-11-17 19:19:36,Mobile Payment,0.0
773,97,32,4,2024-01-31 15:25:13,Mobile Payment,0.0
774,754,8,1,2024-07-15 18:37:11,Mobile Payment,0.0
775,297,35,5,2025-03-04 14:56:49,Card,28400.0
776,803,29,4,2024-06-10 09:13:45,Bank Transfer,520400.0
777,756,39,5,2025-04-05 09:24:38,Cash,0.0
778,404,13,2,2024-08-25 17:58:32,Bank Transfer,0.0
779,7,8,1,2025-07-05 10:26:30,Cash,261800.0
780,911,33,5,2024-04-15 15:41:54,Mobile Payment,0.0
781,64,35,5,2025-02-26 19:19:02,Cash,0.0
782,615,8,1,2024-06-12 15:09:33,Card,273000.0
783,320,38,5,2025-08-01 11:41:41,Cash,313500.0
784,,26,4,2024-06-24 16:25:25,Card,283500.0
785,403,15,2,2024-07-18 19:57:56,Cash,0.0
786,976,2,1,2024-07-01 09:47:47,Mobile Payment,0.0
787,283,2,1,2024-06-08 12:29:23,Card,0.0
788,322,15,2,2025-10-26 16:00:08,Cash,0.0
789,934,29,4,2025-05-28 10:44:34,Cash,0.0
790,557,32,4,2024-09-11 17:23:17,Card,695000.0
791,302,11,2,2024-02-21 13:11:38,Cash,97100.0
792,864,39,5,2024-06-30 12:57:22,Mobile Payment,0.0
793,,27,4,2025-01-16 15:00:19,Cash,0.0
794,785,10,2,2024-12-01 12:38:33,Cash,0.0
795,,5,1,2025-10-29 19:14:54,Cash,0.0
796,917,9,2,2025-08-28 18:34:27,Bank Transfer,0.0
797,39,9,2,2025-06-15 11:14:21,Card,369100.0
798,49,39,5,2024-05-08 18:52:49,Bank Transfer,0.0
799,729,7,1,2025-08-08 14:30:09,Mobile Payment,0.0
800,504,20,3,2024-03-15 19:12:30,Mobile Payment,0.0
801,,8,1,2024-12-24 09:14:26,Card,0.0
802,224,36,5,2025-06-12 16:12:13,Cash,0.0
803,739,17,3,2024-10-04 16:27:01,Card,0.0
804,95,8,1,2025-02-27 14:04:49,Mobile Payment,0.0
805,49,18,3,2024-10-01 14:24:12,Bank Transfer,0.0
806,822,2,1,2024-11-24 16:16:17,Cash,0.0
807,17,25,4,2024-02-21 13:00:37,Bank Transfer,65300.0
808,,35,5,2024-07-01 10:51:34,Cash,76200.0
809,683,39,5,2025-12-01 13:40:44,Card,0.0
810,287,7,1,2024-10-16 15:45:38,Bank Transfer,277800.0
811,724,21,3,2024-01-22 17:58:32,Card,0.0
812,906,2,1,2025-09-05 18:05:34,Bank Transfer,0.0
813,279,38,5,2025-07-28 09:21:10,Cash,0.0
814,9,11,2,2024-01-19 14:14:38,Card,1336700.0
815,920,23,3,2024-03-16 18:36:21,Cash,0.0
816,165,3,1,2025-01-28 10:47:34,Cash,0.0
817,10,28,4,2024-02-12 15:25:15,Cash,0.0
818,,17,3,2025-09-30 17:37:07,Cash,0.0
819,202,3,1,2025-01-08 11:01:38,Bank Transfer,0.0
820,67,15,2,2024-02-12 09:39:45,Cash,0.0
821,,20,3,2025-06-10 10:07:35,Card,129800.0
822,188,27,4,2024-06-20 18:50:43,Card,456900.0
823,,7,1,2024-05-22 13:34:27,Cash,0.0
824,96,12,2,2024-12-27 10:23:32,Cash,0.0
825,,7,1,2025-05-23 10:20:27,Card,153700.0
826,442,7,1,2024-09-27 14:13:06,Bank Transfer,0.0
827,144,23,3,2025-08-17 12:27:21,Card,0.0
828,65,40,5,2025-02-09 17:00:23,Mobile Payment,651700.0
829,581,16,2,2024-08-05 19:08:13,Cash,0.0
830,336,32,4,2025-01-20 18:55:37,Cash,123800.0
831,937,19,3,2024-02-17 11:15:43,Cash,23400.0
832,938,24,3,2025-11-06 10:38:37,Bank Transfer,923800.0
833,96,8,1,2024-11-27 15:36:44,Cash,0.0
834,507,32,4,2025-04-23 16:13:13,Mobile Payment,122200.0
835,48,25,4,2024-07-31 17:23:03,Cash,146000.0
836,,8,1,2025-12-26 13:46:03,Card,0.0
837,539,32,4,2025-03-06 11:23:36,Mobile Payment,0.0
838,613,23,3,2024-09-25 15:46:04,Cash,0.0
839,560,37,5,2025-09-04 10:16:38,Card,335100.0
840,851,29,4,2024-08-09 11:08:47,Cash,0.0
841,986,34,5,2025-11-07 10:21:39,Cash,0.0
842,737,11,2,2024-07-16 18:33:45,Cash,0.0
843,739,35,5,2024-05-11 12:28:33,Cash,168000.0
844,759,38,5,2025-02-14 13:29:47,Card,0.0
845,340,36,5,2024-01-04 18:54:58,Cash,0.0
846,487,31,4,2024-05-15 09:06:26,Bank Transfer,698900.0
847,7,30,4,2024-04-12 11:16:30,Cash,0.0
848,,35,5,2024-10-25 19:03:22,Cash,0.0
849,7,18,3,2025-06-08 18:39:30,Cash,0.0
850,,8,1,2024-01-21 12:26:12,Bank Transfer,0.0
851,703,17,3,2025-07-07 18:47:34,Mobile Payment,61000.0
852,988,8,1,2025-09-02 16:55:54,Card,124500.0
853,539,29,4,2025-06-23 09:19:20,Cash,0.0
854,653,13,2,2025-11-24 09:56:21,Mobile Payment,31500.0
855,218,4,1,2024-04-02 14:58:33,Cash,121700.0
856,486,40,5,2025-11-11 16:30:18,Cash,0.0
857,194,19,3,2024-07-25 09:32:33,Mobile Payment,0.0
858,254,18,3,2025-08-07 15:10:15,Cash,0.0
859,862,8,1,2024-07-16 09:24:25,Cash,0.0
860,532,37,5,2025-02-28 18:35:37,Mobile Payment,0.0
861,855,25,4,2024-06-04 11:14:30,Cash,0.0
862,92,37,5,2025-04-22 16:37:20,Bank Transfer,0.0
863,,33,5,2025-04-08 12:29:32,Card,0.0
864,399,39,5,2024-06-20 15:52:35,Card,0.0
865,176,31,4,2024-03-22 11:15:37,Cash,0.0
866,,3,1,2024-01-28 19:52:31,Card,0.0
867,803,15,2,2025-07-20 18:57:14,Card,0.0
868,725,36,5,2024-07-14 14:22:44,Card,0.0
869,799,25,4,2025-01-01 11:41:05,Bank Transfer,0.0
870,140,18,3,2024-11-11 16:03:41,Mobile Payment,0.0
871,686,1,1,2025-08-19 19:28:56,Card,0.0
872,584,22,3,2025-03-12 17:18:16,Card,0.0
873,765,17,3,2024-03-08 15:13:08,Cash,0.0
874,151,24,3,2025-12-24 11:38:58,Bank Transfer,0.0
875,793,3,1,2025-08-01 10:21:35,Bank Transfer,0.0
876,,20,3,2025-08-20 15:51:24,Card,0.0
877,830,27,4,2024-05-05 14:47:40,Cash,0.0
878,,7,1,2024-03-06 16:00:21,Cash,0.0
879,551,18,3,2024-08-21 13:53:17,Bank Transfer,0.0
880,207,29,4,2024-01-27 11:37:51,Card,39500.0
881,213,17,3,2025-08-11 19:37:24,Cash,210000.0
882,,28,4,2024-10-11 11:51:58,Mobile Payment,0.0
883,,32,4,2025-01-01 18:47:01,Mobile Payment,190500.0
884,569,14,2,2024-03-05 16:19:54,Card,0.0
885,949,27,4,2025-01-23 12:04:36,Cash,0.0
886,913,17,3,2024-01-27 12:59:54,Cash,0.0
887,271,36,5,2025-08-09 09:19:30,Cash,0.0
888,252,40,5,2025-06-22 17:29:37,Cash,321800.0
889,393,17,3,2024-03-02 10:46:44,Cash,18300.0
890,,39,5,2024-06-23 19:06:51,Mobile Payment,0.0
891,69,38,5,2025-03-09 13:08:21,Card,0.0
892,319,12,2,2024-03-14 14:16:11,Cash,0.0
893,144,22,3,2025-12-13 09:43:20,Cash,110900.0
894,410,35,5,2024-01-20 10:55:25,Cash,273700.0
895,688,11,2,2025-11-11 11:03:23,Cash,0.0
896,571,11,2,2024-09-06 18:16:21,Bank Transfer,51700.0
897,534,40,5,2025-03-14 09:11:16,Card,0.0
898,881,32,4,2025-10-13 19:30:40,Cash,0.0
899,88,19,3,2025-01-27 15:23:52,Cash,0.0
900,347,29,4,2024-04-17 13:30:50,Cash,0.0
901,463,20,3,2025-07-28 18:44:44,Cash,0.0
902,97,32,4,2025-08-29 11:19:06,Cash,0.0
903,455,14,2,2024-10-04 12:42:18,Card,0.0
904,834,35,5,2024-10-30 18:30:37,Bank Transfer,0.0
905,331,16,2,2024-03-31 09:15:01,Card,0.0
906,639,5,1,2025-07-03 18:27:52,Mobile Payment,88000.0
907,974,5,1,2025-02-11 12:37:49,Card,0.0
908,946,15,2,2025-12-20 13:22:48,Mobile Payment,284700.0
909,,37,5,2025-06-01 19:05:42,Bank Transfer,279000.0
910,,36,5,2024-08-11 14:14:38,Cash,68700.0
911,,13,2,2025-08-22 09:48:48,Cash,0.0
912,,28,4,2025-12-03 13:34:50,Cash,88600.0
913,921,18,3,2024-04-16 15:00:18,Bank Transfer,0.0
914,618,9,2,2024-06-03 17:35:53,Mobile Payment,148800.0
915,358,4,1,2024-10-25 11:07:54,Card,669300.0
916,461,26,4,2025-05-12 18:06:13,Cash,49900.0
917,871,11,2,2025-12-23 10:37:43,Mobile Payment,306900.0
918,409,26,4,2025-09-14 12:27:30,Card,0.0
919,703,1,1,2025-10-14 16:19:39,Mobile Payment,0.0
920,460,6,1,2024-10-17 09:04:45,Cash,145400.0
921,463,22,3,2024-06-20 14:11:48,Mobile Payment,95700.0
922,456,37,5,2025-06-17 17:58:58,Bank Transfer,830400.0
923,450,23,3,2025-04-07 14:42:58,Cash,0.0
924,542,8,1,2024-06-08 15:25:08,Card,0.0
925,869,5,1,2025-10-31 13:07:53,Cash,22700.0
926,927,31,4,2025-07-08 18:03:43,Mobile Payment,224700.0
927,723,2,1,2024-12-25 19:10:08,Cash,0.0
928,2,12,2,2025-01-01 18:37:38,Cash,137400.0
929,441,2,1,2024-09-09 14:42:01,Cash,0.0
930,21,8,1,2025-06-20 12:01:08,Mobile Payment,0.0
931,176,20,3,2024-11-04 10:39:21,Mobile Payment,0.0
932,,32,4,2024-10-21 19:08:35,Cash,0.0
933,265,24,3,2025-07-26 19:45:01,Card,0.0
934,610,15,2,2025-09-02 18:00:20,Cash,49600.0
935,,37,5,2024-07-10 18:57:47,Card,296600.0
936,546,22,3,2025-03-30 09:05:25,Card,504600.0
937,332,35,5,2025-10-17 18:54:25,Card,0.0
938,523,5,1,2024-03-22 16:45:08,Cash,0.0
939,97,39,5,2024-01-16 11:17:10,Cash,0.0
940,,6,1,2025-10-17 17:58:51,Cash,0.0
941,192,10,2,2025-03-29 11:06:31,Bank Transfer,547700.0
942,7,35,5,2025-02-19 15:38:13,Cash,0.0
943,572,33,5,2024-04-18 18:15:41,Bank Transfer,14400.0
944,426,38,5,2025-03-16 10:24:09,Cash,193400.0
945,319,35,5,2024-08-20 09:18:50,Cash,0.0
946,401,34,5,2024-10-18 14:24:18,Mobile Payment,0.0
947,659,34,5,2024-03-23 19:28:31,Bank Transfer,0.0
948,138,26,4,2024-05-08 09:50:36,Mobile Payment,104800.0
949,30,7,1,2025-05-04 19:35:43,Cash,0.0
950,452,35,5,2024-03-14 11:24:52,Bank Transfer,154500.0
951,547,20,3,2024-01-23 09:01:47,Mobile Payment,0.0
952,944,4,1,2024-05-26 13:27:22,Card,0.0
953,588,18,3,2025-05-17 19:35:12,Card,0.0
954,240,7,1,2024-12-27 11:44:27,Card,0.0
955,641,30,4,2025-11-19 15:20:59,Card,0.0
956,24,13,2,2025-08-14 13:45:23,Cash,0.0
957,197,18,3,2024-05-26 19:03:55,Mobile Payment,179400.0
958,5,10,2,2024-11-04 15:55:50,Cash,0.0
959,177,5,1,2024-12-19 16:46:36,Cash,0.0
960,88,12,2,2024-07-16 16:41:46,Mobile Payment,0.0
961,,28,4,2025-02-20 19:14:42,Mobile Payment,0.0
962,827,21,3,2024-05-09 15:52:16,Cash,402500.0
963,957,6,1,2025-10-17 19:16:38,Card,414500.0
964,1,4,1,2025-01-18 09:52:41,Cash,0.0
965,,9,2,2024-10-19 13:40:04,Cash,187700.0
966,750,20,3,2025-06-18 19:41:06,Cash,99000.0
967,564,7,1,2025-06-12 14:24:18,Mobile Payment,0.0
968,732,16,2,2025-11-03 10:25:57,Card,0.0
969,590,39,5,2024-04-25 10:36:36,Card,0.0
970,745,6,1,2025-07-03 12:23:12,Card,158100.0
971,133,35,5,2024-10-16 11:24:25,Card,0.0
972,228,32,4,2025-09-11 12:00:52,Cash,0.0
973,987,36,5,2024-09-18 14:04:40,Cash,49900.0
974,702,40,5,2024-07-14 09:34:58,Cash,0.0
975,360,32,4,2025-04-11 10:07:56,Cash,73100.0
976,,1,1,2025-03-29 10:09:04,Cash,0.0
977,666,32,4,2024-04-06 18:53:59,Mobile Payment,0.0
978,515,31,4,2024-10-30 09:38:39,Card,0.0
979,542,19,3,2024-06-14 13:08:43,Cash,0.0
980,,34,5,2024-09-21 12:39:45,Cash,0.0
981,251,6,1,2024-02-08 10:02:04,Card,0.0
982,249,13,2,2025-04-24 14:38:29,Cash,0.0
983,144,35,5,2024-04-20 13:36:25,Mobile Payment,0.0
984,,20,3,2024-06-08 09:56:13,Mobile Payment,0.0
985,796,35,5,2024-11-13 15:34:21,Mobile Payment,0.0
986,454,25,4,2024-11-23 10:37:01,Cash,0.0
987,511,12,2,2024-11-23 15:54:41,Card,0.0
988,,36,5,2024-03-08 17:28:33,Cash,0.0
989,58,35,5,2025-10-01 19:03:39,Mobile Payment,0.0
990,105,2,1,2024-05-23 11:43:40,Cash,0.0
991,521,36,5,2025-11-21 12:00:55,Mobile Payment,335900.0
992,38,36,5,2025-04-30 15:46:55,Mobile Payment,161400.0
993,437,27,4,2025-11-04 17:34:51,Mobile Payment,227800.0
994,519,27,4,2025-04-15 15:11:37,Card,72800.0
995,789,7,1,2024-11-28 11:11:35,Bank Transfer,211600.0
996,724,40,5,2025-05-06 16:09:27,Mobile Payment,0.0
997,392,33,5,2024-11-20 09:59:04,Cash,23400.0
998,560,14,2,2025-02-09 14:51:05,Cash,0.0
999,312,17,3,2024-01-05 18:11:16,Card,25800.0
1000,,3,1,2025-08-26 12:01:07,Mobile Payment,0.0
1001,550,8,1,2024-10-08 11:36:48,Bank Transfer,274200.0
1002,30,27,4,2024-02-12 09:50:31,Mobile Payment,0.0
1003,534,16,2,2025-10-12 13:01:44,Mobile Payment,0.0
1004,340,29,4,2024-02-20 15:34:57,Cash,160200.0
1005,354,31,4,2024-12-28 17:12:42,Card,0.0
1006,451,32,4,2024-08-09 15:25:53,Cash,303400.0
1007,854,37,5,2024-09-06 11:49:56,Card,216600.0
1008,969,17,3,2024-11-08 14:51:03,Cash,0.0
1009,880,8,1,2024-07-20 13:11:58,Mobile Payment,0.0
1010,976,22,3,2025-11-13 19:43:00,Cash,0.0
1011,762,9,2,2024-11-03 14:01:42,Cash,0.0
1012,476,20,3,2024-08-17 16:39:54,Cash,0.0
1013,,30,4,2024-07-08 16:52:16,Card,233000.0
1014,581,22,3,2024-10-26 14:05:16,Mobile Payment,256500.0
1015,434,20,3,2025-12-06 16:44:02,Cash,0.0
1016,561,26,4,2024-05-23 10:42:20,Mobile Payment,51900.0
1017,627,31,4,2024-06-12 09:37:39,Card,128900.0
1018,876,18,3,2025-03-22 16:03:19,Cash,0.0
1019,771,3,1,2024-08-08 13:50:14,Mobile Payment,0.0
1020,635,19,3,2024-02-28 11:23:38,Cash,40600.0
1021,780,16,2,2025-01-05 14:28:24,Bank Transfer,211200.0
1022,404,4,1,2025-10-24 13:15:27,Cash,46700.0
1023,818,10,2,2025-11-20 16:38:08,Mobile Payment,0.0
1024,,8,1,2024-08-22 18:09:10,Card,0.0
1025,704,32,4,2024-04-26 09:22:08,Card,0.0
1026,13,6,1,2024-07-20 09:16:17,Mobile Payment,0.0
1027,361,16,2,2025-07-22 18:02:56,Bank Transfer,0.0
1028,382,13,2,2025-02-21 19:44:29,Bank Transfer,0.0
1029,105,2,1,2024-09-06 17:42:08,Cash,62400.0
1030,948,35,5,2025-01-05 12:11:02,Cash,350500.0
1031,722,8,1,2024-09-08 15:38:00,Card,121900.0
1032,945,5,1,2025-12-16 10:49:03,Cash,0.0
1033,,38,5,2024-04-16 11:13:29,Cash,0.0
1034,180,40,5,2024-05-25 18:25:22,Bank Transfer,0.0
1035,167,7,1,2024-05-24 15:15:37,Cash,132900.0
1036,767,24,3,2024-07-31 16:06:12,Card,0.0
1037,593,23,3,2024-03-11 13:19:50,Cash,327400.0
1038,390,26,4,2025-12-01 13:11:40,Cash,0.0
1039,435,15,2,2024-09-25 16:01:53,Cash,0.0
1040,190,28,4,2025-12-07 10:48:22,Bank Transfer,0.0
1041,,30,4,2025-09-04 12:17:04,Cash,0.0
1042,120,11,2,2024-10-14 16:07:33,Card,0.0
1043,872,30,4,2025-11-24 16:33:39,Bank Transfer,723800.0
1044,491,10,2,2025-05-17 10:07:17,Mobile Payment,0.0
1045,242,23,3,2024-09-06 10:26:12,Card,1563800.0
1046,,9,2,2025-02-05 17:10:44,Mobile Payment,0.0
1047,,7,1,2024-08-15 12:26:58,Mobile Payment,0.0
1048,696,5,1,2025-12-06 18:53:03,Cash,0.0
1049,183,23,3,2024-08-28 19:38:58,Cash,0.0
1050,943,14,2,2025-07-25 10:40:47,Cash,108400.0
1051,298,12,2,2025-02-19 09:07:44,Card,0.0
1052,78,22,3,2024-08-27 10:20:24,Bank Transfer,0.0
1053,392,33,5,2025-10-28 18:27:44,Mobile Payment,0.0
1054,404,10,2,2025-04-16 16:40:49,Bank Transfer,0.0
1055,,15,2,2025-04-08 09:30:44,Card,298100.0
1056,996,11,2,2024-10-03 10:44:39,Cash,99700.0
1057,380,21,3,2024-10-01 11:18:48,Cash,0.0
1058,9,39,5,2025-11-04 10:21:26,Bank Transfer,0.0
1059,,25,4,2024-11-23 13:53:40,Mobile Payment,0.0
1060,619,35,5,2024-02-06 19:11:15,Card,240700.0
1061,261,4,1,2025-09-15 19:01:53,Mobile Payment,142800.0
1062,922,12,2,2024-10-03 15:12:12,Card,0.0
1063,470,37,5,2024-02-08 17:27:49,Cash,0.0
1064,27,38,5,2024-12-17 09:28:17,Card,0.0
1065,515,21,3,2025-05-06 19:55:00,Mobile Payment,0.0
1066,5,5,1,2025-04-13 10:51:35,Cash,0.0
1067,620,39,5,2025-11-13 15:33:27,Card,362800.0
1068,128,25,4,2024-03-28 13:39:28,Cash,483800.0
1069,664,23,3,2025-03-18 14:00:41,Bank Transfer,0.0
1070,534,19,3,2024-07-28 13:44:13,Bank Transfer,694200.0
1071,401,23,3,2025-02-22 18:50:14,Cash,0.0
1072,,24,3,2024-05-07 13:02:54,Cash,0.0
1073,566,7,1,2024-09-12 17:41:18,Mobile Payment,548800.0
1074,,30,4,2024-03-27 18:41:13,Cash,354400.0
1075,828,28,4,2024-09-16 13:43:18,Cash,33900.0
1076,695,12,2,2024-08-15 14:28:43,Bank Transfer,0.0
1077,483,32,4,2025-03-14 11:43:26,Cash,0.0
1078,449,40,5,2025-05-22 13:50:31,Bank Transfer,256600.0
1079,667,17,3,2024-09-02 16:24:29,Cash,0.0
1080,119,18,3,2024-11-11 18:28:22,Cash,0.0
1081,186,17,3,2025-02-22 14:25:22,Cash,0.0
1082,864,23,3,2025-01-09 12:21:11,Cash,0.0
1083,108,1,1,2024-09-23 16:01:54,Cash,0.0
1084,,39,5,2024-11-17 10:05:35,Mobile Payment,0.0
1085,,21,3,2025-04-26 16:27:59,Bank Transfer,0.0
1086,137,27,4,2025-12-26 18:01:47,Cash,105100.0
1087,723,12,2,2024-01-04 11:36:45,Mobile Payment,992800.0
1088,317,39,5,2025-01-20 09:19:31,Cash,107000.0
1089,24,9,2,2024-07-11 14:38:16,Mobile Payment,424900.0
1090,,31,4,2024-11-13 16:30:19,Cash,79100.0
1091,108,20,3,2024-09-30 15:49:20,Cash,0.0
1092,957,3,1,2025-07-21 15:21:23,Mobile Payment,0.0
1093,608,34,5,2025-07-14 09:46:03,Cash,0.0
1094,855,13,2,2024-06-09 10:44:38,Card,0.0
1095,511,4,1,2024-09-12 10:21:56,Cash,13100.0
1096,63,8,1,2025-03-27 17:05:42,Bank Transfer,0.0
1097,254,22,3,2024-11-06 10:50:35,Card,0.0
1098,,19,3,2024-02-26 15:19:43,Bank Transfer,0.0
1099,881,34,5,2024-01-18 09:57:48,Bank Transfer,0.0
1100,,15,2,2025-05-30 11:09:43,Mobile Payment,0.0
1101,754,39,5,2024-05-29 09:33:12,Card,0.0
1102,182,11,2,2025-07-18 19:29:03,Cash,493400.0
1103,,13,2,2024-07-14 17:29:07,Cash,481700.0
1104,49,3,1,2025-10-08 17:25:01,Cash,0.0
1105,836,24,3,2024-09-26 16:51:25,Mobile Payment,0.0
1106,119,38,5,2025-03-22 15:44:16,Mobile Payment,0.0
1107,780,32,4,2025-01-25 14:27:44,Bank Transfer,0.0
1108,881,11,2,2025-08-28 09:56:05,Bank Transfer,0.0
1109,24,24,3,2024-03-22 18:39:00,Cash,0.0
1110,90,20,3,2025-07-27 11:45:36,Card,0.0
1111,459,36,5,2025-08-25 14:56:05,Card,0.0
1112,865,23,3,2025-10-03 17:47:49,Cash,0.0
1113,,11,2,2025-07-03 09:48:48,Cash,0.0
1114,515,29,4,2025-11-28 15:31:58,Card,238600.0
1115,269,40,5,2024-12-08 11:05:14,Cash,0.0
1116,120,16,2,2024-10-08 17:45:29,Mobile Payment,0.0
1117,799,15,2,2025-03-30 14:48:07,Cash,141000.0
1118,661,29,4,2024-04-24 18:25:28,Cash,0.0
1119,780,28,4,2024-02-08 10:48:47,Bank Transfer,0.0
1120,585,13,2,2025-11-09 18:10:30,Cash,0.0
1121,7,5,1,2024-01-09 12:12:58,Cash,169500.0
1122,859,6,1,2024-09-07 18:09:57,Mobile Payment,0.0
1123,591,16,2,2024-05-19 09:40:21,Mobile Payment,0.0
1124,572,14,2,2024-02-13 11:05:56,Mobile Payment,194200.0
1125,546,15,2,2024-07-05 15:16:13,Cash,386200.0
1126,638,18,3,2025-11-13 18:44:36,Card,0.0
1127,327,21,3,2024-04-08 13:38:49,Bank Transfer,0.0
1128,460,14,2,2025-11-09 18:30:17,Cash,0.0
1129,154,13,2,2024-08-15 15:34:30,Cash,179000.0
1130,140,33,5,2025-05-13 15:44:15,Cash,0.0
1131,305,2,1,2024-12-07 19:16:29,Mobile Payment,0.0
1132,136,14,2,2025-01-09 16:32:21,Cash,70600.0
1133,163,28,4,2025-09-26 19:20:09,Card,0.0
1134,185,13,2,2025-10-05 19:07:49,Cash,0.0
1135,965,26,4,2024-09-17 16:42:37,Cash,100900.0
1136,173,16,2,2024-10-17 14:45:49,Card,87700.0
1137,798,2,1,2025-03-24 09:24:29,Cash,0.0
1138,116,22,3,2025-11-27 10:25:57,Bank Transfer,0.0
1139,995,32,4,2025-02-15 19:15:22,Card,321400.0
1140,490,9,2,2024-03-17 13:12:03,Cash,0.0
1141,26,39,5,2025-03-28 10:44:17,Cash,0.0
1142,438,19,3,2025-02-03 09:32:11,Cash,0.0
1143,480,12,2,2024-06-19 10:16:40,Mobile Payment,94100.0
1144,353,37,5,2025-02-07 14:28:16,Cash,51400.0
1145,771,2,1,2025-06-17 10:51:49,Mobile Payment,0.0
1146,748,34,5,2025-12-07 18:13:28,Card,0.0
1147,,5,1,2025-01-26 19:08:10,Cash,58800.0
1148,658,15,2,2024-01-12 12:00:32,Mobile Payment,0.0
1149,222,31,4,2024-04-21 17:15:49,Bank Transfer,0.0
1150,826,27,4,2024-04-06 16:09:02,Mobile Payment,0.0
1151,619,36,5,2024-02-15 12:56:52,Mobile Payment,0.0
1152,284,20,3,2025-09-15 19:01:24,Mobile Payment,0.0
1153,,40,5,2025-11-30 09:07:35,Mobile Payment,207100.0
1154,555,6,1,2024-09-09 10:38:15,Bank Transfer,0.0
1155,,8,1,2025-01-10 13:32:00,Mobile Payment,0.0
1156,419,1,1,2025-02-22 14:28:15,Mobile Payment,199000.0
1157,143,18,3,2024-01-27 11:47:05,Cash,0.0
1158,910,40,5,2025-08-02 18:00:59,Mobile Payment,276100.0
1159,781,25,4,2025-08-09 13:04:08,Cash,0.0
1160,174,38,5,2024-08-01 12:28:24,Mobile Payment,0.0
1161,831,1,1,2025-02-01 13:14:19,Mobile Payment,0.0
1162,,30,4,2025-05-26 13:55:21,Cash,0.0
1163,528,28,4,2024-04-29 17:05:22,Mobile Payment,0.0
1164,,21,3,2025-05-03 15:53:07,Cash,474200.0
1165,,13,2,2025-06-03 14:17:43,Cash,0.0
1166,302,23,3,2024-01-12 15:24:46,Mobile Payment,0.0
1167,435,25,4,2025-10-31 12:36:36,Cash,0.0
1168,377,26,4,2025-11-17 10:03:28,Cash,0.0
1169,362,13,2,2024-07-25 11:14:12,Cash,0.0
1170,3,7,1,2025-08-02 13:45:14,Cash,0.0
1171,276,19,3,2025-09-05 13:05:08,Card,199700.0
1172,202,33,5,2024-09-19 11:23:22,Card,0.0
1173,558,14,2,2024-12-07 09:30:35,Card,0.0
1174,,10,2,2024-09-12 10:58:30,Mobile Payment,0.0
1175,997,16,2,2025-08-02 17:49:30,Card,35900.0
1176,444,27,4,2025-08-13 10:30:58,Cash,0.0
1177,,33,5,2025-04-27 09:01:20,Cash,0.0
1178,,11,2,2025-12-21 19:48:00,Mobile Payment,196300.0
1179,,10,2,2024-02-26 13:25:26,Card,249900.0
1180,470,15,2,2024-02-26 16:34:58,Bank Transfer,0.0
1181,970,7,1,2024-02-20 10:55:16,Cash,0.0
1182,,34,5,2025-09-27 19:29:00,Cash,0.0
1183,52,9,2,2025-09-24 11:22:04,Cash,0.0
1184,128,20,3,2025-05-03 18:21:32,Cash,794000.0
1185,326,18,3,2024-11-13 11:19:35,Card,0.0
1186,700,10,2,2024-07-01 13:41:36,Bank Transfer,500400.0
1187,926,20,3,2025-10-12 13:12:40,Cash,0.0
1188,,9,2,2024-06-09 18:58:36,Mobile Payment,78800.0
1189,10,25,4,2025-10-03 09:46:03,Bank Transfer,342000.0
1190,160,31,4,2025-12-12 11:08:23,Mobile Payment,0.0
1191,174,17,3,2024-04-12 19:21:09,Mobile Payment,95300.0
1192,791,30,4,2025-03-07 18:50:00,Cash,0.0
1193,333,24,3,2024-11-09 11:10:36,Mobile Payment,0.0
1194,,24,3,2024-08-29 15:20:00,Cash,0.0
1195,995,5,1,2024-11-04 11:28:32,Bank Transfer,0.0
1196,816,7,1,2025-09-26 16:38:09,Cash,0.0
1197,23,36,5,2024-11-09 12:43:36,Cash,0.0
1198,344,12,2,2024-01-21 16:14:17,Cash,543400.0
1199,212,6,1,2024-03-15 15:03:08,Cash,0.0
1200,939,17,3,2024-10-06 11:09:57,Bank Transfer,0.0
1201,961,8,1,2025-06-13 10:37:05,Mobile Payment,0.0
1202,945,22,3,2025-05-23 10:57:59,Cash,0.0
1203,608,28,4,2024-11-19 11:00:55,Card,0.0
1204,923,30,4,2025-11-14 19:26:38,Cash,0.0
1205,,33,5,2025-08-30 09:06:02,Cash,0.0
1206,190,4,1,2024-02-09 13:51:57,Cash,0.0
1207,654,38,5,2024-03-31 17:52:43,Mobile Payment,0.0
1208,,27,4,2025-01-24 16:11:33,Card,0.0
1209,660,34,5,2025-11-20 19:55:18,Cash,108300.0
1210,840,4,1,2024-02-20 15:38:28,Mobile Payment,457200.0
1211,,5,1,2025-01-31 16:16:36,Card,0.0
1212,547,26,4,2024-03-27 15:19:22,Bank Transfer,0.0
1213,,28,4,2025-08-25 11:01:46,Cash,0.0
1214,192,7,1,2025-05-22 17:30:06,Mobile Payment,26200.0
1215,38,17,3,2024-05-21 14:52:18,Bank Transfer,0.0
1216,442,23,3,2024-04-09 15:13:00,Cash,168600.0
1217,777,37,5,2025-09-25 12:01:31,Cash,52200.0
1218,124,27,4,2025-06-08 18:31:44,Card,53000.0
1219,673,3,1,2024-08-17 13:02:23,Card,0.0
1220,918,9,2,2024-12-10 10:26:25,Card,0.0
1221,460,21,3,2025-05-12 19:39:02,Mobile Payment,187500.0
1222,357,21,3,2024-11-06 11:00:09,Bank Transfer,0.0
1223,329,16,2,2024-08-28 16:04:19,Mobile Payment,817400.0
1224,155,39,5,2024-01-07 15:05:01,Mobile Payment,0.0
1225,294,27,4,2024-11-07 16:26:35,Cash,0.0
1226,460,18,3,2025-12-15 12:10:20,Mobile Payment,84400.0
1227,827,32,4,2024-04-12 13:42:52,Cash,0.0
1228,439,29,4,2024-11-18 16:08:48,Bank Transfer,135000.0
1229,732,29,4,2024-09-21 18:40:37,Card,0.0
1230,,3,1,2025-10-07 15:19:04,Cash,68800.0
1231,883,33,5,2024-12-22 16:59:25,Mobile Payment,119400.0
1232,30,14,2,2024-08-19 15:02:24,Cash,0.0
1233,764,29,4,2025-06-04 13:33:04,Cash,0.0
1234,275,16,2,2024-11-16 18:58:19,Mobile Payment,0.0
1235,528,17,3,2024-06-23 10:17:18,Cash,0.0
1236,611,30,4,2025-01-18 11:14:36,Mobile Payment,0.0
1237,446,5,1,2025-09-24 18:37:11,Mobile Payment,0.0
1238,666,28,4,2024-04-16 16:13:36,Bank Transfer,0.0
1239,289,14,2,2025-06-22 15:54:21,Mobile Payment,0.0
1240,207,5,1,2025-12-19 10:59:15,Mobile Payment,0.0
1241,597,27,4,2024-05-01 10:24:08,Bank Transfer,0.0
1242,534,40,5,2024-01-16 10:18:42,Cash,0.0
1243,178,26,4,2025-07-07 15:25:47,Cash,213900.0
1244,700,1,1,2025-11-13 10:50:50,Mobile Payment,0.0
1245,841,28,4,2025-07-29 13:50:16,Bank Transfer,540800.0
1246,403,35,5,2025-11-01 12:33:54,Mobile Payment,163100.0
1247,431,8,1,2025-11-23 16:40:15,Mobile Payment,297300.0
1248,,7,1,2024-10-21 10:30:24,Bank Transfer,0.0
1249,283,32,4,2025-03-20 13:00:53,Mobile Payment,166400.0
1250,727,32,4,2024-04-14 11:24:56,Card,0.0
1251,341,21,3,2024-11-04 19:33:17,Mobile Payment,418000.0
1252,33,9,2,2025-03-12 13:01:38,Cash,25100.0
1253,962,7,1,2025-12-16 11:49:30,Bank Transfer,243200.0
1254,872,28,4,2025-04-24 11:07:26,Mobile Payment,0.0
1255,864,1,1,2024-06-28 18:20:22,Card,0.0
1256,667,14,2,2025-05-15 18:20:48,Mobile Payment,0.0
1257,560,25,4,2024-08-11 17:27:09,Mobile Payment,0.0
1258,,19,3,2024-07-29 12:01:50,Cash,0.0
1259,,35,5,2025-10-05 13:40:35,Card,390500.0
1260,27,9,2,2025-04-28 11:00:04,Card,0.0
1261,438,16,2,2025-09-19 15:48:56,Cash,0.0
1262,852,6,1,2024-03-23 09:32:07,Mobile Payment,186600.0
1263,315,12,2,2024-11-25 09:09:47,Cash,871200.0
1264,981,2,1,2025-03-01 15:14:07,Card,129300.0
1265,,5,1,2025-01-17 13:58:16,Cash,279700.0
1266,113,22,3,2025-07-19 09:06:21,Card,71800.0
1267,26,13,2,2024-04-08 10:22:00,Bank Transfer,912200.0
1268,597,33,5,2024-11-28 17:53:35,Bank Transfer,617700.0
1269,,14,2,2025-11-23 12:38:23,Cash,212600.0
1270,51,16,2,2025-04-01 17:35:34,Cash,780600.0
1271,506,5,1,2024-05-14 11:38:57,Mobile Payment,88200.0
1272,918,34,5,2024-04-19 19:12:50,Mobile Payment,0.0
1273,1,29,4,2024-11-28 19:06:05,Card,1036400.0
1274,737,39,5,2024-03-03 09:58:32,Card,430500.0
1275,921,29,4,2025-02-03 10:47:07,Mobile Payment,0.0
1276,876,23,3,2024-02-19 12:13:33,Mobile Payment,0.0
1277,535,34,5,2025-07-13 13:49:15,Cash,96900.0
1278,902,37,5,2024-10-10 14:29:43,Cash,356000.0
1279,487,30,4,2024-10-18 19:14:19,Mobile Payment,200100.0
1280,945,36,5,2025-09-17 17:21:40,Card,0.0
1281,833,28,4,2025-11-19 16:21:26,Card,0.0
1282,102,8,1,2025-12-11 12:03:28,Mobile Payment,0.0
1283,902,36,5,2025-02-01 18:10:09,Bank Transfer,0.0
1284,292,38,5,2024-05-13 17:21:43,Cash,0.0
1285,62,5,1,2025-09-30 16:09:16,Cash,0.0
1286,119,3,1,2024-02-07 09:26:07,Cash,0.0
1287,131,25,4,2025-03-04 14:01:28,Mobile Payment,610500.0
1288,454,6,1,2025-01-30 13:18:26,Cash,0.0
1289,693,38,5,2024-02-22 11:26:13,Cash,0.0
1290,210,12,2,2025-10-23 11:31:26,Card,0.0
1291,229,27,4,2025-03-10 18:01:11,Cash,0.0
1292,92,25,4,2024-03-09 14:43:06,Cash,0.0
1293,872,12,2,2025-12-03 12:37:47,Cash,362500.0
1294,157,11,2,2025-03-03 09:55:03,Mobile Payment,0.0
1295,744,6,1,2024-10-19 18:35:20,Card,35000.0
1296,460,9,2,2024-03-22 11:26:36,Cash,231000.0
1297,475,7,1,2024-09-28 16:09:44,Cash,0.0
1298,444,37,5,2024-01-15 16:00:51,Card,0.0
1299,95,16,2,2024-06-05 17:19:09,Mobile Payment,123700.0
1300,760,29,4,2024-05-02 16:01:00,Cash,0.0
1301,582,33,5,2024-07-25 10:44:53,Cash,407700.0
1302,780,18,3,2025-02-12 09:05:36,Card,0.0
1303,503,25,4,2025-12-09 17:49:46,Mobile Payment,86300.0
1304,882,29,4,2024-02-29 13:14:14,Card,495000.0
1305,914,1,1,2025-08-07 09:03:43,Cash,84000.0
1306,781,11,2,2024-02-03 10:00:43,Cash,157900.0
1307,989,39,5,2024-11-25 18:55:47,Cash,366300.0
1308,989,6,1,2024-08-04 16:18:02,Mobile Payment,0.0
1309,853,16,2,2025-03-09 15:47:36,Bank Transfer,0.0
1310,592,6,1,2024-12-17 16:49:05,Cash,128200.0
1311,66,33,5,2024-08-04 14:32:25,Bank Transfer,0.0
1312,215,28,4,2024-07-06 13:23:48,Mobile Payment,0.0
1313,703,5,1,2025-02-24 19:27:57,Bank Transfer,0.0
1314,881,8,1,2025-12-12 12:41:17,Card,456800.0
1315,553,21,3,2025-07-13 11:52:36,Mobile Payment,21700.0
1316,464,24,3,2025-11-30 13:38:46,Cash,0.0
1317,275,29,4,2025-11-29 16:50:56,Card,188100.0
1318,624,35,5,2025-03-09 16:55:53,Card,151800.0
1319,200,18,3,2024-08-29 13:00:07,Bank Transfer,0.0
1320,400,30,4,2025-11-10 10:44:37,Mobile Payment,0.0
1321,906,37,5,2024-10-28 16:38:15,Cash,0.0
1322,,11,2,2025-12-19 12:55:57,Mobile Payment,127400.0
1323,,10,2,2025-01-22 09:08:45,Bank Transfer,0.0
1324,452,16,2,2024-03-10 17:26:40,Cash,0.0
1325,376,16,2,2025-07-06 09:57:25,Bank Transfer,44000.0
1326,789,18,3,2025-06-19 09:10:40,Card,0.0
1327,759,39,5,2025-03-19 18:02:58,Cash,0.0
1328,362,24,3,2024-02-06 14:09:02,Mobile Payment,90800.0
1329,567,12,2,2024-06-12 09:13:55,Card,0.0
1330,376,11,2,2024-01-07 17:58:30,Mobile Payment,314700.0
1331,809,13,2,2025-10-15 19:22:52,Mobile Payment,372300.0
1332,370,32,4,2025-10-21 09:03:16,Card,0.0
1333,26,11,2,2025-07-17 14:52:59,Cash,311000.0
1334,265,23,3,2025-06-17 18:46:50,Mobile Payment,0.0
1335,450,6,1,2025-08-20 15:40:50,Mobile Payment,0.0
1336,365,25,4,2024-10-31 13:32:42,Bank Transfer,0.0
1337,630,3,1,2024-10-17 17:38:21,Mobile Payment,89900.0
1338,182,22,3,2025-08-19 18:43:53,Card,73100.0
1339,,9,2,2024-08-18 12:36:32,Cash,0.0
1340,,33,5,2024-11-24 17:49:04,Bank Transfer,0.0
1341,684,16,2,2024-03-13 14:59:24,Bank Transfer,0.0
1342,,22,3,2025-09-18 18:23:23,Cash,0.0
1343,800,4,1,2025-10-01 14:10:44,Mobile Payment,0.0
1344,,2,1,2025-09-16 19:45:11,Mobile Payment,173600.0
1345,502,16,2,2025-10-07 15:48:39,Cash,110800.0
1346,450,11,2,2024-04-03 11:47:18,Cash,0.0
1347,,37,5,2024-04-02 11:51:45,Card,0.0
1348,190,1,1,2024-10-16 16:38:58,Mobile Payment,0.0
1349,497,4,1,2024-11-05 12:16:51,Card,0.0
1350,178,26,4,2024-07-09 16:15:18,Mobile Payment,0.0
1351,438,34,5,2024-08-17 09:05:18,Card,0.0
1352,409,34,5,2025-08-15 15:43:26,Cash,0.0
1353,898,35,5,2024-03-12 19:13:12,Bank Transfer,0.0
1354,,5,1,2025-12-29 10:58:30,Mobile Payment,156800.0
1355,,29,4,2024-02-06 14:52:55,Cash,419100.0
1356,638,22,3,2025-03-16 09:31:04,Card,259100.0
1357,320,24,3,2024-06-04 12:04:52,Cash,0.0
1358,,2,1,2025-10-29 19:47:49,Mobile Payment,0.0
1359,769,7,1,2025-02-12 16:01:00,Cash,692900.0
1360,323,8,1,2024-03-08 13:41:03,Cash,0.0
1361,722,40,5,2024-10-27 13:56:44,Card,74500.0
1362,371,19,3,2025-12-03 14:35:21,Cash,0.0
1363,561,32,4,2025-07-09 17:58:13,Cash,0.0
1364,917,23,3,2025-05-06 13:06:25,Cash,0.0
1365,611,40,5,2025-05-07 15:02:07,Cash,0.0
1366,325,24,3,2024-07-01 17:07:45,Bank Transfer,468400.0
1367,505,25,4,2024-12-06 14:21:45,Mobile Payment,0.0
1368,431,32,4,2024-04-01 13:51:01,Bank Transfer,0.0
1369,,25,4,2024-01-10 12:00:54,Bank Transfer,0.0
1370,764,39,5,2025-08-24 16:58:17,Cash,0.0
1371,670,25,4,2025-08-22 12:16:01,Card,205300.0
1372,794,17,3,2024-09-03 13:52:33,Cash,466800.0
1373,433,19,3,2025-08-31 14:16:18,Card,0.0
1374,9,30,4,2025-03-21 11:30:21,Mobile Payment,66800.0
1375,906,22,3,2025-08-22 11:14:20,Card,0.0
1376,,40,5,2024-04-03 19:43:54,Cash,0.0
1377,85,37,5,2025-10-13 19:21:28,Bank Transfer,0.0
1378,389,21,3,2024-04-02 13:11:40,Cash,0.0
1379,852,12,2,2025-05-09 11:43:34,Cash,0.0
1380,888,3,1,2025-02-28 14:24:17,Card,0.0
1381,976,25,4,2025-11-22 17:50:38,Bank Transfer,241000.0
1382,,29,4,2024-09-17 15:45:41,Cash,0.0
1383,939,24,3,2024-08-05 19:33:58,Mobile Payment,0.0
1384,959,20,3,2024-06-25 14:59:06,Bank Transfer,0.0
1385,,39,5,2025-11-12 15:26:46,Card,0.0
1386,852,24,3,2024-03-05 15:19:25,Cash,0.0
1387,540,25,4,2025-08-30 09:28:02,Card,0.0
1388,49,28,4,2024-06-17 09:31:51,Card,0.0
1389,872,27,4,2025-09-22 15:22:03,Cash,281000.0
1390,,37,5,2025-05-25 16:36:22,Mobile Payment,24600.0
1391,,15,2,2025-09-18 12:03:13,Bank Transfer,1174600.0
1392,122,8,1,2024-09-21 09:46:24,Card,0.0
1393,750,3,1,2024-12-16 17:12:30,Card,0.0
1394,387,28,4,2024-07-17 11:31:27,Cash,0.0
1395,984,36,5,2025-04-21 11:57:50,Cash,0.0
1396,295,1,1,2025-07-10 18:19:09,Mobile Payment,23500.0
1397,104,4,1,2025-06-30 13:23:25,Cash,0.0
1398,20,18,3,2025-05-03 15:36:42,Mobile Payment,0.0
1399,551,6,1,2025-05-16 19:44:34,Bank Transfer,77900.0
1400,843,15,2,2025-06-18 17:23:39,Mobile Payment,419500.0
1401,223,40,5,2025-11-24 19:33:55,Cash,0.0
1402,936,39,5,2024-12-19 14:49:05,Cash,0.0
1403,492,39,5,2025-10-15 19:49:02,Cash,0.0
1404,857,39,5,2024-09-09 11:35:37,Cash,182900.0
1405,950,39,5,2024-09-04 19:28:18,Mobile Payment,66200.0
1406,874,38,5,2024-11-24 13:26:23,Bank Transfer,22100.0
1407,993,1,1,2025-11-09 11:47:51,Cash,0.0
1408,825,11,2,2024-07-28 13:58:32,Cash,1392400.0
1409,753,15,2,2024-11-12 13:59:48,Mobile Payment,0.0
1410,111,25,4,2025-09-23 19:01:38,Mobile Payment,77700.0
1411,358,28,4,2024-10-05 15:27:36,Mobile Payment,0.0
1412,520,19,3,2025-05-28 18:01:42,Cash,519200.0
1413,553,17,3,2025-09-12 15:32:20,Cash,0.0
1414,229,39,5,2024-10-14 15:51:38,Cash,0.0
1415,358,10,2,2024-07-10 10:43:22,Card,0.0
1416,78,29,4,2025-01-25 15:00:57,Cash,0.0
1417,,2,1,2025-03-12 10:11:11,Cash,831000.0
1418,158,6,1,2025-06-17 18:14:13,Mobile Payment,0.0
1419,803,17,3,2024-01-27 11:37:21,Cash,362700.0
1420,88,24,3,2024-04-06 17:05:58,Cash,0.0
1421,432,2,1,2025-11-18 18:14:53,Card,0.0
1422,225,33,5,2025-10-19 13:39:09,Bank Transfer,589900.0
1423,534,12,2,2024-05-23 10:48:12,Cash,0.0
1424,,1,1,2024-08-06 16:55:43,Mobile Payment,0.0
1425,229,17,3,2025-02-01 15:06:04,Mobile Payment,0.0
1426,159,7,1,2024-11-21 16:43:05,Card,0.0
1427,207,12,2,2025-11-26 18:54:38,Cash,0.0
1428,819,9,2,2025-03-15 11:14:07,Cash,0.0
1429,590,7,1,2025-10-10 10:36:48,Cash,68400.0
1430,178,15,2,2024-01-07 17:07:25,Mobile Payment,0.0
1431,926,5,1,2024-02-09 17:53:15,Cash,0.0
1432,507,17,3,2025-02-27 11:44:29,Card,202400.0
1433,883,33,5,2024-10-24 18:22:29,Card,0.0
1434,441,24,3,2025-02-19 15:38:05,Cash,0.0
1435,437,8,1,2024-10-27 19:45:24,Card,0.0
1436,511,2,1,2025-02-03 15:08:49,Card,0.0
1437,171,32,4,2025-10-28 09:07:25,Mobile Payment,212100.0
1438,517,14,2,2024-05-31 13:11:12,Mobile Payment,0.0
1439,124,37,5,2025-09-06 15:56:04,Cash,329400.0
1440,864,25,4,2024-12-03 18:53:39,Cash,26400.0
1441,915,21,3,2024-08-19 10:50:52,Mobile Payment,0.0
1442,659,36,5,2024-09-28 12:43:53,Card,0.0
1443,815,27,4,2024-08-21 10:13:31,Mobile Payment,403500.0
1444,649,31,4,2024-08-10 19:21:23,Mobile Payment,0.0
1445,207,16,2,2025-10-03 11:20:19,Cash,0.0
1446,294,35,5,2025-07-20 09:21:02,Cash,150200.0
1447,59,31,4,2025-04-29 15:24:58,Card,0.0
1448,220,26,4,2025-11-12 11:03:40,Cash,0.0
1449,305,8,1,2024-10-29 10:16:50,Cash,0.0
1450,283,29,4,2024-12-26 16:19:17,Cash,180300.0
1451,42,40,5,2024-06-17 18:27:53,Cash,0.0
1452,106,23,3,2025-10-03 10:46:33,Mobile Payment,0.0
1453,334,10,2,2025-01-10 18:37:09,Cash,271000.0
1454,922,12,2,2024-04-30 11:10:11,Cash,0.0
1455,910,36,5,2025-02-09 17:29:19,Mobile Payment,0.0
1456,228,23,3,2024-01-13 09:43:28,Cash,0.0
1457,255,27,4,2025-03-12 13:45:50,Cash,0.0
1458,422,27,4,2025-11-09 09:57:25,Cash,935900.0
1459,735,20,3,2024-12-14 17:51:46,Cash,0.0
1460,,20,3,2025-01-20 13:40:33,Bank Transfer,0.0
1461,299,37,5,2024-06-19 10:39:15,Mobile Payment,421400.0
1462,448,31,4,2025-04-17 15:33:31,Card,0.0
1463,771,8,1,2024-09-20 18:04:37,Cash,0.0
1464,725,12,2,2024-07-24 18:38:00,Mobile Payment,6100.0
1465,344,17,3,2024-11-11 13:11:47,Card,38100.0
1466,399,39,5,2024-04-09 15:49:52,Mobile Payment,362700.0
1467,713,28,4,2025-06-27 19:59:01,Mobile Payment,165400.0
1468,340,1,1,2024-07-04 12:29:11,Bank Transfer,0.0
1469,966,13,2,2025-01-06 18:30:06,Bank Transfer,0.0
1470,950,25,4,2024-05-01 10:43:21,Cash,0.0
1471,407,1,1,2025-06-20 14:43:38,Card,0.0
1472,534,23,3,2024-09-27 14:33:28,Cash,0.0
1473,280,22,3,2025-10-05 12:17:54,Mobile Payment,0.0
1474,239,37,5,2025-11-26 17:39:25,Bank Transfer,35400.0
1475,235,8,1,2025-06-21 09:23:14,Bank Transfer,0.0
1476,766,15,2,2025-09-07 15:19:47,Mobile Payment,175000.0
1477,67,28,4,2024-06-29 13:53:01,Mobile Payment,0.0
1478,347,23,3,2024-09-29 15:55:27,Cash,0.0
1479,,37,5,2024-03-12 09:56:05,Bank Transfer,0.0
1480,584,18,3,2025-02-05 13:33:16,Card,86700.0
1481,562,24,3,2025-11-02 14:17:45,Card,0.0
1482,644,25,4,2025-05-07 10:40:54,Bank Transfer,0.0
1483,294,4,1,2025-08-06 10:08:12,Cash,0.0
1484,594,31,4,2025-05-27 16:00:21,Mobile Payment,0.0
1485,763,30,4,2024-05-01 09:52:27,Cash,84900.0
1486,578,20,3,2024-01-11 12:16:33,Card,110500.0
1487,229,19,3,2025-05-05 11:32:03,Cash,0.0
1488,791,20,3,2024-03-25 15:31:47,Mobile Payment,360600.0
1489,190,30,4,2025-03-22 09:54:45,Card,0.0
1490,209,39,5,2025-01-25 12:14:01,Mobile Payment,0.0
1491,314,8,1,2025-09-03 19:37:07,Mobile Payment,0.0
1492,,17,3,2024-01-23 13:08:12,Mobile Payment,0.0
1493,,35,5,2024-02-26 13:33:55,Bank Transfer,0.0
1494,218,32,4,2024-07-28 18:51:33,Cash,0.0
1495,124,11,2,2025-03-23 13:54:08,Card,0.0
1496,667,34,5,2024-12-10 14:37:02,Cash,0.0
1497,311,26,4,2025-11-22 14:00:52,Card,0.0
1498,45,35,5,2025-11-01 13:18:26,Cash,0.0
1499,564,22,3,2025-09-07 12:23:55,Cash,0.0
1500,457,24,3,2025-04-07 19:31:59,Card,21500.0
1501,,20,3,2025-05-09 18:30:39,Card,0.0
1502,875,29,4,2024-04-18 15:27:08,Cash,0.0
1503,32,17,3,2024-06-21 16:27:28,Cash,0.0
1504,479,31,4,2025-01-04 12:51:04,Mobile Payment,525200.0
1505,497,20,3,2024-10-23 14:22:39,Mobile Payment,0.0
1506,770,31,4,2025-02-28 17:03:35,Cash,0.0
1507,482,5,1,2024-07-24 10:30:05,Bank Transfer,0.0
1508,,4,1,2024-03-11 19:43:26,Card,0.0
1509,,11,2,2024-02-14 11:25:18,Bank Transfer,0.0
1510,803,25,4,2024-07-08 09:42:42,Card,172700.0
1511,561,13,2,2024-10-17 16:33:06,Mobile Payment,0.0
1512,215,9,2,2025-07-10 12:19:32,Cash,124000.0
1513,451,28,4,2025-12-01 11:48:31,Card,0.0
1514,729,29,4,2024-10-06 18:36:10,Card,0.0
1515,606,38,5,2024-09-12 10:51:20,Card,0.0
1516,723,39,5,2024-10-01 18:24:24,Cash,246300.0
1517,724,27,4,2024-07-09 09:14:29,Bank Transfer,209800.0
1518,935,38,5,2025-05-22 17:15:03,Cash,0.0
1519,387,31,4,2025-07-29 19:00:03,Cash,433200.0
1520,,11,2,2025-04-23 09:23:26,Mobile Payment,27900.0
1521,,39,5,2025-03-29 13:29:45,Cash,0.0
1522,394,38,5,2025-11-17 19:01:51,Bank Transfer,112700.0
1523,708,20,3,2024-07-09 11:45:36,Mobile Payment,0.0
1524,,5,1,2024-05-11 12:13:35,Card,0.0
1525,170,23,3,2025-01-05 18:38:01,Card,0.0
1526,986,9,2,2024-11-15 09:40:30,Bank Transfer,0.0
1527,254,10,2,2025-02-15 17:37:29,Mobile Payment,10500.0
1528,,35,5,2025-03-30 13:15:51,Card,11200.0
1529,333,30,4,2024-12-13 17:01:26,Card,0.0
1530,,15,2,2025-10-06 16:47:03,Bank Transfer,0.0
1531,123,32,4,2024-02-12 15:37:00,Mobile Payment,0.0
1532,628,9,2,2025-10-06 14:17:33,Bank Transfer,0.0
1533,,30,4,2025-10-05 19:21:47,Cash,0.0
1534,604,6,1,2024-04-10 09:38:14,Mobile Payment,0.0
1535,344,20,3,2025-04-21 09:00:36,Cash,0.0
1536,861,5,1,2025-03-27 09:07:52,Bank Transfer,0.0
1537,566,30,4,2025-01-24 17:06:29,Cash,0.0
1538,592,36,5,2024-02-01 10:03:43,Mobile Payment,0.0
1539,874,29,4,2025-10-21 16:01:33,Cash,0.0
1540,611,19,3,2024-12-08 18:12:59,Cash,124300.0
1541,,8,1,2025-07-04 19:20:27,Mobile Payment,0.0
1542,30,15,2,2024-03-07 10:35:27,Bank Transfer,0.0
1543,,37,5,2025-08-08 09:52:35,Card,0.0
1544,604,9,2,2024-12-18 19:42:44,Mobile Payment,0.0
1545,853,31,4,2024-11-09 15:01:31,Cash,0.0
1546,733,4,1,2025-01-12 15:15:54,Mobile Payment,0.0
1547,506,32,4,2024-09-29 17:26:40,Card,0.0
1548,431,36,5,2025-01-17 18:59:39,Bank Transfer,0.0
1549,,26,4,2024-06-30 14:09:49,Cash,0.0
1550,699,15,2,2025-05-17 10:36:05,Card,137000.0
1551,841,28,4,2024-02-10 14:41:25,Mobile Payment,73100.0
1552,,24,3,2024-09-16 16:32:07,Card,0.0
1553,,35,5,2024-05-10 11:37:14,Bank Transfer,731400.0
1554,518,30,4,2025-10-21 19:03:20,Bank Transfer,0.0
1555,487,10,2,2024-05-08 19:19:13,Cash,0.0
1556,44,35,5,2025-04-15 11:03:39,Bank Transfer,0.0
1557,551,37,5,2024-07-20 12:36:06,Mobile Payment,531300.0
1558,,21,3,2024-04-18 09:50:45,Cash,0.0
1559,175,39,5,2025-09-17 18:41:07,Mobile Payment,362100.0
1560,,4,1,2024-11-02 16:23:25,Cash,0.0
1561,840,21,3,2025-02-02 18:45:44,Cash,0.0
1562,,20,3,2024-10-09 15:24:58,Mobile Payment,0.0
1563,619,10,2,2024-02-22 16:36:49,Cash,0.0
1564,586,3,1,2024-06-18 13:40:06,Cash,140200.0
1565,593,21,3,2024-05-04 12:13:43,Cash,0.0
1566,892,18,3,2025-03-25 19:39:06,Card,0.0
1567,949,35,5,2024-06-23 10:52:37,Bank Transfer,365600.0
1568,600,14,2,2025-12-11 15:57:36,Cash,126200.0
1569,528,37,5,2025-12-19 13:27:39,Mobile Payment,0.0
1570,678,16,2,2024-07-10 18:07:15,Mobile Payment,38100.0
1571,39,6,1,2024-07-14 11:46:07,Mobile Payment,111900.0
1572,16,35,5,2024-08-29 13:11:34,Bank Transfer,0.0
1573,386,4,1,2024-06-10 09:08:20,Cash,0.0
1574,965,5,1,2024-05-17 18:58:46,Mobile Payment,0.0
1575,413,8,1,2025-05-13 11:04:02,Cash,0.0
1576,828,18,3,2024-01-20 19:52:51,Mobile Payment,20000.0
1577,733,18,3,2025-03-23 19:34:37,Cash,0.0
1578,578,11,2,2025-04-15 17:41:27,Mobile Payment,0.0
1579,90,10,2,2025-06-17 18:38:23,Mobile Payment,0.0
1580,,6,1,2024-01-08 16:54:41,Card,158400.0
1581,604,39,5,2024-07-21 14:29:24,Cash,0.0
1582,315,18,3,2025-09-17 13:35:17,Bank Transfer,106400.0
1583,765,9,2,2024-12-01 18:04:22,Card,0.0
1584,664,22,3,2024-04-19 19:14:55,Cash,0.0
1585,701,11,2,2024-08-30 13:08:26,Mobile Payment,963300.0
1586,609,3,1,2025-06-12 10:28:04,Mobile Payment,0.0
1587,488,19,3,2024-05-02 10:57:10,Mobile Payment,214200.0
1588,378,12,2,2024-04-17 09:34:32,Cash,464100.0
1589,,4,1,2025-06-29 10:32:51,Bank Transfer,0.0
1590,30,10,2,2025-05-27 11:19:04,Card,144100.0
1591,312,32,4,2025-10-18 19:12:11,Card,0.0
1592,,20,3,2024-07-28 13:19:08,Card,0.0
1593,,1,1,2025-10-06 13:07:12,Cash,0.0
1594,896,11,2,2025-11-26 12:38:22,Mobile Payment,21000.0
1595,500,40,5,2025-07-21 16:31:27,Mobile Payment,571100.0
1596,,9,2,2024-10-11 17:30:14,Cash,0.0
1597,42,28,4,2024-10-14 10:34:35,Card,0.0
1598,,38,5,2024-09-01 19:25:46,Cash,0.0
1599,,26,4,2025-11-21 18:20:16,Card,0.0
1600,242,26,4,2024-12-29 12:29:35,Cash,0.0
1601,649,39,5,2025-04-11 16:44:32,Mobile Payment,506200.0
1602,109,5,1,2024-01-23 18:19:31,Mobile Payment,902800.0
1603,85,1,1,2025-12-11 13:35:27,Card,0.0
1604,134,24,3,2024-03-01 13:36:35,Cash,16000.0
1605,43,24,3,2024-02-18 13:42:18,Card,0.0
1606,65,40,5,2025-11-04 13:38:51,Mobile Payment,0.0
1607,640,35,5,2024-09-24 15:53:36,Cash,380700.0
1608,569,30,4,2024-04-09 17:50:07,Card,0.0
1609,,29,4,2024-01-30 14:13:24,Cash,811300.0
1610,,3,1,2024-01-29 15:00:31,Bank Transfer,0.0
1611,270,19,3,2025-10-24 15:50:59,Bank Transfer,114700.0
1612,882,7,1,2024-04-21 19:20:42,Bank Transfer,0.0
1613,458,22,3,2024-08-02 16:48:49,Card,0.0
1614,432,34,5,2024-10-03 18:37:52,Mobile Payment,0.0
1615,864,14,2,2025-06-07 09:44:13,Mobile Payment,73100.0
1616,747,17,3,2025-05-24 19:32:05,Mobile Payment,296400.0
1617,671,32,4,2025-05-09 13:18:49,Cash,0.0
1618,,35,5,2025-02-03 13:34:27,Bank Transfer,0.0
1619,618,38,5,2025-10-29 13:41:51,Cash,0.0
1620,69,20,3,2025-09-09 15:02:05,Card,594600.0
1621,882,4,1,2024-05-14 14:03:41,Cash,0.0
1622,644,15,2,2024-04-02 16:37:58,Bank Transfer,0.0
1623,879,38,5,2025-04-12 17:56:07,Cash,0.0
1624,,26,4,2025-06-25 12:08:54,Bank Transfer,96900.0
1625,109,17,3,2024-10-11 15:21:42,Cash,22100.0
1626,753,11,2,2025-06-28 18:10:02,Cash,0.0
1627,386,32,4,2025-05-08 13:11:13,Bank Transfer,0.0
1628,669,16,2,2025-06-16 12:38:26,Cash,263800.0
1629,934,23,3,2025-08-05 19:50:24,Cash,359300.0
1630,754,6,1,2024-02-22 16:39:13,Card,120400.0
1631,592,22,3,2024-02-22 11:43:44,Bank Transfer,0.0
1632,,9,2,2025-07-28 19:40:30,Cash,0.0
1633,,23,3,2024-02-08 11:15:13,Cash,404800.0
1634,86,1,1,2025-03-20 09:56:38,Card,154700.0
1635,572,39,5,2025-05-20 19:22:33,Cash,548000.0
1636,549,27,4,2024-09-11 15:26:39,Cash,0.0
1637,909,19,3,2024-02-10 13:50:58,Cash,0.0
1638,800,20,3,2025-08-10 13:06:27,Mobile Payment,0.0
1639,783,39,5,2025-07-31 17:47:53,Mobile Payment,0.0
1640,886,15,2,2024-10-23 10:32:28,Card,147500.0
1641,921,36,5,2024-04-22 15:47:17,Card,0.0
1642,727,5,1,2025-03-26 09:18:02,Cash,0.0
1643,,15,2,2025-12-14 18:08:48,Mobile Payment,339400.0
1644,,27,4,2024-03-15 11:54:15,Card,0.0
1645,570,20,3,2024-05-25 13:11:21,Cash,255000.0
1646,876,4,1,2024-10-02 10:52:58,Card,0.0
1647,39,32,4,2024-01-29 16:51:02,Card,0.0
1648,902,29,4,2024-10-17 12:24:35,Bank Transfer,0.0
1649,510,32,4,2024-11-04 09:47:20,Mobile Payment,0.0
1650,375,29,4,2024-03-09 13:10:31,Bank Transfer,67400.0
1651,352,35,5,2024-03-25 19:10:08,Card,0.0
1652,541,11,2,2025-11-08 09:18:45,Cash,588000.0
1653,750,31,4,2025-02-03 09:18:20,Mobile Payment,0.0
1654,327,31,4,2025-01-16 16:46:27,Card,0.0
1655,210,19,3,2025-08-23 15:19:21,Cash,0.0
1656,217,16,2,2024-05-27 16:23:19,Cash,0.0
1657,711,16,2,2025-11-26 12:41:33,Cash,0.0
1658,,9,2,2024-09-08 11:51:55,Cash,0.0
1659,,12,2,2024-01-21 10:06:58,Mobile Payment,0.0
1660,205,24,3,2024-11-23 14:08:44,Card,0.0
1661,,22,3,2025-04-10 17:13:20,Card,710700.0
1662,1000,31,4,2024-09-10 19:13:51,Mobile Payment,0.0
1663,,35,5,2024-11-30 19:24:57,Cash,0.0
1664,635,37,5,2025-10-11 16:26:45,Cash,0.0
1665,64,28,4,2025-03-20 16:36:46,Cash,0.0
1666,,4,1,2025-07-06 19:29:10,Cash,0.0
1667,,21,3,2025-03-03 11:09:02,Cash,0.0
1668,441,35,5,2024-10-21 12:46:08,Cash,0.0
1669,227,21,3,2024-03-08 19:17:57,Mobile Payment,0.0
1670,207,17,3,2025-09-06 12:47:55,Card,166700.0
1671,192,35,5,2024-08-29 19:21:44,Mobile Payment,143800.0
1672,384,27,4,2025-03-30 14:30:14,Card,0.0
1673,754,26,4,2024-12-13 19:15:37,Bank Transfer,0.0
1674,361,6,1,2024-03-01 19:06:13,Bank Transfer,0.0
1675,771,35,5,2024-10-21 16:30:12,Cash,0.0
1676,965,3,1,2025-03-28 14:38:15,Cash,782500.0
1677,965,27,4,2024-06-30 09:53:59,Bank Transfer,0.0
1678,302,15,2,2024-09-14 12:25:17,Mobile Payment,0.0
1679,536,1,1,2025-04-19 19:09:10,Cash,0.0
1680,,40,5,2025-07-12 14:42:30,Bank Transfer,72700.0
1681,610,7,1,2024-08-04 19:08:21,Bank Transfer,0.0
1682,553,26,4,2025-05-05 11:35:42,Bank Transfer,150500.0
1683,313,30,4,2025-10-26 19:26:54,Mobile Payment,0.0
1684,579,18,3,2025-06-11 14:06:50,Cash,385300.0
1685,486,12,2,2025-04-03 14:09:11,Bank Transfer,335800.0
1686,872,18,3,2024-09-28 14:22:30,Cash,113600.0
1687,,9,2,2024-07-08 18:54:30,Cash,0.0
1688,667,13,2,2025-11-18 12:38:09,Cash,0.0
1689,413,8,1,2025-03-18 19:41:42,Cash,0.0
1690,,24,3,2025-02-16 16:43:39,Mobile Payment,0.0
1691,851,29,4,2025-12-05 17:14:27,Cash,0.0
1692,217,16,2,2024-07-07 15:24:36,Cash,0.0
1693,213,35,5,2025-04-29 09:46:43,Cash,178500.0
1694,611,23,3,2024-03-30 17:03:24,Cash,321000.0
1695,590,37,5,2024-01-20 12:43:59,Cash,0.0
1696,81,7,1,2025-08-16 12:17:30,Mobile Payment,0.0
1697,82,2,1,2025-11-20 11:10:59,Cash,110200.0
1698,566,19,3,2024-08-09 10:59:12,Bank Transfer,99500.0
1699,,39,5,2025-05-10 11:02:53,Bank Transfer,0.0
1700,659,1,1,2025-12-16 09:44:06,Mobile Payment,481600.0
1701,663,20,3,2024-09-20 12:50:55,Cash,0.0
1702,312,3,1,2025-05-09 11:34:11,Cash,0.0
1703,16,3,1,2024-07-28 11:07:24,Cash,0.0
1704,,19,3,2025-11-02 09:56:10,Cash,0.0
1705,,11,2,2025-01-30 16:43:01,Mobile Payment,0.0
1706,510,31,4,2024-05-18 18:00:11,Cash,29700.0
1707,883,9,2,2025-09-21 18:19:05,Mobile Payment,0.0
1708,,10,2,2025-09-14 17:17:49,Bank Transfer,149800.0
1709,624,37,5,2025-02-26 16:28:03,Card,0.0
1710,884,9,2,2025-10-28 16:25:17,Cash,0.0
1711,,11,2,2025-07-15 11:36:01,Bank Transfer,0.0
1712,294,33,5,2024-03-15 18:38:02,Cash,0.0
1713,434,24,3,2024-03-20 10:29:03,Card,0.0
1714,369,17,3,2025-04-03 19:38:01,Card,14000.0
1715,952,2,1,2024-10-07 14:44:26,Card,35900.0
1716,538,2,1,2025-05-10 09:36:09,Card,0.0
1717,373,11,2,2025-11-12 12:35:00,Mobile Payment,0.0
1718,879,20,3,2024-06-01 09:39:58,Bank Transfer,0.0
1719,290,24,3,2024-06-27 16:10:39,Cash,244600.0
1720,585,28,4,2025-09-12 17:19:49,Cash,95300.0
1721,567,19,3,2025-12-28 12:38:04,Card,110900.0
1722,143,12,2,2024-11-15 09:24:40,Card,0.0
1723,874,10,2,2025-01-18 15:44:12,Mobile Payment,0.0
1724,424,39,5,2024-07-05 12:12:23,Cash,0.0
1725,,13,2,2024-10-24 11:05:04,Cash,715000.0
1726,232,23,3,2024-08-31 17:07:57,Bank Transfer,0.0
1727,594,23,3,2024-10-22 11:37:38,Cash,0.0
1728,,40,5,2025-01-18 19:36:51,Cash,0.0
1729,936,4,1,2024-10-11 16:56:36,Mobile Payment,82400.0
1730,364,1,1,2025-05-30 10:08:16,Mobile Payment,0.0
1731,,13,2,2024-07-29 09:52:40,Cash,0.0
1732,350,7,1,2025-09-01 19:26:15,Bank Transfer,0.0
1733,,24,3,2024-03-26 14:37:00,Mobile Payment,0.0
1734,876,5,1,2024-02-23 11:58:30,Card,0.0
1735,575,39,5,2025-01-24 18:38:52,Card,275400.0
1736,680,19,3,2024-09-20 15:00:41,Cash,0.0
1737,262,21,3,2025-04-12 14:42:30,Mobile Payment,0.0
1738,766,15,2,2025-03-30 15:01:30,Cash,0.0
1739,470,17,3,2024-10-14 12:36:03,Mobile Payment,0.0
1740,448,31,4,2025-03-11 09:54:39,Cash,0.0
1741,,10,2,2024-02-28 10:32:18,Cash,12000.0
1742,787,13,2,2024-12-19 18:18:03,Bank Transfer,45900.0
1743,587,30,4,2024-02-08 16:46:57,Mobile Payment,0.0
1744,972,19,3,2024-12-04 10:10:10,Card,247700.0
1745,269,19,3,2024-06-10 16:37:48,Bank Transfer,0.0
1746,517,33,5,2024-05-25 09:52:14,Cash,320600.0
1747,486,13,2,2024-05-26 15:36:47,Cash,0.0
1748,,14,2,2024-06-13 18:18:26,Cash,0.0
1749,99,7,1,2024-09-08 12:16:56,Card,58500.0
1750,,20,3,2025-11-05 12:44:32,Cash,317700.0
1751,17,15,2,2025-10-30 15:03:42,Bank Transfer,0.0
1752,496,31,4,2025-05-25 16:50:29,Cash,443900.0
1753,509,2,1,2024-02-21 11:24:39,Cash,37000.0
1754,454,10,2,2024-07-29 14:43:47,Mobile Payment,80100.0
1755,166,7,1,2024-05-21 15:00:24,Cash,0.0
1756,606,32,4,2024-09-12 09:11:37,Card,0.0
1757,660,36,5,2025-04-09 16:49:07,Cash,0.0
1758,374,37,5,2025-09-09 14:05:24,Bank Transfer,0.0
1759,,21,3,2025-03-18 13:49:20,Mobile Payment,18700.0
1760,11,39,5,2025-05-22 17:23:21,Mobile Payment,14300.0
1761,915,23,3,2025-04-07 09:47:59,Cash,0.0
1762,935,1,1,2025-12-08 13:42:04,Bank Transfer,0.0
1763,,13,2,2024-01-13 16:37:39,Bank Transfer,179000.0
1764,767,12,2,2024-05-08 17:48:25,Cash,0.0
1765,,34,5,2024-12-21 14:47:29,Cash,0.0
1766,472,29,4,2025-02-21 19:00:21,Cash,114200.0
1767,,3,1,2025-01-17 15:38:25,Cash,0.0
1768,829,40,5,2025-08-07 17:40:38,Cash,0.0
1769,173,11,2,2024-12-21 18:46:05,Cash,0.0
1770,,7,1,2024-09-06 16:43:41,Card,232000.0
1771,352,14,2,2025-05-17 16:23:25,Cash,390700.0
1772,,16,2,2024-07-27 09:13:48,Mobile Payment,0.0
1773,85,19,3,2025-11-30 12:50:21,Cash,0.0
1774,432,7,1,2025-11-19 18:21:32,Mobile Payment,441000.0
1775,,10,2,2025-04-22 16:50:38,Mobile Payment,0.0
1776,355,34,5,2025-10-27 12:10:26,Card,0.0
1777,34,3,1,2025-11-14 19:38:17,Mobile Payment,0.0
1778,,4,1,2024-06-08 13:47:21,Bank Transfer,636800.0
1779,389,15,2,2024-12-03 11:18:54,Mobile Payment,0.0
1780,479,9,2,2025-12-31 10:20:07,Card,55800.0
1781,174,31,4,2024-12-20 11:32:57,Bank Transfer,0.0
1782,879,3,1,2025-07-30 13:35:54,Cash,468600.0
1783,44,39,5,2024-12-17 19:21:01,Bank Transfer,88600.0
1784,369,20,3,2025-01-27 09:59:07,Cash,483900.0
1785,,33,5,2025-03-24 11:00:42,Mobile Payment,0.0
1786,438,16,2,2024-06-16 09:12:41,Mobile Payment,0.0
1787,378,1,1,2024-12-21 15:42:54,Mobile Payment,0.0
1788,684,6,1,2024-10-04 15:57:35,Bank Transfer,0.0
1789,219,34,5,2024-02-29 11:21:13,Mobile Payment,73500.0
1790,523,17,3,2024-11-09 09:54:05,Cash,116500.0
1791,318,1,1,2025-04-06 12:33:32,Cash,0.0
1792,833,18,3,2024-08-03 10:36:33,Cash,115100.0
1793,,37,5,2025-11-01 11:22:40,Cash,0.0
1794,792,24,3,2025-09-28 18:47:52,Bank Transfer,0.0
1795,566,25,4,2025-10-09 15:53:10,Card,0.0
1796,602,4,1,2025-07-31 18:52:30,Card,16900.0
1797,759,36,5,2025-10-10 18:55:43,Cash,103200.0
1798,988,18,3,2025-07-18 14:07:14,Cash,0.0
1799,784,35,5,2025-12-22 19:35:35,Cash,0.0
1800,312,29,4,2024-02-04 14:32:39,Cash,0.0
1801,253,15,2,2024-11-27 14:48:56,Mobile Payment,0.0
1802,628,22,3,2024-08-22 16:22:48,Bank Transfer,0.0
1803,392,2,1,2024-04-24 14:47:27,Mobile Payment,133300.0
1804,857,6,1,2024-03-02 19:26:48,Cash,0.0
1805,,3,1,2025-05-11 14:32:27,Mobile Payment,0.0
1806,398,35,5,2024-09-07 13:39:56,Mobile Payment,0.0
1807,,27,4,2025-02-16 12:34:34,Bank Transfer,0.0
1808,804,15,2,2025-08-16 16:47:16,Mobile Payment,993800.0
1809,318,10,2,2025-09-17 11:11:46,Cash,0.0
1810,944,27,4,2024-12-22 12:43:37,Cash,0.0
1811,324,35,5,2024-11-21 17:57:33,Cash,0.0
1812,11,32,4,2024-07-14 14:42:19,Cash,454300.0
1813,,39,5,2025-10-31 11:05:12,Bank Transfer,0.0
1814,494,38,5,2025-01-30 13:40:13,Cash,190000.0
1815,483,23,3,2025-04-23 19:13:25,Cash,0.0
1816,475,27,4,2025-06-10 09:15:13,Cash,8400.0
1817,958,7,1,2024-09-02 13:54:41,Cash,0.0
1818,525,21,3,2024-03-15 13:48:00,Card,0.0
1819,230,7,1,2025-02-28 09:47:42,Mobile Payment,991500.0
1820,834,27,4,2024-11-15 13:04:01,Card,258200.0
1821,361,7,1,2024-12-23 09:55:11,Cash,0.0
1822,,8,1,2024-03-19 10:41:59,Card,0.0
1823,107,6,1,2025-10-16 09:53:27,Cash,0.0
1824,892,5,1,2025-04-11 18:48:20,Mobile Payment,0.0
1825,122,11,2,2024-01-06 11:32:42,Cash,0.0
1826,515,25,4,2024-05-03 11:26:38,Mobile Payment,338800.0
1827,249,14,2,2024-02-16 11:31:16,Mobile Payment,146700.0
1828,625,16,2,2025-10-19 15:22:16,Card,33200.0
1829,445,7,1,2025-10-17 13:52:06,Bank Transfer,367100.0
1830,732,26,4,2024-12-08 18:01:53,Cash,34600.0
1831,531,24,3,2025-08-09 12:36:06,Cash,0.0
1832,547,24,3,2024-08-01 16:18:49,Card,508100.0
1833,931,33,5,2024-07-16 15:33:38,Cash,488700.0
1834,519,24,3,2025-03-27 14:08:44,Card,0.0
1835,854,14,2,2024-09-06 16:24:56,Mobile Payment,0.0
1836,699,25,4,2025-06-18 19:34:22,Mobile Payment,543400.0
1837,745,16,2,2025-04-19 09:17:48,Cash,0.0
1838,667,13,2,2024-01-22 14:30:13,Card,430200.0
1839,173,20,3,2024-02-02 16:54:45,Mobile Payment,239300.0
1840,524,34,5,2025-01-31 14:32:29,Cash,0.0
1841,246,26,4,2024-05-28 15:20:51,Card,69400.0
1842,621,38,5,2025-10-26 11:16:36,Cash,0.0
1843,210,9,2,2025-12-24 13:13:29,Cash,0.0
1844,920,7,1,2025-09-29 13:16:35,Cash,0.0
1845,63,12,2,2024-05-05 09:46:27,Card,330100.0
1846,134,40,5,2025-08-12 18:09:57,Mobile Payment,236600.0
1847,549,24,3,2025-07-27 19:46:15,Mobile Payment,0.0
1848,376,15,2,2024-01-03 19:06:30,Bank Transfer,42300.0
1849,450,10,2,2025-02-22 19:25:54,Cash,0.0
1850,11,26,4,2025-03-25 15:13:47,Card,824600.0
1851,,34,5,2025-05-13 15:29:25,Mobile Payment,259300.0
1852,,29,4,2025-05-09 11:21:26,Cash,0.0
1853,403,6,1,2025-12-28 14:02:42,Mobile Payment,0.0
1854,643,3,1,2024-06-07 19:03:52,Cash,251800.0
1855,612,19,3,2025-10-04 19:07:44,Cash,0.0
1856,82,8,1,2025-07-17 19:00:23,Cash,0.0
1857,,19,3,2025-02-22 10:20:07,Cash,249000.0
1858,913,29,4,2024-10-23 10:08:49,Card,779600.0
1859,,14,2,2025-11-12 14:04:23,Mobile Payment,0.0
1860,,22,3,2025-06-26 19:01:42,Mobile Payment,0.0
1861,958,7,1,2024-10-10 19:24:04,Mobile Payment,395300.0
1862,3,24,3,2024-02-10 19:32:06,Cash,64500.0
1863,512,17,3,2025-07-22 18:56:42,Mobile Payment,0.0
1864,15,6,1,2025-06-11 17:51:37,Cash,0.0
1865,392,17,3,2025-07-20 10:44:46,Cash,227400.0
1866,171,2,1,2025-02-24 15:36:19,Mobile Payment,0.0
1867,859,19,3,2025-06-01 10:09:45,Cash,0.0
1868,438,21,3,2025-08-21 14:38:04,Cash,0.0
1869,787,24,3,2024-05-02 15:25:22,Bank Transfer,0.0
1870,766,20,3,2025-05-28 18:43:48,Cash,0.0
1871,35,38,5,2024-07-13 11:49:08,Card,0.0
1872,312,31,4,2024-09-17 10:58:11,Bank Transfer,0.0
1873,580,36,5,2025-08-13 12:19:56,Cash,0.0
1874,,38,5,2025-08-01 17:59:32,Cash,154700.0
1875,370,39,5,2024-05-25 16:27:44,Card,107400.0
1876,970,38,5,2024-12-13 19:30:53,Mobile Payment,0.0
1877,380,26,4,2025-11-25 09:26:08,Mobile Payment,63500.0
1878,953,20,3,2024-10-11 10:56:53,Cash,0.0
1879,54,39,5,2025-11-09 15:29:54,Mobile Payment,0.0
1880,303,9,2,2025-12-30 10:05:42,Cash,0.0
1881,749,25,4,2024-03-27 19:34:28,Mobile Payment,236400.0
1882,753,35,5,2024-05-17 13:08:23,Card,0.0
1883,777,38,5,2024-07-10 10:06:59,Cash,461200.0
1884,737,24,3,2024-12-05 19:44:56,Cash,0.0
1885,68,11,2,2025-06-22 14:15:08,Cash,0.0
1886,,7,1,2024-08-08 15:47:58,Cash,0.0
1887,78,24,3,2024-06-26 12:40:21,Cash,97200.0
1888,640,39,5,2024-12-27 13:49:36,Bank Transfer,413900.0
1889,680,1,1,2024-01-31 10:47:16,Bank Transfer,428600.0
1890,984,7,1,2025-03-31 10:40:44,Cash,0.0
1891,920,27,4,2024-10-06 11:42:11,Mobile Payment,95700.0
1892,,36,5,2024-02-15 14:07:29,Card,21200.0
1893,567,32,4,2025-01-17 19:28:43,Cash,0.0
1894,871,34,5,2024-09-19 09:30:58,Mobile Payment,0.0
1895,766,29,4,2025-02-07 15:56:45,Mobile Payment,0.0
1896,910,23,3,2025-03-09 17:42:51,Cash,0.0
1897,494,19,3,2025-01-06 14:34:28,Card,21900.0
1898,536,27,4,2025-06-19 12:41:38,Mobile Payment,301700.0
1899,449,5,1,2025-09-16 19:50:38,Bank Transfer,0.0
1900,787,23,3,2025-12-15 13:16:14,Cash,26000.0
1901,,28,4,2025-02-03 11:45:59,Mobile Payment,0.0
1902,436,5,1,2025-05-28 10:05:13,Mobile Payment,0.0
1903,,39,5,2025-03-27 16:30:44,Cash,49500.0
1904,769,39,5,2025-09-15 18:59:06,Card,114900.0
1905,450,4,1,2025-03-20 17:54:34,Card,0.0
1906,138,14,2,2024-03-05 18:22:50,Card,0.0
1907,499,38,5,2025-07-23 16:42:01,Cash,0.0
1908,434,19,3,2025-07-10 16:33:39,Bank Transfer,0.0
1909,46,24,3,2024-09-29 15:17:43,Card,0.0
1910,,6,1,2025-12-01 09:33:34,Card,0.0
1911,,18,3,2025-10-28 09:20:33,Cash,0.0
1912,383,39,5,2025-01-20 12:53:24,Cash,0.0
1913,214,39,5,2024-08-22 12:30:36,Cash,0.0
1914,161,28,4,2024-10-22 14:03:20,Bank Transfer,0.0
1915,298,40,5,2025-10-18 18:27:10,Cash,0.0
1916,533,18,3,2025-09-13 17:05:28,Mobile Payment,0.0
1917,693,38,5,2025-06-20 16:51:19,Bank Transfer,0.0
1918,538,37,5,2024-09-25 13:50:46,Cash,55300.0
1919,,20,3,2025-03-25 19:10:05,Card,163100.0
1920,431,34,5,2025-07-15 18:53:33,Card,606700.0
1921,46,8,1,2024-08-23 15:20:35,Cash,0.0
1922,88,26,4,2024-05-17 12:39:14,Mobile Payment,0.0
1923,900,30,4,2025-08-22 19:34:01,Cash,0.0
1924,930,40,5,2025-10-06 14:40:30,Card,0.0
1925,813,12,2,2025-03-23 15:26:01,Card,0.0
1926,196,5,1,2024-10-11 14:42:02,Bank Transfer,0.0
1927,,11,2,2025-12-07 11:25:22,Card,37800.0
1928,246,23,3,2025-05-26 10:04:29,Card,0.0
1929,337,5,1,2024-01-08 16:21:45,Bank Transfer,0.0
1930,570,38,5,2024-02-04 16:47:44,Cash,250700.0
1931,38,34,5,2024-11-21 15:35:15,Mobile Payment,0.0
1932,136,35,5,2024-04-24 13:46:36,Cash,0.0
1933,,33,5,2025-06-25 14:33:13,Card,601000.0
1934,,15,2,2025-03-11 14:42:26,Cash,188400.0
1935,697,21,3,2024-04-12 09:20:47,Card,0.0
1936,530,34,5,2024-01-27 19:34:58,Card,0.0
1937,187,27,4,2024-02-17 17:01:09,Cash,0.0
1938,186,20,3,2024-04-29 15:24:00,Card,230600.0
1939,,24,3,2025-11-10 19:22:02,Mobile Payment,0.0
1940,618,11,2,2025-10-03 16:01:25,Bank Transfer,0.0
1941,692,23,3,2025-10-26 14:47:44,Mobile Payment,0.0
1942,104,8,1,2024-02-09 17:46:14,Mobile Payment,0.0
1943,,28,4,2025-11-18 18:02:49,Cash,0.0
1944,365,39,5,2025-05-22 19:10:53,Cash,0.0
1945,288,2,1,2025-02-11 15:34:58,Mobile Payment,0.0
1946,342,34,5,2025-01-08 09:06:24,Mobile Payment,27500.0
1947,593,26,4,2024-05-10 16:25:37,Cash,0.0
1948,141,40,5,2024-05-02 16:57:14,Mobile Payment,227800.0
1949,417,24,3,2024-03-30 15:21:02,Mobile Payment,0.0
1950,411,35,5,2025-09-05 15:47:38,Cash,217200.0
1951,319,27,4,2024-01-22 18:12:51,Card,0.0
1952,890,29,4,2025-11-06 19:07:19,Mobile Payment,0.0
1953,,19,3,2024-11-29 14:21:24,Cash,0.0
1954,217,18,3,2024-01-10 18:42:22,Mobile Payment,242600.0
1955,157,35,5,2025-12-14 09:28:10,Cash,0.0
1956,354,26,4,2024-09-11 11:26:30,Cash,0.0
1957,950,5,1,2025-01-29 17:28:40,Cash,0.0
1958,764,27,4,2025-02-16 15:32:16,Mobile Payment,0.0
1959,315,36,5,2024-07-10 09:12:04,Mobile Payment,0.0
1960,980,36,5,2024-07-12 12:06:41,Mobile Payment,110000.0
1961,813,2,1,2025-09-03 12:32:33,Mobile Payment,126400.0
1962,,6,1,2025-05-11 12:16:51,Cash,0.0
1963,886,17,3,2024-10-23 15:02:09,Cash,122100.0
1964,960,18,3,2025-10-15 17:44:09,Card,128000.0
1965,941,32,4,2025-10-29 09:25:08,Card,0.0
1966,698,39,5,2025-03-04 14:03:34,Cash,0.0
1967,,28,4,2024-02-25 17:43:29,Cash,0.0
1968,619,9,2,2024-02-23 14:54:50,Cash,0.0
1969,667,24,3,2025-09-30 17:45:34,Cash,11000.0
1970,266,36,5,2024-06-26 11:36:29,Mobile Payment,0.0
1971,600,13,2,2025-05-16 14:18:15,Card,0.0
1972,642,13,2,2025-03-14 12:25:26,Cash,0.0
1973,487,25,4,2025-09-23 18:03:46,Mobile Payment,0.0
1974,,33,5,2024-10-16 12:13:15,Mobile Payment,273300.0
1975,219,12,2,2024-11-30 11:00:54,Mobile Payment,203600.0
1976,,12,2,2024-04-29 15:06:18,Card,0.0
1977,450,5,1,2024-11-20 16:58:47,Mobile Payment,0.0
1978,518,23,3,2025-03-27 12:40:22,Mobile Payment,51900.0
1979,988,4,1,2025-10-29 09:09:45,Mobile Payment,980100.0
1980,851,12,2,2025-01-10 16:28:28,Cash,41900.0
1981,127,40,5,2025-12-11 19:49:22,Cash,0.0
1982,,34,5,2025-02-14 17:55:15,Mobile Payment,0.0
1983,564,3,1,2024-10-26 17:19:23,Card,0.0
1984,368,18,3,2025-08-10 09:43:26,Cash,527300.0
1985,59,8,1,2024-01-30 15:06:13,Cash,0.0
1986,560,8,1,2024-06-15 09:15:20,Cash,0.0
1987,873,25,4,2025-12-27 16:35:52,Cash,300500.0
1988,551,2,1,2024-09-16 16:20:56,Mobile Payment,0.0
1989,778,29,4,2024-05-09 10:50:05,Cash,0.0
1990,466,6,1,2025-09-20 11:15:17,Cash,119800.0
1991,,7,1,2024-10-03 18:50:20,Cash,332800.0
1992,950,4,1,2025-10-19 19:18:41,Mobile Payment,0.0
1993,667,24,3,2025-01-19 09:07:35,Cash,0.0
1994,324,21,3,2025-05-15 13:53:31,Bank Transfer,0.0
1995,989,7,1,2025-05-29 14:09:53,Cash,511900.0
1996,303,6,1,2025-09-28 15:35:36,Bank Transfer,193900.0
1997,182,35,5,2025-05-29 10:33:17,Cash,0.0
1998,,13,2,2024-03-19 15:40:06,Cash,0.0
1999,465,33,5,2025-06-06 17:47:47,Card,541600.0
2000,244,19,3,2025-07-21 11:49:52,Cash,243600.0
2001,861,14,2,2025-03-15 10:27:11,Cash,0.0
2002,654,5,1,2024-06-03 09:38:16,Card,0.0
2003,849,19,3,2025-11-10 14:14:55,Mobile Payment,192800.0
2004,327,16,2,2024-08-03 16:37:22,Card,0.0
2005,,4,1,2025-11-02 12:03:06,Cash,0.0
2006,,21,3,2025-12-29 10:10:13,Bank Transfer,0.0
2007,739,38,5,2025-12-21 16:03:49,Card,0.0
2008,267,24,3,2025-06-15 12:30:39,Mobile Payment,39200.0
2009,96,36,5,2025-04-02 10:23:06,Mobile Payment,0.0
2010,399,10,2,2024-04-08 12:50:13,Card,354800.0
2011,671,1,1,2024-11-24 12:58:22,Card,384000.0
2012,638,3,1,2025-07-01 13:31:30,Mobile Payment,1107700.0
2013,,31,4,2025-03-02 19:57:31,Mobile Payment,0.0
2014,273,6,1,2024-12-11 12:01:38,Bank Transfer,0.0
2015,67,9,2,2025-02-28 10:51:34,Mobile Payment,25300.0
2016,334,13,2,2025-04-04 13:08:19,Mobile Payment,129200.0
2017,996,19,3,2025-08-12 19:38:01,Cash,0.0
2018,27,6,1,2025-05-03 17:52:42,Mobile Payment,182300.0
2019,608,29,4,2024-10-11 14:27:20,Mobile Payment,0.0
2020,990,17,3,2025-10-13 14:57:05,Cash,369900.0
2021,,30,4,2025-09-07 18:43:15,Mobile Payment,0.0
2022,327,17,3,2025-01-31 19:30:01,Mobile Payment,20600.0
2023,582,5,1,2024-02-08 09:18:45,Cash,0.0
2024,817,30,4,2024-06-23 14:26:01,Card,0.0
2025,487,2,1,2024-07-16 17:02:44,Bank Transfer,269200.0
2026,125,19,3,2025-11-28 19:23:03,Cash,0.0
2027,331,26,4,2025-05-24 13:04:40,Card,0.0
2028,486,11,2,2025-12-18 12:07:37,Cash,0.0
2029,709,23,3,2025-08-30 15:18:23,Card,0.0
2030,310,16,2,2025-10-09 11:17:47,Mobile Payment,0.0
2031,552,37,5,2024-01-21 09:36:42,Mobile Payment,0.0
2032,712,33,5,2025-10-21 16:48:15,Bank Transfer,381600.0
2033,194,14,2,2024-04-24 18:06:54,Card,0.0
2034,923,34,5,2025-09-07 12:57:23,Cash,0.0
2035,,6,1,2025-03-06 16:20:36,Bank Transfer,0.0
2036,779,5,1,2024-02-04 14:51:28,Mobile Payment,0.0
2037,,22,3,2024-10-15 13:39:18,Mobile Payment,135200.0
2038,843,21,3,2024-12-31 14:46:21,Card,0.0
2039,789,20,3,2024-01-11 19:28:10,Cash,561300.0
2040,360,37,5,2024-06-10 19:27:52,Card,0.0
2041,828,29,4,2024-09-27 17:11:41,Mobile Payment,0.0
2042,606,7,1,2024-12-29 12:30:31,Bank Transfer,457400.0
2043,27,34,5,2025-02-02 12:43:27,Mobile Payment,497200.0
2044,570,33,5,2025-05-06 18:32:09,Bank Transfer,0.0
2045,279,33,5,2024-05-24 12:49:30,Mobile Payment,110800.0
2046,640,7,1,2025-11-19 18:40:22,Cash,0.0
2047,,35,5,2025-07-20 16:38:57,Card,205300.0
2048,828,9,2,2025-01-11 18:24:27,Card,359400.0
2049,316,30,4,2025-11-23 13:56:10,Cash,0.0
2050,623,17,3,2024-09-06 09:52:46,Card,0.0
2051,202,27,4,2025-01-01 09:53:21,Card,0.0
2052,617,27,4,2025-02-08 17:45:29,Card,0.0
2053,727,34,5,2024-06-24 17:27:28,Card,15200.0
2054,427,27,4,2025-09-03 15:55:39,Cash,0.0
2055,439,8,1,2024-04-14 18:04:08,Cash,192400.0
2056,287,14,2,2024-11-21 09:05:37,Mobile Payment,480300.0
2057,743,16,2,2024-02-28 09:46:44,Cash,0.0
2058,654,9,2,2024-07-08 10:45:59,Cash,80200.0
2059,82,2,1,2025-11-07 13:36:10,Mobile Payment,758300.0
2060,,5,1,2024-09-12 14:34:46,Cash,28200.0
2061,111,22,3,2024-02-23 10:57:20,Bank Transfer,672100.0
2062,,24,3,2025-05-11 18:27:26,Cash,0.0
2063,,29,4,2025-11-09 17:26:48,Bank Transfer,58700.0
2064,520,2,1,2024-11-03 17:35:52,Cash,0.0
2065,389,5,1,2024-10-04 13:05:57,Bank Transfer,204700.0
2066,859,2,1,2024-12-02 10:14:28,Card,39900.0
2067,598,26,4,2024-10-28 11:55:58,Mobile Payment,149600.0
2068,489,27,4,2025-11-18 12:38:47,Cash,178400.0
2069,735,2,1,2025-12-05 16:22:48,Bank Transfer,0.0
2070,,32,4,2024-02-16 15:27:31,Cash,238500.0
2071,802,10,2,2025-01-06 11:28:11,Card,0.0
2072,858,2,1,2024-06-23 19:49:02,Mobile Payment,740700.0
2073,123,14,2,2025-02-18 11:03:34,Bank Transfer,0.0
2074,415,28,4,2025-04-13 09:14:57,Bank Transfer,0.0
2075,,23,3,2024-07-16 15:54:03,Cash,0.0
2076,777,29,4,2024-01-19 18:28:35,Mobile Payment,0.0
2077,872,1,1,2024-02-22 19:00:27,Cash,0.0
2078,524,9,2,2024-01-06 13:27:03,Mobile Payment,0.0
2079,,36,5,2025-04-26 14:39:50,Cash,507500.0
2080,70,22,3,2024-04-26 12:00:43,Cash,80800.0
2081,446,33,5,2025-07-08 13:11:31,Cash,48800.0
2082,,6,1,2025-12-11 11:34:23,Mobile Payment,0.0
2083,884,17,3,2025-01-05 10:13:55,Cash,0.0
2084,753,18,3,2024-05-10 09:45:59,Cash,0.0
2085,342,35,5,2025-01-26 17:36:57,Card,0.0
2086,223,12,2,2025-09-09 09:24:03,Card,0.0
2087,202,16,2,2024-07-29 18:54:19,Bank Transfer,0.0
2088,854,20,3,2025-03-17 13:13:27,Cash,0.0
2089,173,38,5,2024-04-21 13:24:44,Card,156800.0
2090,765,19,3,2024-08-03 12:52:14,Bank Transfer,104700.0
2091,403,16,2,2024-01-17 13:00:01,Mobile Payment,204300.0
2092,605,27,4,2025-02-02 09:47:10,Bank Transfer,87800.0
2093,,35,5,2024-07-25 12:56:54,Card,0.0
2094,165,30,4,2024-04-11 17:44:59,Cash,0.0
2095,,10,2,2025-03-09 17:36:24,Cash,326400.0
2096,801,30,4,2025-05-30 09:27:34,Card,0.0
2097,901,40,5,2024-01-09 12:07:02,Cash,0.0
2098,438,25,4,2024-10-05 17:15:12,Card,0.0
2099,931,29,4,2024-02-27 14:59:40,Card,0.0
2100,,14,2,2025-12-23 12:28:06,Bank Transfer,425600.0
2101,193,28,4,2024-03-20 13:52:10,Mobile Payment,605200.0
2102,,27,4,2025-04-05 12:46:51,Bank Transfer,0.0
2103,618,23,3,2024-09-16 09:48:07,Cash,0.0
2104,70,31,4,2025-04-10 11:39:11,Mobile Payment,0.0
2105,581,2,1,2024-11-17 13:06:14,Bank Transfer,0.0
2106,968,27,4,2024-06-07 14:41:56,Card,92800.0
2107,,30,4,2025-05-24 13:41:35,Mobile Payment,0.0
2108,,27,4,2025-05-07 12:40:23,Cash,0.0
2109,42,25,4,2025-08-22 15:04:18,Card,0.0
2110,434,9,2,2024-02-25 10:30:56,Mobile Payment,0.0
2111,371,9,2,2025-10-24 14:11:52,Bank Transfer,0.0
2112,474,9,2,2025-05-26 12:10:06,Cash,0.0
2113,393,26,4,2024-04-30 16:05:13,Cash,220900.0
2114,932,29,4,2024-09-08 13:53:36,Card,78900.0
2115,103,13,2,2025-05-26 16:43:54,Mobile Payment,0.0
2116,640,40,5,2024-12-17 14:38:40,Mobile Payment,0.0
2117,,35,5,2024-08-21 09:51:55,Mobile Payment,0.0
2118,279,16,2,2025-04-13 13:18:41,Cash,0.0
2119,860,17,3,2024-10-29 16:29:08,Mobile Payment,0.0
2120,98,1,1,2025-02-23 16:40:57,Cash,0.0
2121,,7,1,2025-10-13 13:08:07,Cash,0.0
2122,427,13,2,2025-06-12 18:04:00,Card,0.0
2123,295,23,3,2024-12-24 10:41:09,Cash,227900.0
2124,362,20,3,2024-11-26 16:34:47,Mobile Payment,162600.0
2125,,3,1,2025-02-06 13:40:09,Bank Transfer,0.0
2126,452,36,5,2025-04-20 19:29:03,Mobile Payment,0.0
2127,982,15,2,2025-11-15 12:11:28,Cash,0.0
2128,942,5,1,2025-05-17 09:30:32,Bank Transfer,440800.0
2129,386,28,4,2025-02-02 18:51:06,Cash,0.0
2130,,27,4,2025-06-23 11:25:51,Bank Transfer,0.0
2131,678,16,2,2024-10-17 16:54:51,Mobile Payment,594600.0
2132,784,28,4,2024-03-13 19:13:41,Cash,18100.0
2133,66,17,3,2024-05-25 10:51:01,Cash,0.0
2134,523,40,5,2024-02-27 09:22:07,Cash,0.0
2135,778,11,2,2025-07-23 16:40:36,Cash,741400.0
2136,38,13,2,2024-07-30 17:31:08,Card,0.0
2137,425,21,3,2024-04-27 18:45:36,Cash,0.0
2138,285,16,2,2025-04-02 19:04:54,Bank Transfer,136300.0
2139,,35,5,2024-12-23 10:41:58,Cash,158500.0
2140,106,5,1,2024-10-11 14:26:27,Bank Transfer,476500.0
2141,773,2,1,2024-01-02 11:25:41,Cash,0.0
2142,577,30,4,2025-04-13 12:46:08,Card,60100.0
2143,590,12,2,2024-09-06 09:39:50,Mobile Payment,0.0
2144,295,7,1,2024-12-08 12:54:53,Mobile Payment,0.0
2145,618,34,5,2025-10-12 15:09:37,Mobile Payment,0.0
2146,,7,1,2025-02-11 10:25:38,Card,0.0
2147,48,28,4,2024-04-16 18:36:18,Card,180300.0
2148,864,36,5,2024-01-19 17:42:48,Cash,237800.0
2149,747,30,4,2025-09-28 15:33:47,Card,0.0
2150,549,1,1,2025-08-06 16:04:57,Mobile Payment,400500.0
2151,832,10,2,2024-03-08 14:24:28,Mobile Payment,0.0
2152,890,29,4,2025-09-15 19:53:53,Cash,0.0
2153,673,12,2,2025-11-07 10:23:58,Cash,0.0
2154,,23,3,2024-11-08 13:38:16,Cash,0.0
2155,165,34,5,2025-12-21 19:04:39,Card,0.0
2156,606,21,3,2024-03-23 15:57:40,Cash,105600.0
2157,551,32,4,2024-02-21 17:01:21,Card,0.0
2158,35,38,5,2025-12-19 16:11:18,Cash,0.0
2159,197,8,1,2024-12-21 18:35:38,Bank Transfer,0.0
2160,128,36,5,2024-07-04 14:04:38,Cash,0.0
2161,567,6,1,2025-08-14 13:54:43,Cash,223000.0
2162,615,2,1,2024-05-03 14:41:54,Bank Transfer,0.0
2163,322,11,2,2024-07-28 16:23:00,Bank Transfer,28800.0
2164,,11,2,2024-10-12 12:16:44,Bank Transfer,0.0
2165,531,14,2,2024-01-20 09:26:45,Mobile Payment,0.0
2166,605,35,5,2025-06-15 15:11:23,Card,153000.0
2167,616,14,2,2025-06-02 16:46:13,Cash,61000.0
2168,,7,1,2025-04-16 14:54:01,Cash,0.0
2169,853,31,4,2024-08-04 16:05:15,Card,0.0
2170,874,20,3,2025-06-02 11:34:59,Mobile Payment,0.0
2171,862,20,3,2025-10-22 16:50:48,Cash,82400.0
2172,165,13,2,2025-02-21 13:43:17,Card,0.0
2173,669,7,1,2025-08-06 18:51:41,Cash,0.0
2174,589,11,2,2024-03-13 15:09:37,Cash,422800.0
2175,958,6,1,2025-01-20 18:21:41,Card,27800.0
2176,907,19,3,2025-07-14 17:34:39,Mobile Payment,218700.0
2177,326,8,1,2024-04-11 13:38:47,Bank Transfer,253000.0
2178,188,37,5,2024-09-24 13:13:51,Mobile Payment,1347400.0
2179,331,33,5,2024-11-07 12:32:57,Cash,0.0
2180,80,10,2,2025-07-22 10:35:48,Mobile Payment,0.0
2181,,40,5,2024-11-12 15:00:13,Bank Transfer,0.0
2182,467,5,1,2024-06-30 12:55:08,Card,0.0
2183,520,7,1,2024-12-18 11:55:29,Cash,0.0
2184,253,14,2,2024-03-06 12:25:55,Cash,0.0
2185,832,34,5,2025-09-03 13:00:04,Cash,0.0
2186,717,5,1,2025-01-08 09:44:45,Cash,0.0
2187,871,15,2,2024-05-15 14:04:02,Cash,0.0
2188,721,7,1,2025-03-29 12:03:55,Mobile Payment,974900.0
2189,,31,4,2024-12-11 12:15:36,Mobile Payment,334400.0
2190,,6,1,2025-05-31 09:44:00,Card,66400.0
2191,886,28,4,2025-10-25 10:17:25,Mobile Payment,0.0
2192,,21,3,2025-02-01 13:41:10,Card,0.0
2193,,33,5,2025-02-19 09:53:38,Card,0.0
2194,26,35,5,2025-02-03 16:30:40,Cash,0.0
2195,789,37,5,2024-07-19 18:43:27,Mobile Payment,0.0
2196,785,15,2,2025-11-20 14:14:18,Cash,0.0
2197,495,8,1,2024-10-29 14:13:04,Card,0.0
2198,360,7,1,2025-08-19 14:19:30,Card,0.0
2199,,13,2,2024-11-27 09:41:33,Bank Transfer,0.0
2200,311,25,4,2024-06-20 11:23:10,Bank Transfer,207900.0
2201,43,6,1,2024-11-02 10:31:23,Cash,0.0
2202,246,35,5,2025-07-20 10:28:12,Mobile Payment,138900.0
2203,586,23,3,2024-04-21 11:51:03,Cash,0.0
2204,,30,4,2025-01-26 11:21:57,Cash,0.0
2205,752,11,2,2024-12-30 16:56:00,Mobile Payment,0.0
2206,966,5,1,2024-09-01 17:43:54,Cash,0.0
2207,973,30,4,2025-07-31 10:34:48,Mobile Payment,0.0
2208,22,6,1,2024-07-18 09:27:31,Bank Transfer,24700.0
2209,82,32,4,2025-04-20 15:37:09,Card,0.0
2210,583,29,4,2024-11-09 14:59:45,Card,0.0
2211,774,32,4,2025-03-10 18:20:38,Cash,730200.0
2212,128,16,2,2024-02-13 12:43:55,Card,0.0
2213,612,11,2,2025-08-14 17:28:24,Cash,0.0
2214,778,3,1,2025-11-28 13:11:55,Cash,60800.0
2215,999,37,5,2024-07-16 13:04:12,Card,27400.0
2216,586,24,3,2025-01-25 11:01:28,Card,0.0
2217,353,10,2,2025-10-29 10:49:25,Card,211100.0
2218,,37,5,2024-08-16 17:12:02,Card,0.0
2219,314,25,4,2025-06-15 17:03:56,Mobile Payment,218100.0
2220,471,11,2,2025-03-18 10:29:13,Cash,511800.0
2221,346,11,2,2025-08-26 12:33:47,Cash,0.0
2222,780,31,4,2024-09-18 18:11:46,Bank Transfer,0.0
2223,116,11,2,2025-10-12 16:51:44,Card,0.0
2224,99,36,5,2024-02-04 11:05:12,Card,0.0
2225,922,16,2,2024-11-13 18:00:30,Bank Transfer,15600.0
2226,898,26,4,2024-06-26 17:32:42,Bank Transfer,0.0
2227,703,11,2,2025-04-03 19:33:06,Cash,143300.0
2228,253,23,3,2024-04-11 19:05:21,Cash,0.0
2229,98,23,3,2025-05-18 09:05:17,Mobile Payment,951300.0
2230,550,27,4,2024-10-18 17:28:19,Cash,706100.0
2231,668,25,4,2025-12-21 15:48:12,Bank Transfer,0.0
2232,981,7,1,2025-08-30 17:16:41,Card,419900.0
2233,327,32,4,2025-06-21 14:36:08,Mobile Payment,0.0
2234,204,36,5,2025-03-26 13:19:34,Cash,0.0
2235,869,32,4,2025-10-17 09:09:07,Card,0.0
2236,,31,4,2024-08-01 11:37:18,Mobile Payment,109500.0
2237,18,33,5,2025-06-08 15:20:20,Card,0.0
2238,36,36,5,2025-11-25 10:15:08,Cash,0.0
2239,389,7,1,2025-01-17 16:23:23,Card,0.0
2240,418,25,4,2024-12-15 15:03:55,Card,6400.0
2241,105,31,4,2024-04-29 15:56:51,Bank Transfer,0.0
2242,806,13,2,2024-10-25 14:24:38,Cash,0.0
2243,353,32,4,2024-12-02 16:21:54,Cash,92200.0
2244,708,12,2,2025-06-21 17:10:52,Bank Transfer,341700.0
2245,157,15,2,2024-08-16 13:33:28,Cash,615600.0
2246,357,36,5,2024-01-23 18:41:44,Mobile Payment,0.0
2247,,22,3,2025-03-26 18:39:38,Cash,0.0
2248,581,27,4,2024-09-12 09:24:41,Cash,0.0
2249,705,32,4,2025-09-12 14:51:37,Cash,0.0
2250,501,26,4,2025-08-26 15:30:20,Card,311700.0
2251,193,13,2,2024-11-01 12:35:59,Cash,242600.0
2252,471,31,4,2025-09-08 09:33:49,Cash,0.0
2253,,21,3,2025-04-22 13:11:29,Cash,0.0
2254,658,6,1,2024-09-15 16:52:41,Cash,266000.0
2255,950,23,3,2024-01-08 12:28:34,Mobile Payment,0.0
2256,545,1,1,2025-07-27 19:41:23,Card,0.0
2257,738,32,4,2025-09-18 16:44:49,Mobile Payment,0.0
2258,898,39,5,2024-03-12 15:57:14,Cash,467900.0
2259,497,39,5,2024-11-06 09:39:16,Mobile Payment,40100.0
2260,,13,2,2025-07-30 19:21:18,Cash,17400.0
2261,,12,2,2024-09-17 17:10:34,Cash,0.0
2262,,39,5,2025-09-25 15:38:02,Cash,324500.0
2263,416,5,1,2024-05-05 14:40:29,Bank Transfer,135900.0
2264,930,32,4,2025-08-07 12:51:15,Cash,0.0
2265,,14,2,2024-02-24 15:18:04,Cash,0.0
2266,524,19,3,2024-08-05 13:40:27,Cash,0.0
2267,,15,2,2024-09-23 13:43:03,Bank Transfer,0.0
2268,819,20,3,2024-12-13 19:16:52,Bank Transfer,0.0
2269,468,34,5,2024-09-11 17:18:45,Mobile Payment,43300.0
2270,69,17,3,2025-01-18 17:56:08,Mobile Payment,651800.0
2271,929,26,4,2024-04-08 18:50:46,Card,0.0
2272,358,13,2,2024-10-04 11:35:01,Bank Transfer,63200.0
2273,393,8,1,2025-07-27 16:15:00,Bank Transfer,268300.0
2274,603,27,4,2024-01-26 14:43:23,Bank Transfer,962600.0
2275,34,12,2,2025-09-08 18:49:18,Card,0.0
2276,559,27,4,2025-06-26 09:43:54,Cash,0.0
2277,,37,5,2025-02-17 19:44:46,Card,0.0
2278,921,25,4,2024-08-02 11:28:06,Card,0.0
2279,209,3,1,2024-02-05 16:21:56,Cash,0.0
2280,278,9,2,2025-10-09 15:52:16,Card,0.0
2281,,17,3,2025-11-29 16:15:40,Card,0.0
2282,590,29,4,2024-05-08 15:05:40,Card,0.0
2283,38,14,2,2024-07-06 16:21:26,Card,0.0
2284,68,4,1,2024-07-01 10:21:10,Cash,550400.0
2285,386,11,2,2024-11-03 15:53:47,Card,0.0
2286,94,16,2,2025-04-09 17:34:56,Cash,0.0
2287,61,37,5,2025-04-27 18:51:53,Bank Transfer,0.0
2288,,22,3,2025-04-10 14:28:37,Cash,92100.0
2289,987,34,5,2024-01-22 18:48:39,Mobile Payment,0.0
2290,316,19,3,2024-08-10 09:34:00,Cash,0.0
2291,756,21,3,2025-04-02 14:12:51,Card,159200.0
2292,382,27,4,2025-10-11 12:03:12,Card,0.0
2293,882,1,1,2024-09-21 17:59:53,Cash,0.0
2294,,24,3,2025-05-10 11:05:06,Cash,133700.0
2295,,31,4,2025-03-15 12:58:23,Cash,0.0
2296,955,29,4,2024-04-13 13:30:56,Mobile Payment,45300.0
2297,693,14,2,2025-04-15 16:59:24,Bank Transfer,0.0
2298,,18,3,2025-02-01 19:57:24,Bank Transfer,693500.0
2299,,7,1,2025-11-14 19:47:14,Cash,0.0
2300,732,6,1,2025-10-15 19:38:45,Bank Transfer,132700.0
2301,111,33,5,2025-03-20 11:35:47,Cash,0.0
2302,265,33,5,2024-12-25 10:40:33,Cash,0.0
2303,362,36,5,2024-10-18 16:09:18,Cash,0.0
2304,214,20,3,2024-01-22 18:26:18,Bank Transfer,0.0
2305,623,3,1,2025-08-20 14:06:26,Bank Transfer,20700.0
2306,757,28,4,2024-08-16 10:55:59,Cash,187500.0
2307,927,21,3,2025-04-23 15:21:45,Cash,0.0
2308,401,27,4,2024-03-09 16:23:04,Cash,252500.0
2309,61,24,3,2024-09-23 19:21:45,Card,101900.0
2310,289,3,1,2025-04-12 15:02:31,Cash,144500.0
2311,320,34,5,2025-01-31 09:42:12,Cash,144700.0
2312,768,34,5,2024-02-03 19:06:18,Mobile Payment,143900.0
2313,144,33,5,2025-11-21 10:08:29,Mobile Payment,0.0
2314,,17,3,2025-06-22 09:42:12,Mobile Payment,513400.0
2315,334,3,1,2025-12-12 18:15:29,Cash,0.0
2316,473,12,2,2025-07-17 15:20:26,Cash,0.0
2317,326,1,1,2024-01-08 12:00:00,Card,0.0
2318,,9,2,2024-07-14 09:29:04,Mobile Payment,102100.0
2319,,40,5,2025-01-22 19:25:10,Cash,33200.0
2320,902,16,2,2024-05-17 18:42:10,Cash,0.0
2321,612,28,4,2025-07-26 18:49:57,Card,193700.0
2322,322,22,3,2025-04-11 11:57:32,Card,0.0
2323,273,33,5,2024-12-24 14:58:35,Cash,0.0
2324,254,37,5,2024-03-07 15:29:36,Bank Transfer,190000.0
2325,262,18,3,2024-03-13 17:39:07,Card,188000.0
2326,504,3,1,2025-03-06 11:35:58,Cash,18500.0
2327,,1,1,2024-12-30 16:51:01,Mobile Payment,0.0
2328,345,30,4,2025-12-03 11:42:58,Cash,0.0
2329,201,1,1,2024-04-16 14:44:41,Mobile Payment,0.0
2330,362,24,3,2025-11-25 09:00:08,Cash,0.0
2331,553,24,3,2025-12-06 16:57:10,Card,146500.0
2332,761,14,2,2025-03-26 11:42:34,Cash,322900.0
2333,275,1,1,2024-09-27 11:02:43,Cash,0.0
2334,432,35,5,2025-05-28 16:24:22,Bank Transfer,0.0
2335,834,38,5,2024-01-26 15:48:24,Card,0.0
2336,648,9,2,2024-02-22 09:11:21,Bank Transfer,0.0
2337,7,13,2,2025-10-12 19:32:18,Cash,0.0
2338,774,12,2,2025-05-08 09:27:38,Cash,107100.0
2339,697,22,3,2024-11-29 18:17:10,Mobile Payment,0.0
2340,442,2,1,2025-06-16 09:55:06,Card,0.0
2341,252,38,5,2025-09-10 11:28:06,Bank Transfer,0.0
2342,112,36,5,2025-06-01 15:05:25,Bank Transfer,0.0
2343,480,17,3,2025-07-06 13:12:05,Bank Transfer,0.0
2344,,1,1,2024-11-24 12:42:04,Card,0.0
2345,578,37,5,2024-12-10 18:23:34,Card,57900.0
2346,134,9,2,2025-05-22 17:15:28,Mobile Payment,0.0
2347,769,22,3,2025-08-19 11:12:11,Card,531200.0
2348,69,35,5,2025-06-10 15:12:08,Cash,171100.0
2349,493,7,1,2024-01-03 19:54:31,Cash,0.0
2350,,28,4,2024-09-08 14:25:17,Card,0.0
2351,426,19,3,2024-04-06 14:46:46,Bank Transfer,0.0
2352,367,25,4,2025-10-10 11:52:46,Cash,0.0
2353,367,20,3,2024-02-16 15:57:04,Bank Transfer,81600.0
2354,,12,2,2024-10-01 09:32:31,Cash,0.0
2355,885,3,1,2025-07-23 13:56:13,Card,0.0
2356,930,24,3,2025-12-29 12:52:55,Card,0.0
2357,35,17,3,2024-11-07 13:29:56,Cash,0.0
2358,928,33,5,2025-10-23 15:20:34,Card,0.0
2359,,7,1,2025-07-31 16:53:54,Mobile Payment,0.0
2360,173,5,1,2024-05-30 09:53:09,Cash,0.0
2361,497,5,1,2024-01-03 11:40:18,Cash,234300.0
2362,289,1,1,2024-01-28 10:12:08,Card,0.0
2363,175,14,2,2024-08-23 11:38:20,Bank Transfer,0.0
2364,965,37,5,2025-02-21 16:51:24,Card,0.0
2365,533,15,2,2024-02-26 11:31:12,Card,0.0
2366,745,40,5,2025-12-25 16:55:29,Bank Transfer,64500.0
2367,,36,5,2024-07-20 17:46:50,Card,0.0
2368,220,2,1,2024-10-11 13:04:10,Cash,213700.0
2369,,12,2,2024-07-20 19:29:17,Mobile Payment,0.0
2370,966,33,5,2024-12-14 12:48:02,Cash,0.0
2371,,12,2,2024-07-05 19:12:00,Cash,64500.0
2372,232,32,4,2024-10-18 16:46:40,Bank Transfer,0.0
2373,757,17,3,2025-07-23 19:49:24,Mobile Payment,48000.0
2374,566,18,3,2024-04-23 19:03:57,Cash,0.0
2375,609,31,4,2025-10-22 17:01:50,Mobile Payment,0.0
2376,369,11,2,2024-01-25 15:20:17,Cash,0.0
2377,426,16,2,2024-03-13 14:09:56,Cash,0.0
2378,90,9,2,2025-09-25 14:15:46,Bank Transfer,0.0
2379,,40,5,2024-10-15 16:35:29,Card,541100.0
2380,852,8,1,2025-06-20 10:47:02,Cash,0.0
2381,915,19,3,2024-04-17 10:47:32,Bank Transfer,0.0
2382,436,8,1,2024-06-22 12:44:04,Mobile Payment,404700.0
2383,,17,3,2024-09-28 10:08:04,Cash,0.0
2384,454,7,1,2025-03-01 09:49:27,Bank Transfer,24600.0
2385,731,38,5,2024-05-03 13:46:08,Cash,209300.0
2386,153,2,1,2024-03-22 15:11:55,Cash,188100.0
2387,47,27,4,2024-11-21 14:13:07,Card,222000.0
2388,,37,5,2024-11-24 11:19:59,Card,45500.0
2389,429,4,1,2024-03-17 18:06:49,Mobile Payment,0.0
2390,712,26,4,2025-08-24 11:42:44,Cash,0.0
2391,434,19,3,2024-12-30 13:40:12,Mobile Payment,350600.0
2392,49,31,4,2025-03-23 13:35:04,Cash,0.0
2393,305,1,1,2025-05-20 09:32:44,Mobile Payment,0.0
2394,881,12,2,2024-04-09 14:29:36,Cash,0.0
2395,513,9,2,2024-03-25 16:52:58,Bank Transfer,0.0
2396,41,2,1,2024-01-21 17:17:00,Bank Transfer,0.0
2397,921,7,1,2024-08-22 12:13:52,Mobile Payment,0.0
2398,,6,1,2024-12-28 09:33:41,Cash,0.0
2399,103,6,1,2025-01-14 15:59:18,Card,0.0
2400,,33,5,2025-03-26 15:05:37,Bank Transfer,0.0
2401,107,37,5,2025-09-16 09:15:08,Card,0.0
2402,828,22,3,2024-01-24 19:50:02,Cash,0.0
2403,823,39,5,2024-02-06 12:37:03,Cash,0.0
2404,782,14,2,2024-03-17 14:15:16,Cash,0.0
2405,,4,1,2025-05-19 17:05:54,Cash,0.0
2406,598,33,5,2025-08-13 16:22:31,Mobile Payment,0.0
2407,,29,4,2024-11-15 13:57:38,Cash,0.0
2408,801,27,4,2025-03-17 10:01:21,Mobile Payment,0.0
2409,324,6,1,2025-01-27 17:32:51,Mobile Payment,0.0
2410,602,1,1,2024-06-29 12:34:18,Cash,0.0
2411,69,15,2,2025-10-21 19:02:39,Card,150700.0
2412,662,10,2,2025-06-25 12:41:16,Cash,0.0
2413,,12,2,2024-10-29 15:46:42,Cash,880600.0
2414,433,27,4,2025-12-23 13:08:47,Cash,420400.0
2415,781,5,1,2024-10-28 19:21:01,Card,0.0
2416,457,25,4,2025-06-19 10:16:18,Mobile Payment,116100.0
2417,,10,2,2024-12-18 19:59:12,Cash,0.0
2418,205,12,2,2024-10-10 14:04:11,Bank Transfer,0.0
2419,158,5,1,2025-10-28 16:48:57,Mobile Payment,26700.0
2420,478,17,3,2025-10-27 09:28:32,Mobile Payment,0.0
2421,464,31,4,2025-12-31 09:41:14,Cash,0.0
2422,494,5,1,2025-06-04 11:44:16,Cash,0.0
2423,,32,4,2024-07-26 09:48:24,Mobile Payment,122300.0
2424,826,1,1,2024-03-03 18:09:20,Mobile Payment,290400.0
2425,699,24,3,2024-05-04 13:22:07,Cash,481000.0
2426,437,30,4,2025-02-01 11:29:23,Bank Transfer,0.0
2427,268,36,5,2025-09-11 16:23:39,Cash,0.0
2428,526,25,4,2024-12-05 13:56:16,Cash,0.0
2429,607,20,3,2025-06-07 17:21:57,Card,0.0
2430,203,28,4,2025-07-16 14:19:17,Mobile Payment,53100.0
2431,654,39,5,2025-12-20 19:39:45,Bank Transfer,0.0
2432,173,16,2,2024-06-18 13:28:51,Cash,48100.0
2433,717,7,1,2024-06-09 10:47:31,Mobile Payment,155600.0
2434,867,10,2,2025-08-05 10:25:27,Bank Transfer,0.0
2435,599,39,5,2025-05-06 15:11:59,Cash,175500.0
2436,,39,5,2025-03-26 09:43:29,Mobile Payment,0.0
2437,386,14,2,2025-04-12 17:23:44,Mobile Payment,0.0
2438,137,22,3,2024-10-02 11:18:30,Mobile Payment,98900.0
2439,2,6,1,2024-03-27 16:05:50,Card,0.0
2440,432,10,2,2024-08-02 10:50:54,Cash,120500.0
2441,474,11,2,2024-03-31 09:06:10,Bank Transfer,0.0
2442,573,40,5,2025-04-27 09:14:06,Cash,482600.0
2443,267,14,2,2024-11-09 14:24:51,Mobile Payment,0.0
2444,217,34,5,2024-02-01 19:25:59,Mobile Payment,421200.0
2445,417,10,2,2024-04-01 18:53:11,Mobile Payment,0.0
2446,333,16,2,2024-05-17 10:06:08,Card,149000.0
2447,92,6,1,2025-09-28 14:19:31,Card,0.0
2448,435,33,5,2024-03-22 12:07:52,Cash,28800.0
2449,953,2,1,2024-12-18 13:36:21,Bank Transfer,0.0
2450,541,33,5,2025-09-08 10:15:24,Bank Transfer,0.0
2451,651,37,5,2025-07-09 19:13:50,Mobile Payment,0.0
2452,273,39,5,2024-10-25 12:38:19,Bank Transfer,0.0
2453,616,6,1,2024-08-13 11:50:49,Bank Transfer,0.0
2454,277,22,3,2024-12-30 10:43:25,Cash,0.0
2455,902,18,3,2024-03-23 19:36:13,Cash,0.0
2456,447,32,4,2025-03-27 19:01:39,Cash,0.0
2457,677,35,5,2024-11-30 17:53:40,Mobile Payment,64300.0
2458,237,39,5,2025-08-03 19:44:19,Bank Transfer,0.0
2459,,17,3,2025-08-29 14:44:41,Cash,0.0
2460,608,26,4,2025-05-21 09:00:02,Mobile Payment,0.0
2461,342,13,2,2025-06-02 10:00:55,Bank Transfer,0.0
2462,,22,3,2025-03-17 10:17:17,Cash,0.0
2463,939,2,1,2024-11-11 17:14:10,Cash,0.0
2464,856,3,1,2024-05-06 15:52:50,Cash,0.0
2465,518,9,2,2024-05-05 15:29:37,Mobile Payment,0.0
2466,339,15,2,2025-06-01 13:06:18,Cash,0.0
2467,931,6,1,2024-07-23 17:43:55,Cash,0.0
2468,514,7,1,2025-07-10 12:25:09,Card,0.0
2469,453,1,1,2025-01-16 18:05:58,Bank Transfer,369500.0
2470,832,14,2,2024-05-23 11:06:30,Cash,97600.0
2471,265,9,2,2024-06-07 18:04:41,Cash,0.0
2472,981,10,2,2024-10-24 14:48:55,Cash,57600.0
2473,443,2,1,2024-08-03 10:18:27,Cash,0.0
2474,,6,1,2024-12-09 19:58:39,Cash,0.0
2475,739,24,3,2025-02-13 18:59:41,Bank Transfer,0.0
2476,,29,4,2024-03-20 10:13:22,Card,48000.0
2477,,28,4,2024-08-10 18:26:32,Cash,93600.0
2478,,19,3,2024-05-11 09:06:04,Mobile Payment,561400.0
2479,111,5,1,2024-08-25 12:07:26,Card,0.0
2480,862,40,5,2024-02-10 16:07:07,Mobile Payment,0.0
2481,793,16,2,2024-04-30 14:41:23,Card,305100.0
2482,457,21,3,2025-12-29 15:47:37,Cash,0.0
2483,,6,1,2025-10-23 16:40:04,Mobile Payment,145900.0
2484,61,16,2,2025-09-14 12:25:24,Cash,34400.0
2485,701,7,1,2024-03-10 17:10:47,Bank Transfer,0.0
2486,316,37,5,2025-01-18 11:29:57,Bank Transfer,0.0
2487,645,21,3,2025-10-04 19:22:21,Card,0.0
2488,429,20,3,2024-01-28 09:04:31,Cash,134300.0
2489,425,23,3,2025-04-03 11:16:03,Mobile Payment,136500.0
2490,962,20,3,2025-03-24 13:09:32,Cash,79000.0
2491,163,8,1,2024-06-14 15:21:10,Bank Transfer,0.0
2492,203,27,4,2025-01-17 09:03:36,Mobile Payment,0.0
2493,816,7,1,2024-12-21 09:25:57,Cash,595800.0
2494,49,2,1,2024-01-28 09:50:56,Card,0.0
2495,980,27,4,2024-09-07 11:06:53,Mobile Payment,0.0
2496,133,39,5,2024-01-29 14:33:27,Mobile Payment,159600.0
2497,312,8,1,2025-04-13 11:10:09,Bank Transfer,0.0
2498,801,32,4,2025-11-14 17:28:13,Mobile Payment,0.0
2499,239,11,2,2024-07-31 17:14:23,Cash,0.0
2500,585,7,1,2025-10-30 12:40:11,Bank Transfer,103100.0
2501,486,15,2,2024-04-17 15:46:47,Cash,0.0
2502,,25,4,2024-11-15 16:42:24,Cash,305000.0
2503,37,3,1,2025-09-24 19:26:29,Cash,218500.0
2504,509,13,2,2025-02-10 19:17:49,Cash,0.0
2505,517,30,4,2025-02-06 12:11:55,Card,13900.0
2506,83,35,5,2025-11-28 16:11:50,Card,0.0
2507,463,14,2,2024-09-09 17:16:04,Mobile Payment,0.0
2508,881,11,2,2025-11-16 13:55:58,Card,0.0
2509,926,4,1,2024-07-18 16:32:13,Cash,0.0
2510,781,20,3,2024-02-22 09:03:11,Mobile Payment,69400.0
2511,908,3,1,2025-07-27 09:15:57,Cash,0.0
2512,767,16,2,2025-08-05 12:37:11,Card,0.0
2513,723,12,2,2024-09-09 15:46:36,Cash,0.0
2514,,34,5,2025-10-07 19:26:58,Card,340700.0
2515,198,16,2,2024-05-30 13:49:19,Cash,0.0
2516,515,27,4,2024-07-08 11:06:51,Cash,211900.0
2517,550,40,5,2024-09-16 14:06:05,Cash,0.0
2518,5,18,3,2024-08-18 12:37:27,Mobile Payment,266900.0
2519,,12,2,2025-08-10 10:37:45,Cash,0.0
2520,667,30,4,2024-03-05 15:29:56,Bank Transfer,0.0
2521,,32,4,2025-02-19 09:47:11,Cash,366800.0
2522,426,28,4,2024-05-02 16:29:30,Cash,0.0
2523,845,40,5,2024-07-15 17:05:42,Cash,127800.0
2524,582,38,5,2025-07-07 12:46:35,Bank Transfer,48400.0
2525,886,4,1,2024-11-21 19:27:46,Bank Transfer,668300.0
2526,721,35,5,2024-11-27 13:06:31,Card,173700.0
2527,664,37,5,2024-12-15 17:44:02,Mobile Payment,0.0
2528,244,2,1,2025-03-13 11:23:18,Cash,72700.0
2529,552,26,4,2024-08-16 15:29:44,Cash,0.0
2530,,8,1,2025-11-15 12:24:30,Card,0.0
2531,875,10,2,2024-06-27 10:29:50,Cash,0.0
2532,265,32,4,2024-05-24 09:17:05,Bank Transfer,0.0
2533,271,30,4,2025-12-07 17:24:44,Cash,105600.0
2534,848,23,3,2024-04-15 15:07:18,Mobile Payment,0.0
2535,97,5,1,2024-04-01 13:08:22,Bank Transfer,0.0
2536,,19,3,2025-06-03 17:11:12,Cash,0.0
2537,280,18,3,2025-09-13 16:56:49,Card,195700.0
2538,597,20,3,2025-05-14 15:12:26,Card,0.0
2539,64,22,3,2024-12-21 12:38:17,Card,0.0
2540,645,8,1,2025-12-21 11:33:21,Cash,45900.0
2541,432,18,3,2024-09-26 11:58:04,Bank Transfer,0.0
2542,,16,2,2025-10-13 16:59:50,Cash,943800.0
2543,125,1,1,2025-02-08 19:22:49,Bank Transfer,99900.0
2544,85,26,4,2025-01-06 09:17:07,Card,113100.0
2545,107,9,2,2024-01-05 11:37:44,Mobile Payment,0.0
2546,,9,2,2025-12-26 14:23:20,Card,0.0
2547,183,29,4,2024-11-16 15:59:34,Mobile Payment,0.0
2548,266,37,5,2025-02-28 14:04:36,Bank Transfer,260700.0
2549,630,21,3,2025-08-18 09:12:23,Cash,0.0
2550,591,3,1,2024-04-12 19:54:34,Bank Transfer,0.0
2551,591,1,1,2024-06-06 12:58:34,Mobile Payment,366600.0
2552,,29,4,2024-10-03 19:04:57,Bank Transfer,157700.0
2553,352,39,5,2024-06-15 13:51:01,Card,0.0
2554,,34,5,2024-09-24 14:00:38,Bank Transfer,373800.0
2555,657,1,1,2025-01-27 16:14:14,Cash,108600.0
2556,785,13,2,2025-08-13 15:25:33,Cash,0.0
2557,194,21,3,2024-11-11 17:54:19,Cash,0.0
2558,,25,4,2024-07-12 19:08:10,Bank Transfer,0.0
2559,772,36,5,2025-08-10 10:01:13,Cash,0.0
2560,484,40,5,2024-06-25 18:21:52,Mobile Payment,0.0
2561,106,12,2,2025-12-19 09:50:11,Card,0.0
2562,386,29,4,2025-03-03 11:06:54,Cash,0.0
2563,344,38,5,2025-09-04 09:37:57,Mobile Payment,0.0
2564,213,28,4,2025-04-07 17:58:45,Cash,0.0
2565,406,24,3,2025-03-23 15:37:22,Bank Transfer,0.0
2566,341,7,1,2025-04-20 18:46:49,Mobile Payment,0.0
2567,506,23,3,2025-05-30 16:00:19,Cash,0.0
2568,,14,2,2024-02-02 13:06:26,Card,16400.0
2569,813,12,2,2025-07-28 09:11:37,Cash,0.0
2570,437,24,3,2024-09-26 18:54:30,Bank Transfer,0.0
2571,950,14,2,2024-08-16 19:55:14,Cash,0.0
2572,491,19,3,2024-05-16 17:45:30,Cash,333800.0
2573,515,2,1,2024-02-25 14:42:00,Bank Transfer,0.0
2574,864,17,3,2024-01-29 14:39:31,Cash,457400.0
2575,729,39,5,2024-11-24 13:36:02,Card,100800.0
2576,850,33,5,2025-08-10 12:29:23,Card,0.0
2577,338,7,1,2024-04-04 19:27:37,Mobile Payment,181500.0
2578,798,22,3,2025-07-05 11:31:29,Card,0.0
2579,613,17,3,2025-03-21 09:54:33,Card,34500.0
2580,143,37,5,2025-01-09 18:45:49,Cash,0.0
2581,862,12,2,2025-05-03 14:36:55,Cash,89500.0
2582,950,2,1,2024-08-24 12:50:30,Mobile Payment,133200.0
2583,949,8,1,2024-04-10 11:31:32,Card,0.0
2584,752,34,5,2024-07-15 19:11:11,Mobile Payment,0.0
2585,864,14,2,2024-04-24 18:31:32,Cash,0.0
2586,120,3,1,2025-06-07 13:10:08,Card,154100.0
2587,915,9,2,2024-12-15 19:30:36,Mobile Payment,0.0
2588,,15,2,2025-05-27 11:48:10,Bank Transfer,0.0
2589,,30,4,2024-10-21 15:11:05,Mobile Payment,23600.0
2590,729,13,2,2024-01-11 16:53:49,Cash,244300.0
2591,582,2,1,2024-04-17 12:17:16,Card,0.0
2592,366,37,5,2024-12-30 13:42:58,Bank Transfer,0.0
2593,153,5,1,2025-05-16 13:50:53,Bank Transfer,0.0
2594,408,23,3,2024-11-29 10:55:18,Card,634800.0
2595,,39,5,2024-11-01 15:20:55,Card,0.0
2596,,37,5,2024-06-07 10:15:38,Mobile Payment,0.0
2597,402,16,2,2024-05-04 14:16:53,Cash,0.0
2598,,8,1,2024-12-19 12:52:30,Bank Transfer,81200.0
2599,586,20,3,2025-10-17 16:23:22,Mobile Payment,0.0
2600,912,18,3,2024-03-03 17:33:22,Bank Transfer,115200.0
2601,,36,5,2024-10-19 11:49:41,Cash,56500.0
2602,,26,4,2025-09-02 16:08:40,Cash,0.0
2603,233,34,5,2025-11-28 16:14:07,Cash,566700.0
2604,,33,5,2025-05-12 10:57:08,Mobile Payment,0.0
2605,763,1,1,2024-05-30 13:54:07,Mobile Payment,103500.0
2606,112,34,5,2024-12-30 11:52:57,Cash,0.0
2607,231,1,1,2024-02-23 14:17:18,Card,11800.0
2608,638,30,4,2024-04-04 09:02:01,Mobile Payment,0.0
2609,,13,2,2025-04-06 19:52:50,Bank Transfer,30600.0
2610,292,10,2,2024-06-27 18:51:04,Card,0.0
2611,480,16,2,2024-01-26 14:02:24,Card,0.0
2612,119,24,3,2025-01-20 12:51:04,Cash,0.0
2613,658,19,3,2024-07-27 16:10:16,Mobile Payment,0.0
2614,199,33,5,2024-10-11 14:48:21,Cash,497800.0
2615,896,7,1,2024-10-05 12:30:05,Mobile Payment,0.0
2616,,28,4,2024-03-11 10:27:02,Cash,80900.0
2617,392,21,3,2024-07-06 13:00:05,Cash,311200.0
2618,319,22,3,2025-05-29 19:14:27,Bank Transfer,0.0
2619,837,19,3,2024-12-23 13:59:10,Mobile Payment,219900.0
2620,693,38,5,2024-03-04 16:33:55,Mobile Payment,0.0
2621,512,6,1,2025-06-26 09:34:54,Card,0.0
2622,715,13,2,2025-02-26 16:04:41,Bank Transfer,161200.0
2623,876,14,2,2025-09-19 19:24:12,Mobile Payment,0.0
2624,829,5,1,2024-11-15 15:17:50,Mobile Payment,51000.0
2625,939,32,4,2024-12-01 17:00:24,Cash,0.0
2626,686,16,2,2024-01-29 18:29:06,Mobile Payment,88000.0
2627,511,35,5,2025-04-03 14:39:10,Mobile Payment,0.0
2628,74,32,4,2024-10-26 09:00:38,Cash,0.0
2629,317,1,1,2025-01-21 10:00:33,Mobile Payment,58200.0
2630,342,11,2,2024-04-29 11:44:25,Mobile Payment,0.0
2631,632,28,4,2024-10-02 18:07:00,Card,0.0
2632,669,21,3,2024-03-22 10:50:51,Cash,0.0
2633,482,19,3,2025-08-27 14:32:40,Card,0.0
2634,,21,3,2025-09-01 15:20:20,Cash,0.0
2635,638,14,2,2024-09-26 19:33:03,Mobile Payment,0.0
2636,,28,4,2024-09-07 14:11:14,Card,0.0
2637,,11,2,2024-01-03 11:01:25,Cash,0.0
2638,654,29,4,2024-11-10 17:56:10,Card,0.0
2639,590,23,3,2024-08-23 09:44:37,Cash,0.0
2640,968,39,5,2025-10-28 13:54:39,Mobile Payment,0.0
2641,426,38,5,2024-09-20 14:40:32,Mobile Payment,0.0
2642,966,26,4,2024-12-18 12:16:10,Card,0.0
2643,782,31,4,2025-03-12 14:16:48,Cash,208400.0
2644,788,22,3,2025-10-05 13:41:03,Cash,0.0
2645,285,37,5,2025-01-02 12:35:35,Cash,0.0
2646,552,35,5,2024-05-15 17:38:46,Mobile Payment,0.0
2647,574,2,1,2024-07-25 12:51:40,Cash,48500.0
2648,386,34,5,2025-10-13 15:53:09,Cash,0.0
2649,735,30,4,2024-02-09 18:49:04,Mobile Payment,0.0
2650,721,10,2,2025-01-14 10:02:41,Mobile Payment,63100.0
2651,852,28,4,2024-05-21 09:43:24,Cash,0.0
2652,566,35,5,2025-01-26 12:59:10,Card,0.0
2653,684,30,4,2024-08-22 18:32:55,Mobile Payment,0.0
2654,883,19,3,2025-08-29 12:01:50,Cash,0.0
2655,864,34,5,2025-02-26 16:19:45,Card,180700.0
2656,632,24,3,2024-12-10 11:50:32,Mobile Payment,0.0
2657,40,35,5,2024-07-10 13:21:22,Bank Transfer,0.0
2658,886,38,5,2024-10-13 14:13:36,Cash,0.0
2659,10,27,4,2024-08-08 12:36:21,Cash,233900.0
2660,213,28,4,2025-04-10 16:42:47,Mobile Payment,0.0
2661,771,4,1,2024-04-07 10:04:28,Cash,253100.0
2662,414,10,2,2024-12-10 10:21:27,Cash,57600.0
2663,74,36,5,2024-12-22 19:32:43,Mobile Payment,0.0
2664,853,28,4,2025-09-17 15:50:17,Cash,0.0
2665,590,15,2,2025-11-07 17:42:46,Cash,105200.0
2666,212,30,4,2024-02-06 15:24:39,Mobile Payment,124000.0
2667,,20,3,2024-07-29 10:49:57,Cash,112100.0
2668,927,4,1,2025-02-22 12:10:14,Cash,0.0
2669,,23,3,2024-04-05 12:44:57,Card,0.0
2670,547,20,3,2024-01-31 09:29:41,Mobile Payment,0.0
2671,895,18,3,2025-05-28 12:06:25,Cash,27400.0
2672,431,31,4,2025-02-17 09:29:03,Cash,800500.0
2673,581,15,2,2024-03-24 09:26:32,Cash,0.0
2674,319,5,1,2024-07-19 18:27:33,Cash,102700.0
2675,636,7,1,2025-10-09 12:33:56,Cash,0.0
2676,111,8,1,2025-09-10 11:06:26,Mobile Payment,0.0
2677,220,18,3,2024-12-07 11:43:33,Card,0.0
2678,799,29,4,2025-08-06 12:07:15,Mobile Payment,0.0
2679,661,18,3,2024-04-05 17:56:08,Bank Transfer,44400.0
2680,853,21,3,2025-07-01 12:26:11,Mobile Payment,209600.0
2681,681,8,1,2024-11-14 18:26:54,Card,0.0
2682,759,35,5,2024-04-27 17:54:56,Cash,0.0
2683,82,18,3,2024-07-31 13:48:42,Card,0.0
2684,200,21,3,2025-05-05 16:05:14,Cash,0.0
2685,212,13,2,2024-03-30 09:27:23,Bank Transfer,0.0
2686,259,32,4,2025-10-08 09:55:15,Cash,89200.0
2687,,37,5,2024-07-26 18:30:57,Mobile Payment,329200.0
2688,203,17,3,2025-09-29 12:21:47,Card,340200.0
2689,123,31,4,2025-02-08 13:57:27,Mobile Payment,0.0
2690,579,40,5,2025-06-22 17:32:19,Bank Transfer,392700.0
2691,476,37,5,2025-03-02 10:41:55,Card,0.0
2692,446,16,2,2025-11-17 17:25:25,Card,0.0
2693,156,17,3,2025-10-18 12:03:56,Cash,0.0
2694,862,4,1,2024-08-09 14:11:53,Cash,0.0
2695,193,1,1,2025-07-06 13:50:40,Mobile Payment,0.0
2696,,16,2,2025-02-25 16:24:09,Bank Transfer,737000.0
2697,598,36,5,2025-12-01 13:35:52,Mobile Payment,311400.0
2698,378,33,5,2024-11-15 09:49:01,Cash,0.0
2699,,10,2,2024-07-28 13:52:40,Cash,0.0
2700,,37,5,2024-05-24 19:39:11,Mobile Payment,97100.0
2701,745,8,1,2024-12-11 09:46:59,Card,0.0
2702,506,23,3,2024-03-23 18:57:26,Cash,0.0
2703,527,30,4,2025-12-07 17:57:44,Card,249200.0
2704,789,10,2,2025-05-19 15:46:47,Mobile Payment,139500.0
2705,44,4,1,2025-09-12 17:31:32,Card,246600.0
2706,689,39,5,2025-07-09 19:46:52,Bank Transfer,124700.0
2707,748,35,5,2024-06-19 15:35:54,Card,0.0
2708,693,22,3,2025-05-10 15:56:20,Cash,645000.0
2709,428,17,3,2024-09-21 10:08:10,Mobile Payment,0.0
2710,661,28,4,2024-04-10 13:49:36,Card,102100.0
2711,,33,5,2025-05-07 10:03:03,Cash,0.0
2712,865,32,4,2025-09-09 12:42:55,Bank Transfer,0.0
2713,,15,2,2025-06-18 18:50:33,Card,0.0
2714,437,36,5,2025-05-06 17:31:14,Cash,193100.0
2715,519,13,2,2024-06-29 18:58:53,Cash,0.0
2716,511,27,4,2025-07-01 10:57:03,Card,0.0
2717,408,36,5,2024-08-10 09:23:13,Cash,0.0
2718,534,11,2,2024-10-13 17:44:30,Cash,0.0
2719,623,31,4,2024-03-24 12:09:37,Cash,0.0
2720,624,38,5,2025-05-02 11:51:25,Cash,121200.0
2721,853,17,3,2024-01-28 18:39:51,Card,0.0
2722,399,24,3,2024-08-16 14:46:38,Cash,166800.0
2723,759,1,1,2025-05-14 16:46:58,Card,0.0
2724,,26,4,2024-11-27 12:15:02,Card,0.0
2725,556,32,4,2025-12-10 15:44:36,Bank Transfer,0.0
2726,,3,1,2024-02-08 16:21:55,Cash,0.0
2727,471,11,2,2024-09-21 13:20:22,Cash,0.0
2728,908,21,3,2024-03-26 12:39:51,Cash,5200.0
2729,58,34,5,2024-11-20 15:37:20,Card,326000.0
2730,806,15,2,2024-04-24 19:50:04,Mobile Payment,0.0
2731,82,7,1,2025-08-14 18:14:53,Cash,0.0
2732,,39,5,2024-05-18 17:36:15,Bank Transfer,440900.0
2733,823,2,1,2024-06-02 19:26:03,Cash,0.0
2734,604,21,3,2025-04-15 10:39:49,Bank Transfer,0.0
2735,352,6,1,2025-02-05 09:37:41,Bank Transfer,0.0
2736,436,23,3,2025-03-19 09:54:53,Bank Transfer,0.0
2737,172,34,5,2025-09-08 13:31:17,Mobile Payment,0.0
2738,442,2,1,2024-01-28 11:29:27,Card,0.0
2739,789,27,4,2024-08-28 16:28:12,Cash,0.0
2740,986,5,1,2025-01-13 11:15:31,Mobile Payment,0.0
2741,442,40,5,2024-09-27 19:09:51,Card,0.0
2742,860,38,5,2025-12-17 12:34:07,Cash,0.0
2743,756,8,1,2025-04-09 18:58:45,Mobile Payment,0.0
2744,436,23,3,2025-02-20 10:56:38,Cash,0.0
2745,375,27,4,2025-02-09 15:27:34,Mobile Payment,0.0
2746,424,16,2,2025-05-23 15:27:23,Bank Transfer,0.0
2747,336,10,2,2025-03-14 11:11:24,Card,92800.0
2748,78,36,5,2025-02-17 12:45:21,Bank Transfer,364600.0
2749,320,8,1,2024-01-05 11:31:32,Cash,0.0
2750,491,10,2,2025-05-09 15:04:39,Card,1014100.0
2751,375,24,3,2024-11-07 09:33:28,Cash,91000.0
2752,71,30,4,2025-03-25 16:37:36,Cash,7200.0
2753,911,6,1,2024-09-23 14:20:04,Cash,37800.0
2754,587,7,1,2024-03-30 19:28:03,Cash,0.0
2755,415,34,5,2024-10-09 15:43:06,Mobile Payment,0.0
2756,834,37,5,2024-01-08 18:05:12,Card,0.0
2757,369,5,1,2024-12-19 10:19:37,Card,0.0
2758,,27,4,2025-09-01 15:27:46,Mobile Payment,0.0
2759,231,29,4,2025-06-26 11:54:29,Bank Transfer,339900.0
2760,497,21,3,2024-12-14 09:15:01,Bank Transfer,0.0
2761,907,40,5,2024-08-24 12:03:01,Mobile Payment,299600.0
2762,164,15,2,2025-09-19 14:03:16,Mobile Payment,0.0
2763,858,20,3,2024-12-01 11:10:26,Mobile Payment,0.0
2764,,16,2,2024-07-13 13:53:23,Bank Transfer,0.0
2765,514,1,1,2025-09-16 17:39:45,Cash,130000.0
2766,320,29,4,2024-04-03 10:38:39,Card,45400.0
2767,,19,3,2025-03-14 09:02:26,Mobile Payment,0.0
2768,632,14,2,2025-08-09 13:23:56,Cash,143600.0
2769,,32,4,2024-12-29 15:23:20,Card,0.0
2770,,25,4,2024-08-03 10:47:00,Cash,0.0
2771,265,30,4,2024-08-03 19:49:43,Cash,71800.0
2772,320,24,3,2024-10-22 18:32:33,Bank Transfer,0.0
2773,458,19,3,2024-03-06 14:04:31,Mobile Payment,0.0
2774,447,35,5,2024-09-18 16:06:22,Card,86100.0
2775,504,3,1,2024-07-02 10:45:08,Mobile Payment,0.0
2776,401,12,2,2024-06-05 17:22:58,Mobile Payment,835700.0
2777,671,22,3,2024-05-07 18:25:31,Card,0.0
2778,291,18,3,2024-08-01 11:27:34,Mobile Payment,271200.0
2779,700,36,5,2024-03-29 09:56:56,Cash,0.0
2780,968,22,3,2024-05-20 16:35:46,Mobile Payment,0.0
2781,15,7,1,2025-06-05 18:05:38,Card,0.0
2782,989,2,1,2025-10-04 18:18:35,Bank Transfer,35900.0
2783,752,1,1,2024-05-25 13:05:23,Mobile Payment,0.0
2784,194,14,2,2024-07-28 12:10:56,Card,0.0
2785,99,37,5,2024-08-05 10:05:24,Cash,0.0
2786,105,15,2,2025-01-07 19:50:18,Cash,21900.0
2787,826,16,2,2024-12-04 18:26:02,Card,0.0
2788,504,13,2,2024-06-13 12:06:16,Cash,0.0
2789,774,7,1,2024-05-22 19:48:00,Cash,0.0
2790,393,34,5,2024-11-20 10:51:19,Cash,0.0
2791,251,15,2,2024-08-12 15:16:04,Mobile Payment,270800.0
2792,16,13,2,2024-12-14 12:38:59,Mobile Payment,37600.0
2793,860,14,2,2025-11-19 12:59:36,Bank Transfer,0.0
2794,566,34,5,2024-06-18 11:19:50,Cash,626500.0
2795,,14,2,2024-04-13 19:20:39,Card,95200.0
2796,772,7,1,2024-02-22 13:57:41,Mobile Payment,70300.0
2797,606,1,1,2024-07-23 11:21:24,Cash,0.0
2798,339,36,5,2025-09-16 13:34:48,Cash,0.0
2799,176,1,1,2024-07-30 19:41:19,Cash,0.0
2800,836,31,4,2025-05-23 10:13:25,Cash,0.0
2801,773,12,2,2024-05-22 14:43:13,Bank Transfer,0.0
2802,,20,3,2025-10-18 12:22:11,Bank Transfer,32200.0
2803,624,6,1,2024-10-14 09:09:19,Card,0.0
2804,129,16,2,2025-10-11 09:12:41,Cash,0.0
2805,257,3,1,2025-02-19 13:43:20,Cash,0.0
2806,766,32,4,2025-10-06 11:24:38,Cash,366300.0
2807,185,25,4,2024-06-24 19:26:42,Bank Transfer,340600.0
2808,894,5,1,2025-04-15 14:27:07,Cash,0.0
2809,627,25,4,2025-03-04 17:56:11,Card,0.0
2810,213,39,5,2025-01-26 10:43:59,Bank Transfer,0.0
2811,362,38,5,2024-02-14 15:36:00,Cash,0.0
2812,971,12,2,2025-06-24 19:52:23,Cash,0.0
2813,103,12,2,2024-08-17 18:34:39,Cash,0.0
2814,634,28,4,2025-07-08 19:29:38,Mobile Payment,19700.0
2815,594,37,5,2024-07-05 11:37:49,Cash,0.0
2816,85,9,2,2025-02-16 11:52:01,Cash,0.0
2817,838,3,1,2025-08-27 17:05:04,Cash,0.0
2818,318,34,5,2024-03-18 19:28:37,Cash,197100.0
2819,137,5,1,2024-10-16 12:54:55,Mobile Payment,0.0
2820,858,18,3,2025-02-23 10:43:24,Mobile Payment,0.0
2821,21,28,4,2024-05-15 12:32:06,Mobile Payment,0.0
2822,817,21,3,2024-05-05 14:08:23,Cash,156700.0
2823,653,29,4,2024-10-11 15:26:52,Cash,115300.0
2824,872,34,5,2024-12-12 17:49:54,Mobile Payment,41900.0
2825,762,12,2,2025-01-14 12:56:21,Mobile Payment,14300.0
2826,85,3,1,2025-12-10 12:21:27,Cash,0.0
2827,112,37,5,2025-04-24 17:49:43,Card,0.0
2828,,24,3,2024-08-26 09:40:35,Mobile Payment,0.0
2829,,35,5,2024-11-14 19:56:54,Bank Transfer,0.0
2830,944,14,2,2025-07-30 15:14:19,Mobile Payment,0.0
2831,318,5,1,2024-04-16 18:23:05,Bank Transfer,10300.0
2832,430,7,1,2025-12-02 15:35:46,Cash,0.0
2833,267,2,1,2025-07-01 15:36:25,Mobile Payment,198900.0
2834,602,32,4,2024-06-24 10:50:14,Mobile Payment,0.0
2835,311,21,3,2024-04-22 16:47:44,Cash,0.0
2836,840,16,2,2024-05-17 10:44:34,Card,0.0
2837,913,15,2,2024-11-21 15:22:24,Cash,0.0
2838,,2,1,2024-05-23 09:59:31,Card,0.0
2839,511,15,2,2024-07-05 14:46:55,Card,0.0
2840,340,12,2,2024-12-21 18:51:40,Card,0.0
2841,753,13,2,2024-05-28 11:37:38,Card,0.0
2842,,12,2,2024-01-10 18:00:17,Cash,634900.0
2843,836,30,4,2024-01-01 11:53:22,Cash,0.0
2844,,23,3,2024-07-16 15:38:54,Card,0.0
2845,126,15,2,2024-05-16 15:37:58,Card,168500.0
2846,838,30,4,2024-07-08 18:26:45,Bank Transfer,196100.0
2847,651,3,1,2024-09-21 14:53:10,Cash,0.0
2848,656,6,1,2025-03-16 11:16:18,Cash,0.0
2849,759,2,1,2024-08-19 18:07:58,Card,0.0
2850,762,2,1,2024-09-03 13:53:39,Mobile Payment,170700.0
2851,866,5,1,2025-02-03 11:19:30,Bank Transfer,165200.0
2852,880,4,1,2024-11-09 14:49:18,Card,0.0
2853,,21,3,2025-09-07 15:35:26,Card,890600.0
2854,759,37,5,2025-02-10 16:26:04,Card,0.0
2855,,14,2,2025-05-09 15:08:04,Mobile Payment,0.0
2856,484,22,3,2024-01-24 09:51:03,Cash,0.0
2857,223,27,4,2025-05-23 14:27:09,Cash,0.0
2858,,9,2,2024-11-24 12:29:01,Cash,0.0
2859,463,27,4,2024-01-05 19:53:13,Card,0.0
2860,239,37,5,2025-01-19 15:55:34,Cash,0.0
2861,720,23,3,2024-12-18 17:21:43,Cash,313100.0
2862,822,14,2,2024-04-03 15:22:09,Card,0.0
2863,721,32,4,2025-03-27 13:28:26,Card,0.0
2864,798,16,2,2025-05-13 18:26:03,Card,386500.0
2865,989,6,1,2025-04-26 17:18:25,Cash,0.0
2866,,18,3,2024-12-20 12:05:08,Mobile Payment,146000.0
2867,547,31,4,2024-11-18 10:58:40,Mobile Payment,0.0
2868,193,2,1,2025-12-05 14:23:44,Cash,0.0
2869,744,19,3,2025-12-05 19:59:47,Card,0.0
2870,190,9,2,2024-07-03 11:51:56,Cash,384900.0
2871,446,37,5,2025-03-29 19:20:52,Card,0.0
2872,812,10,2,2024-07-11 11:42:45,Mobile Payment,0.0
2873,876,33,5,2025-06-20 13:24:38,Card,0.0
2874,68,27,4,2025-04-30 10:57:41,Bank Transfer,155400.0
2875,32,33,5,2025-09-08 09:24:25,Card,324000.0
2876,773,23,3,2024-12-05 17:57:34,Card,0.0
2877,65,10,2,2024-05-25 17:43:17,Card,0.0
2878,,34,5,2025-12-02 10:09:08,Mobile Payment,0.0
2879,140,4,1,2025-01-27 17:17:02,Bank Transfer,0.0
2880,177,18,3,2025-09-21 09:48:02,Mobile Payment,0.0
2881,463,20,3,2024-06-13 15:29:16,Card,0.0
2882,803,9,2,2024-12-30 17:21:34,Card,0.0
2883,257,3,1,2024-12-30 14:32:32,Bank Transfer,144800.0
2884,765,24,3,2024-01-22 19:26:28,Card,0.0
2885,,24,3,2024-03-12 10:14:53,Mobile Payment,452100.0
2886,532,23,3,2024-08-24 18:17:27,Card,0.0
2887,518,15,2,2024-07-13 19:11:44,Cash,59000.0
2888,587,12,2,2025-07-16 16:52:10,Mobile Payment,0.0
2889,952,24,3,2024-02-12 15:41:39,Bank Transfer,0.0
2890,,20,3,2025-11-08 12:22:26,Card,0.0
2891,90,1,1,2024-02-11 17:55:08,Cash,0.0
2892,,23,3,2024-02-20 17:36:33,Card,0.0
2893,411,24,3,2025-07-03 11:16:51,Mobile Payment,828600.0
2894,241,38,5,2025-04-18 15:49:02,Cash,0.0
2895,80,17,3,2025-02-07 12:08:47,Mobile Payment,0.0
2896,577,22,3,2025-03-17 13:24:34,Cash,108300.0
2897,399,2,1,2024-08-04 16:16:12,Card,191600.0
2898,239,20,3,2024-08-16 16:27:49,Bank Transfer,247200.0
2899,504,8,1,2025-05-20 15:23:29,Mobile Payment,36200.0
2900,578,2,1,2025-06-26 15:10:41,Bank Transfer,43300.0
2901,614,5,1,2024-02-27 11:25:37,Mobile Payment,327500.0
2902,231,10,2,2025-06-05 12:47:46,Card,212700.0
2903,948,34,5,2024-09-07 17:23:45,Cash,0.0
2904,548,22,3,2025-04-09 09:04:30,Cash,0.0
2905,,16,2,2025-08-14 12:05:40,Cash,0.0
2906,762,33,5,2025-03-20 09:19:07,Mobile Payment,218400.0
2907,,35,5,2025-07-17 18:08:55,Cash,0.0
2908,766,9,2,2025-08-22 16:20:14,Cash,87300.0
2909,378,26,4,2025-06-12 19:25:07,Bank Transfer,244200.0
2910,,29,4,2025-11-14 19:10:11,Mobile Payment,269000.0
2911,659,33,5,2025-11-10 17:49:29,Mobile Payment,0.0
2912,131,38,5,2024-08-26 13:35:58,Mobile Payment,0.0
2913,560,11,2,2025-05-28 10:35:05,Cash,0.0
2914,766,18,3,2025-04-30 19:39:04,Card,0.0
2915,442,12,2,2024-03-01 19:40:10,Mobile Payment,0.0
2916,123,35,5,2024-04-21 14:42:40,Card,80100.0
2917,976,29,4,2024-11-26 15:04:33,Mobile Payment,0.0
2918,450,36,5,2024-07-30 15:21:39,Card,0.0
2919,,3,1,2025-12-15 19:38:48,Card,0.0
2920,652,26,4,2025-08-03 16:34:40,Cash,656300.0
2921,662,32,4,2025-11-21 09:43:53,Card,0.0
2922,569,40,5,2025-03-28 19:20:38,Card,249500.0
2923,358,27,4,2024-07-15 19:46:15,Mobile Payment,0.0
2924,532,15,2,2025-05-25 17:32:25,Cash,0.0
2925,204,6,1,2024-06-08 10:29:56,Cash,0.0
2926,515,9,2,2024-06-17 19:10:37,Cash,0.0
2927,740,8,1,2025-09-04 18:46:04,Bank Transfer,189400.0
2928,4,34,5,2025-07-30 16:19:57,Bank Transfer,218000.0
2929,606,5,1,2024-04-16 15:59:09,Mobile Payment,0.0
2930,,25,4,2024-03-26 12:09:54,Mobile Payment,0.0
2931,515,40,5,2024-05-01 16:07:00,Bank Transfer,0.0
2932,856,3,1,2024-06-25 10:15:06,Bank Transfer,104400.0
2933,372,8,1,2024-08-31 13:05:30,Mobile Payment,0.0
2934,,12,2,2024-07-30 14:23:37,Mobile Payment,426200.0
2935,350,23,3,2024-12-06 09:03:28,Cash,0.0
2936,513,7,1,2025-01-09 12:25:16,Bank Transfer,226900.0
2937,781,21,3,2025-07-14 15:17:49,Mobile Payment,40200.0
2938,422,5,1,2024-02-10 15:13:38,Bank Transfer,0.0
2939,291,1,1,2024-02-05 13:39:41,Card,0.0
2940,926,28,4,2024-09-01 18:43:47,Cash,0.0
2941,327,18,3,2024-05-23 17:49:47,Cash,170100.0
2942,124,35,5,2024-10-01 14:07:26,Card,0.0
2943,,8,1,2024-05-24 18:58:55,Cash,0.0
2944,963,22,3,2025-12-15 19:01:49,Mobile Payment,0.0
2945,622,35,5,2025-06-28 19:39:34,Bank Transfer,59300.0
2946,476,16,2,2024-01-05 12:33:27,Bank Transfer,80400.0
2947,907,28,4,2025-04-08 17:46:13,Cash,0.0
2948,557,29,4,2025-05-03 14:39:00,Cash,49200.0
2949,793,37,5,2025-11-14 09:24:44,Cash,0.0
2950,510,36,5,2024-10-11 14:07:36,Cash,0.0
2951,686,24,3,2024-05-19 17:50:07,Cash,215800.0
2952,741,11,2,2024-01-27 13:12:42,Mobile Payment,52200.0
2953,371,15,2,2024-04-29 14:11:59,Cash,171300.0
2954,41,33,5,2025-08-31 17:32:57,Card,0.0
2955,746,37,5,2024-05-27 12:40:22,Card,94900.0
2956,,33,5,2024-06-20 14:05:01,Bank Transfer,117100.0
2957,334,28,4,2024-12-06 18:44:51,Mobile Payment,70100.0
2958,573,32,4,2025-10-19 09:00:14,Cash,55600.0
2959,137,6,1,2025-08-12 11:43:03,Mobile Payment,0.0
2960,474,25,4,2024-01-23 18:37:39,Card,0.0
2961,802,27,4,2025-12-14 14:39:43,Cash,399600.0
2962,456,20,3,2025-12-16 11:36:59,Card,0.0
2963,941,38,5,2025-11-20 18:59:56,Cash,0.0
2964,,1,1,2025-04-23 10:38:51,Bank Transfer,0.0
2965,925,8,1,2024-07-02 12:17:00,Cash,68300.0
2966,,20,3,2025-07-08 16:03:24,Cash,0.0
2967,679,38,5,2025-09-18 13:38:45,Cash,0.0
2968,369,34,5,2024-10-12 12:05:13,Cash,0.0
2969,561,11,2,2024-07-04 13:53:17,Cash,0.0
2970,362,34,5,2025-10-19 18:31:32,Mobile Payment,0.0
2971,284,25,4,2025-10-18 12:17:23,Card,9300.0
2972,882,38,5,2025-02-14 18:34:05,Cash,0.0
2973,706,9,2,2025-04-02 14:00:21,Card,0.0
2974,424,31,4,2025-01-13 10:01:51,Bank Transfer,0.0
2975,929,20,3,2025-08-31 12:05:33,Bank Transfer,119300.0
2976,194,34,5,2024-05-31 15:33:35,Cash,1085200.0
2977,,9,2,2025-05-17 19:49:33,Bank Transfer,0.0
2978,,2,1,2024-06-18 16:29:26,Cash,98600.0
2979,171,32,4,2025-03-21 09:03:16,Mobile Payment,75800.0
2980,913,22,3,2025-07-12 13:51:28,Cash,0.0
2981,666,17,3,2025-12-10 18:01:21,Cash,0.0
2982,437,9,2,2025-04-13 15:24:47,Bank Transfer,254500.0
2983,745,18,3,2024-04-14 11:17:23,Card,0.0
2984,652,33,5,2024-04-15 18:08:09,Card,87100.0
2985,,27,4,2025-03-02 14:21:32,Mobile Payment,0.0
2986,361,16,2,2024-01-06 10:42:53,Cash,1117100.0
2987,,32,4,2024-11-12 09:49:29,Mobile Payment,0.0
2988,800,30,4,2024-07-16 19:06:49,Mobile Payment,0.0
2989,340,40,5,2024-03-05 15:24:12,Bank Transfer,0.0
2990,106,33,5,2025-04-22 09:06:32,Mobile Payment,609100.0
2991,296,18,3,2024-07-01 10:34:34,Cash,0.0
2992,508,31,4,2025-08-18 15:09:22,Mobile Payment,246300.0
2993,944,29,4,2024-05-05 19:28:21,Bank Transfer,140500.0
2994,346,16,2,2024-04-03 15:24:19,Bank Transfer,0.0
2995,,27,4,2024-03-08 10:04:20,Mobile Payment,0.0
2996,417,36,5,2024-02-26 15:51:30,Cash,23300.0
2997,73,34,5,2024-02-01 19:49:16,Mobile Payment,0.0
2998,863,31,4,2025-12-28 14:05:01,Card,0.0
2999,203,11,2,2025-09-06 09:10:21,Cash,0.0
3000,413,31,4,2024-12-31 16:30:50,Cash,0.0
3001,483,3,1,2025-11-02 13:21:43,Cash,0.0
3002,417,3,1,2024-05-28 11:13:41,Bank Transfer,0.0
3003,162,29,4,2024-11-04 14:05:44,Bank Transfer,12400.0
3004,,10,2,2024-10-03 12:57:34,Card,37600.0
3005,925,21,3,2025-01-10 19:58:09,Card,180500.0
3006,723,32,4,2025-10-15 19:13:03,Card,101800.0
3007,,20,3,2025-07-30 10:52:38,Bank Transfer,0.0
3008,896,14,2,2024-01-14 16:15:39,Bank Transfer,25900.0
3009,964,5,1,2025-02-28 11:29:32,Mobile Payment,0.0
3010,188,16,2,2024-06-30 13:14:52,Mobile Payment,0.0
3011,,24,3,2024-12-17 12:41:02,Cash,26700.0
3012,,5,1,2025-07-27 10:13:05,Cash,0.0
3013,801,9,2,2025-08-02 11:41:59,Cash,471300.0
3014,730,28,4,2025-12-14 17:10:35,Card,0.0
3015,948,32,4,2024-08-14 14:44:54,Card,65300.0
3016,325,20,3,2024-02-23 10:10:21,Card,0.0
3017,370,23,3,2024-11-01 13:01:13,Card,0.0
3018,271,27,4,2024-01-20 14:23:20,Cash,0.0
3019,653,22,3,2024-01-15 14:33:52,Cash,0.0
3020,475,35,5,2025-06-28 19:35:46,Mobile Payment,0.0
3021,40,19,3,2025-06-26 14:18:19,Cash,0.0
3022,426,16,2,2024-01-19 16:40:10,Bank Transfer,0.0
3023,,40,5,2025-04-30 17:32:54,Mobile Payment,0.0
3024,424,21,3,2024-06-23 13:35:48,Bank Transfer,48900.0
3025,98,40,5,2025-05-14 18:48:22,Cash,0.0
3026,239,5,1,2025-12-16 16:54:25,Cash,685200.0
3027,455,35,5,2025-05-28 13:08:29,Card,0.0
3028,413,28,4,2025-12-01 16:06:24,Cash,0.0
3029,260,14,2,2025-02-20 19:15:17,Cash,0.0
3030,799,36,5,2025-12-11 10:50:17,Cash,0.0
3031,,29,4,2025-04-23 13:44:35,Cash,0.0
3032,,12,2,2025-05-27 09:11:47,Cash,97700.0
3033,328,35,5,2025-04-17 17:41:50,Bank Transfer,0.0
3034,,25,4,2024-06-25 15:39:56,Cash,0.0
3035,180,16,2,2024-06-01 11:50:48,Bank Transfer,0.0
3036,487,12,2,2024-11-05 13:22:14,Mobile Payment,0.0
3037,714,38,5,2025-02-02 18:32:02,Cash,0.0
3038,965,29,4,2025-09-24 13:06:43,Cash,274000.0
3039,17,12,2,2025-11-30 17:09:00,Cash,0.0
3040,166,30,4,2025-10-08 14:12:00,Cash,0.0
3041,177,14,2,2025-07-03 12:49:57,Cash,270100.0
3042,774,25,4,2025-06-12 12:35:33,Cash,0.0
3043,578,11,2,2024-06-29 17:46:19,Cash,282400.0
3044,348,4,1,2025-10-20 12:28:59,Bank Transfer,0.0
3045,825,16,2,2024-01-29 09:55:16,Mobile Payment,97500.0
3046,986,17,3,2025-06-21 12:50:28,Cash,0.0
3047,512,32,4,2024-09-06 15:47:42,Mobile Payment,116000.0
3048,723,24,3,2024-08-27 12:14:21,Cash,0.0
3049,567,6,1,2025-03-23 18:46:18,Cash,0.0
3050,650,9,2,2025-04-17 18:40:25,Cash,579600.0
3051,35,16,2,2024-06-03 09:05:30,Cash,0.0
3052,628,24,3,2024-09-10 14:07:02,Bank Transfer,0.0
3053,822,33,5,2024-08-28 09:51:10,Mobile Payment,50800.0
3054,26,40,5,2024-05-03 14:45:20,Mobile Payment,0.0
3055,326,4,1,2025-01-13 13:13:06,Card,0.0
3056,834,5,1,2025-07-18 17:40:54,Card,167700.0
3057,623,35,5,2025-05-07 17:02:39,Cash,65300.0
3058,864,32,4,2025-07-29 15:58:12,Cash,0.0
3059,734,39,5,2025-05-06 09:29:41,Mobile Payment,265400.0
3060,22,16,2,2024-06-28 14:21:56,Bank Transfer,1080600.0
3061,757,19,3,2024-04-27 19:22:53,Mobile Payment,0.0
3062,426,28,4,2025-07-09 11:26:29,Mobile Payment,0.0
3063,652,23,3,2024-01-28 14:12:44,Mobile Payment,66600.0
3064,823,36,5,2024-09-22 19:34:27,Card,21900.0
3065,,8,1,2025-05-06 12:24:49,Cash,0.0
3066,322,28,4,2024-04-29 17:53:10,Card,33500.0
3067,784,17,3,2025-06-11 10:39:12,Cash,53800.0
3068,849,21,3,2025-05-08 11:28:33,Card,0.0
3069,674,26,4,2025-04-11 13:01:26,Cash,0.0
3070,199,35,5,2024-07-14 16:24:05,Cash,0.0
3071,468,10,2,2024-06-29 10:10:57,Mobile Payment,601600.0
3072,741,13,2,2024-10-24 12:31:43,Cash,0.0
3073,731,3,1,2025-05-27 19:07:09,Cash,0.0
3074,968,27,4,2025-09-03 13:03:39,Mobile Payment,0.0
3075,517,18,3,2024-11-06 19:06:45,Card,0.0
3076,744,23,3,2024-12-24 12:50:32,Cash,314900.0
3077,50,36,5,2025-12-11 13:03:59,Mobile Payment,0.0
3078,978,40,5,2024-06-17 11:55:56,Bank Transfer,0.0
3079,426,3,1,2024-07-08 16:10:23,Bank Transfer,0.0
3080,468,21,3,2025-03-14 16:28:09,Card,22000.0
3081,784,9,2,2025-02-14 15:11:25,Mobile Payment,0.0
3082,413,27,4,2024-06-22 18:46:07,Card,0.0
3083,635,17,3,2025-11-26 11:38:05,Cash,148200.0
3084,606,19,3,2024-05-09 17:14:53,Cash,139600.0
3085,68,23,3,2024-07-12 15:39:15,Cash,0.0
3086,789,20,3,2024-12-11 19:44:06,Cash,0.0
3087,991,37,5,2024-11-30 15:12:59,Mobile Payment,32700.0
3088,610,40,5,2025-01-03 14:32:52,Card,0.0
3089,860,18,3,2024-04-17 18:35:48,Card,0.0
3090,560,22,3,2025-04-17 13:57:30,Cash,0.0
3091,829,13,2,2025-07-07 14:55:26,Cash,0.0
3092,108,6,1,2025-03-12 14:09:30,Mobile Payment,0.0
3093,,34,5,2025-07-06 09:52:23,Mobile Payment,0.0
3094,923,23,3,2024-02-10 15:43:25,Mobile Payment,0.0
3095,353,20,3,2025-10-28 11:22:54,Mobile Payment,225300.0
3096,,40,5,2025-12-15 10:02:36,Cash,0.0
3097,,31,4,2025-02-23 10:29:35,Bank Transfer,0.0
3098,154,16,2,2025-12-12 16:49:26,Mobile Payment,0.0
3099,200,20,3,2025-01-12 12:29:20,Mobile Payment,0.0
3100,296,27,4,2024-10-22 11:38:48,Card,0.0
3101,,8,1,2025-04-17 13:19:25,Cash,405800.0
3102,,13,2,2025-09-04 16:24:11,Card,184600.0
3103,879,18,3,2025-01-23 13:35:46,Cash,0.0
3104,341,16,2,2025-06-25 15:02:10,Bank Transfer,0.0
3105,182,34,5,2024-09-25 19:37:45,Cash,782800.0
3106,144,37,5,2024-09-19 14:43:42,Cash,0.0
3107,734,40,5,2024-01-02 19:28:04,Cash,399700.0
3108,178,5,1,2025-02-21 17:31:38,Cash,0.0
3109,403,11,2,2024-06-18 18:03:47,Cash,0.0
3110,454,11,2,2025-09-26 12:44:55,Mobile Payment,0.0
3111,88,14,2,2024-03-25 16:56:23,Cash,382300.0
3112,262,27,4,2025-04-18 12:56:10,Card,0.0
3113,324,27,4,2024-05-10 14:03:27,Cash,193800.0
3114,41,2,1,2024-09-23 15:16:27,Cash,127400.0
3115,179,9,2,2024-08-05 18:31:06,Bank Transfer,0.0
3116,292,33,5,2025-08-17 18:57:51,Cash,0.0
3117,205,39,5,2025-01-17 14:33:42,Cash,183100.0
3118,,30,4,2024-01-24 10:38:13,Cash,104200.0
3119,,38,5,2024-06-27 12:32:50,Cash,271000.0
3120,214,14,2,2025-04-12 16:28:39,Cash,34100.0
3121,869,10,2,2025-05-17 14:40:22,Card,0.0
3122,425,38,5,2025-06-05 11:29:56,Cash,0.0
3123,,16,2,2025-06-06 14:33:59,Cash,0.0
3124,124,1,1,2025-04-16 14:01:20,Mobile Payment,0.0
3125,986,18,3,2025-07-29 17:25:50,Cash,66800.0
3126,,40,5,2024-05-09 18:29:57,Cash,0.0
3127,405,27,4,2025-10-25 13:11:03,Bank Transfer,0.0
3128,710,37,5,2025-12-28 16:05:37,Cash,0.0
3129,214,28,4,2024-05-09 14:28:23,Cash,30400.0
3130,106,6,1,2025-02-23 13:51:13,Card,0.0
3131,600,7,1,2025-04-10 09:41:04,Card,375600.0
3132,121,25,4,2025-08-14 18:31:12,Cash,0.0
3133,143,26,4,2025-10-27 17:53:43,Bank Transfer,649800.0
3134,156,13,2,2025-07-20 19:00:49,Mobile Payment,313400.0
3135,570,3,1,2024-05-15 11:28:46,Bank Transfer,0.0
3136,943,27,4,2024-12-09 11:28:37,Bank Transfer,0.0
3137,85,33,5,2025-02-19 16:31:19,Bank Transfer,0.0
3138,313,20,3,2025-05-16 10:01:43,Cash,425200.0
3139,325,20,3,2025-12-05 13:36:54,Mobile Payment,0.0
3140,337,11,2,2024-06-14 14:54:54,Cash,0.0
3141,172,33,5,2024-07-16 12:33:16,Cash,0.0
3142,,30,4,2024-05-23 11:11:50,Bank Transfer,0.0
3143,934,9,2,2024-07-11 12:43:52,Cash,120500.0
3144,327,28,4,2025-07-10 12:25:24,Bank Transfer,0.0
3145,360,34,5,2025-09-12 18:30:34,Mobile Payment,125800.0
3146,198,20,3,2025-12-13 11:38:24,Card,46300.0
3147,465,39,5,2024-04-21 15:26:25,Cash,24700.0
3148,485,35,5,2024-10-29 18:50:29,Bank Transfer,0.0
3149,494,17,3,2025-03-14 14:41:17,Cash,423900.0
3150,190,38,5,2025-03-08 14:06:21,Cash,566000.0
3151,785,12,2,2024-11-01 13:06:19,Mobile Payment,0.0
3152,788,36,5,2025-04-29 12:48:21,Cash,0.0
3153,550,39,5,2025-04-03 13:56:52,Card,52400.0
3154,836,2,1,2025-02-17 18:16:16,Card,0.0
3155,570,25,4,2025-12-31 10:21:14,Bank Transfer,0.0
3156,814,37,5,2025-12-16 18:34:40,Cash,21900.0
3157,277,29,4,2024-01-30 13:22:05,Card,239000.0
3158,364,34,5,2024-02-20 12:22:28,Mobile Payment,0.0
3159,651,3,1,2025-07-09 19:22:16,Card,0.0
3160,833,7,1,2025-03-23 16:53:03,Mobile Payment,0.0
3161,539,29,4,2024-06-02 19:33:10,Card,0.0
3162,244,7,1,2024-10-16 17:44:59,Cash,0.0
3163,,16,2,2024-02-13 15:09:29,Cash,0.0
3164,697,40,5,2024-02-29 14:30:06,Cash,0.0
3165,844,7,1,2024-09-18 15:07:17,Cash,0.0
3166,935,2,1,2025-03-21 15:32:21,Card,427700.0
3167,826,36,5,2024-05-08 15:46:01,Mobile Payment,23500.0
3168,779,15,2,2025-07-01 12:28:47,Cash,0.0
3169,53,8,1,2024-10-18 15:50:07,Cash,0.0
3170,147,28,4,2025-02-04 12:45:35,Cash,135800.0
3171,357,35,5,2024-02-01 13:41:34,Card,0.0
3172,710,36,5,2025-05-21 19:30:45,Cash,29000.0
3173,459,2,1,2024-08-27 12:28:00,Mobile Payment,137600.0
3174,911,11,2,2024-07-20 15:37:27,Cash,179800.0
3175,96,32,4,2024-07-22 15:04:19,Cash,0.0
3176,,34,5,2025-06-01 10:41:04,Bank Transfer,652100.0
3177,666,30,4,2025-12-31 19:33:37,Cash,0.0
3178,172,1,1,2025-05-07 11:14:09,Bank Transfer,0.0
3179,651,36,5,2024-11-10 13:16:09,Cash,88600.0
3180,955,25,4,2024-06-08 12:37:08,Cash,0.0
3181,785,1,1,2024-10-26 19:15:47,Bank Transfer,280000.0
3182,584,13,2,2024-05-27 14:02:20,Cash,0.0
3183,495,18,3,2025-07-15 16:50:50,Mobile Payment,0.0
3184,697,19,3,2025-08-23 16:23:50,Cash,283800.0
3185,151,8,1,2025-02-27 17:10:54,Cash,163700.0
3186,61,6,1,2024-10-07 15:36:01,Card,569600.0
3187,390,9,2,2025-06-20 16:35:34,Mobile Payment,0.0
3188,923,18,3,2024-08-26 12:43:12,Cash,0.0
3189,,3,1,2024-09-01 12:20:34,Cash,0.0
3190,,36,5,2024-06-20 17:25:54,Cash,0.0
3191,880,18,3,2025-10-25 17:36:09,Cash,0.0
3192,68,12,2,2024-02-27 13:52:01,Bank Transfer,0.0
3193,768,35,5,2025-01-04 17:42:02,Mobile Payment,0.0
3194,898,16,2,2024-07-19 12:13:04,Mobile Payment,0.0
3195,757,9,2,2025-10-15 17:01:23,Cash,0.0
3196,,4,1,2024-07-07 13:25:20,Cash,4300.0
3197,338,17,3,2025-04-09 18:57:32,Cash,0.0
3198,182,2,1,2024-02-01 17:46:51,Mobile Payment,0.0
3199,380,11,2,2024-04-07 14:23:14,Mobile Payment,0.0
3200,939,26,4,2024-07-08 19:10:16,Bank Transfer,0.0
3201,218,34,5,2025-06-29 12:21:02,Cash,0.0
3202,943,24,3,2025-12-21 17:46:16,Cash,0.0
3203,787,29,4,2024-07-04 10:40:19,Bank Transfer,0.0
3204,774,24,3,2025-04-24 19:37:59,Bank Transfer,0.0
3205,331,25,4,2024-09-14 14:55:45,Cash,0.0
3206,231,35,5,2025-12-08 15:33:30,Cash,0.0
3207,,9,2,2024-08-20 09:03:34,Bank Transfer,46300.0
3208,253,40,5,2025-07-04 15:10:04,Cash,305100.0
3209,,30,4,2024-12-29 09:50:32,Cash,142400.0
3210,509,6,1,2025-12-01 17:34:54,Cash,0.0
3211,777,16,2,2024-06-30 09:13:55,Cash,475600.0
3212,356,16,2,2025-12-12 13:01:10,Card,173100.0
3213,873,38,5,2025-10-25 13:46:34,Cash,0.0
3214,108,17,3,2025-08-23 18:16:42,Card,100700.0
3215,452,28,4,2024-09-10 16:03:10,Cash,0.0
3216,,24,3,2025-04-10 19:07:35,Card,0.0
3217,879,15,2,2025-02-28 14:08:34,Cash,67200.0
3218,907,22,3,2025-11-04 16:17:23,Mobile Payment,0.0
3219,673,15,2,2024-10-22 12:23:48,Cash,0.0
3220,895,6,1,2025-06-27 12:51:01,Mobile Payment,218700.0
3221,280,24,3,2024-10-15 16:16:43,Cash,101800.0
3222,4,3,1,2025-06-03 18:29:51,Bank Transfer,271900.0
3223,438,36,5,2025-01-07 12:39:45,Mobile Payment,0.0
3224,677,27,4,2025-02-27 16:54:05,Bank Transfer,385500.0
3225,981,11,2,2024-05-25 10:44:47,Mobile Payment,141700.0
3226,603,9,2,2024-10-13 14:14:57,Bank Transfer,17700.0
3227,,20,3,2025-08-12 15:42:57,Card,81300.0
3228,753,34,5,2025-04-30 17:31:48,Cash,0.0
3229,727,7,1,2024-05-25 15:41:55,Card,0.0
3230,762,40,5,2024-08-05 13:19:49,Cash,0.0
3231,201,31,4,2024-06-06 18:02:34,Card,0.0
3232,465,32,4,2025-03-13 12:39:24,Cash,0.0
3233,,5,1,2024-01-10 19:35:17,Cash,0.0
3234,,11,2,2024-01-05 19:30:38,Card,775400.0
3235,280,33,5,2024-05-14 17:01:09,Bank Transfer,0.0
3236,190,8,1,2025-12-16 14:35:27,Mobile Payment,274500.0
3237,308,12,2,2025-08-07 11:12:43,Cash,174500.0
3238,771,32,4,2024-10-30 11:28:13,Card,0.0
3239,185,6,1,2024-11-03 16:09:03,Card,0.0
3240,894,7,1,2025-02-23 17:02:31,Cash,368500.0
3241,,29,4,2024-05-13 12:32:10,Cash,0.0
3242,,23,3,2024-07-09 19:40:06,Mobile Payment,0.0
3243,616,37,5,2024-04-18 10:56:12,Cash,0.0
3244,656,23,3,2025-09-20 17:14:26,Mobile Payment,0.0
3245,689,30,4,2025-11-23 16:09:03,Bank Transfer,0.0
3246,699,38,5,2025-06-25 18:39:18,Bank Transfer,867200.0
3247,,26,4,2024-03-02 13:19:37,Cash,0.0
3248,,32,4,2025-06-11 14:34:59,Card,0.0
3249,751,20,3,2025-11-18 17:47:31,Bank Transfer,0.0
3250,233,4,1,2025-08-05 16:46:48,Cash,0.0
3251,647,11,2,2025-10-30 15:46:43,Mobile Payment,0.0
3252,886,7,1,2025-01-08 17:24:11,Cash,87000.0
3253,434,2,1,2024-10-18 16:41:18,Mobile Payment,0.0
3254,110,6,1,2025-03-05 10:29:59,Cash,0.0
3255,237,24,3,2025-12-13 15:07:29,Cash,0.0
3256,720,16,2,2024-08-03 13:03:25,Mobile Payment,208600.0
3257,213,6,1,2024-02-26 17:41:48,Bank Transfer,275000.0
3258,423,22,3,2025-12-17 09:13:41,Mobile Payment,0.0
3259,155,13,2,2024-12-09 10:08:36,Bank Transfer,236800.0
3260,859,3,1,2025-04-29 17:27:12,Cash,0.0
3261,888,22,3,2024-06-10 10:06:02,Mobile Payment,0.0
3262,83,30,4,2025-09-20 16:48:06,Cash,194500.0
3263,,31,4,2024-11-23 14:18:22,Card,0.0
3264,614,7,1,2025-08-10 09:19:15,Card,0.0
3265,61,21,3,2024-01-02 15:02:09,Card,86500.0
3266,739,33,5,2024-07-10 09:50:49,Cash,188700.0
3267,94,12,2,2024-07-26 15:51:58,Cash,0.0
3268,204,26,4,2024-08-17 11:23:14,Bank Transfer,0.0
3269,217,5,1,2024-03-21 15:11:31,Cash,593300.0
3270,114,38,5,2024-01-16 11:43:19,Cash,0.0
3271,144,40,5,2024-08-25 09:39:40,Bank Transfer,105300.0
3272,,17,3,2024-10-17 13:59:01,Cash,704300.0
3273,,3,1,2025-09-06 09:16:15,Cash,1034300.0
3274,225,5,1,2025-06-19 10:26:32,Cash,0.0
3275,822,26,4,2025-06-11 16:56:03,Cash,182000.0
3276,774,29,4,2024-06-10 14:49:01,Bank Transfer,0.0
3277,996,29,4,2025-11-18 16:43:52,Cash,0.0
3278,,35,5,2025-10-26 10:15:14,Mobile Payment,0.0
3279,584,22,3,2024-01-28 14:46:44,Bank Transfer,0.0
3280,98,4,1,2024-10-10 12:40:48,Cash,118500.0
3281,372,24,3,2025-03-22 09:19:46,Cash,0.0
3282,37,26,4,2025-02-08 09:16:25,Mobile Payment,0.0
3283,700,6,1,2024-08-11 10:53:13,Mobile Payment,0.0
3284,925,16,2,2025-04-28 16:58:50,Bank Transfer,0.0
3285,987,3,1,2025-05-31 11:27:06,Bank Transfer,0.0
3286,,34,5,2025-08-19 13:44:54,Bank Transfer,0.0
3287,167,17,3,2025-07-26 15:30:53,Cash,110400.0
3288,748,13,2,2025-04-16 10:24:22,Cash,0.0
3289,,39,5,2024-11-02 16:49:30,Card,0.0
3290,,7,1,2025-01-15 12:43:35,Mobile Payment,0.0
3291,,21,3,2024-08-19 14:41:59,Card,0.0
3292,55,38,5,2025-09-09 14:08:18,Cash,0.0
3293,,7,1,2025-10-20 15:48:26,Card,380500.0
3294,202,34,5,2024-12-10 17:40:32,Mobile Payment,0.0
3295,984,3,1,2025-07-05 18:42:44,Cash,0.0
3296,242,26,4,2025-01-09 13:43:48,Mobile Payment,0.0
3297,261,21,3,2025-08-27 12:18:29,Cash,0.0
3298,,22,3,2025-02-09 15:46:55,Mobile Payment,0.0
3299,624,31,4,2024-01-29 10:30:59,Mobile Payment,0.0
3300,893,16,2,2024-07-26 09:07:52,Card,0.0
3301,720,23,3,2024-11-17 17:37:58,Cash,0.0
3302,547,37,5,2024-04-18 13:23:29,Mobile Payment,0.0
3303,163,34,5,2024-12-18 15:05:12,Mobile Payment,0.0
3304,498,37,5,2025-09-08 16:13:49,Cash,195300.0
3305,607,2,1,2025-11-21 16:22:14,Card,383400.0
3306,591,27,4,2025-03-19 18:26:39,Cash,0.0
3307,223,10,2,2025-08-01 15:50:33,Card,42100.0
3308,625,40,5,2024-06-10 15:29:07,Card,0.0
3309,398,37,5,2025-12-03 14:18:05,Cash,0.0
3310,46,30,4,2024-06-18 17:21:57,Cash,0.0
3311,82,35,5,2024-06-02 11:55:08,Cash,0.0
3312,,29,4,2025-10-19 10:19:17,Cash,356500.0
3313,,40,5,2024-06-26 10:59:31,Mobile Payment,347600.0
3314,,34,5,2025-05-15 18:24:09,Mobile Payment,0.0
3315,939,36,5,2025-02-10 14:38:38,Bank Transfer,530700.0
3316,41,11,2,2024-06-05 09:34:24,Cash,0.0
3317,984,28,4,2025-09-08 18:16:31,Cash,0.0
3318,642,35,5,2024-09-23 16:19:00,Card,0.0
3319,359,39,5,2024-07-09 10:14:10,Card,0.0
3320,133,40,5,2025-01-28 10:02:48,Cash,0.0
3321,702,36,5,2025-06-20 17:13:59,Cash,0.0
3322,,10,2,2025-09-07 12:00:17,Mobile Payment,53900.0
3323,470,2,1,2025-07-17 16:56:25,Card,0.0
3324,,4,1,2025-06-12 13:07:03,Bank Transfer,235500.0
3325,30,35,5,2025-12-08 13:16:50,Bank Transfer,8400.0
3326,88,8,1,2025-01-29 19:17:52,Card,201500.0
3327,511,8,1,2024-06-23 13:22:24,Cash,142600.0
3328,266,33,5,2025-06-22 16:58:07,Mobile Payment,0.0
3329,590,24,3,2024-03-01 12:27:23,Card,0.0
3330,820,35,5,2025-09-07 09:44:16,Card,0.0
3331,609,16,2,2024-02-22 11:44:27,Card,508000.0
3332,,1,1,2024-06-18 15:10:06,Cash,0.0
3333,244,5,1,2025-12-27 12:40:07,Card,614900.0
3334,746,10,2,2024-08-23 18:29:09,Card,0.0
3335,765,5,1,2024-05-24 12:32:30,Mobile Payment,0.0
3336,948,16,2,2025-04-12 09:38:56,Cash,0.0
3337,822,4,1,2024-05-05 16:40:41,Bank Transfer,154300.0
3338,769,12,2,2024-09-23 13:02:11,Bank Transfer,374500.0
3339,763,39,5,2024-10-21 19:52:25,Bank Transfer,0.0
3340,159,34,5,2025-04-05 15:34:14,Cash,0.0
3341,746,27,4,2024-04-26 18:33:36,Cash,0.0
3342,410,33,5,2025-05-20 09:40:17,Cash,0.0
3343,456,33,5,2024-04-27 16:41:17,Cash,0.0
3344,477,4,1,2024-03-04 15:45:58,Mobile Payment,0.0
3345,211,20,3,2024-12-14 17:41:36,Bank Transfer,469500.0
3346,302,22,3,2024-05-06 15:39:31,Bank Transfer,16300.0
3347,217,40,5,2024-05-03 17:32:35,Card,0.0
3348,24,22,3,2024-08-11 18:54:10,Mobile Payment,0.0
3349,590,37,5,2024-06-02 14:13:10,Card,0.0
3350,289,40,5,2024-06-28 10:41:12,Bank Transfer,0.0
3351,950,7,1,2024-02-18 10:34:52,Cash,1494600.0
3352,40,5,1,2025-10-21 16:58:31,Cash,99700.0
3353,265,11,2,2025-06-23 14:22:26,Mobile Payment,362100.0
3354,122,12,2,2024-12-09 11:55:57,Card,400100.0
3355,577,18,3,2024-01-21 11:29:05,Mobile Payment,0.0
3356,754,6,1,2025-01-21 11:15:57,Cash,0.0
3357,533,29,4,2024-11-28 17:09:39,Mobile Payment,735700.0
3358,,20,3,2025-10-22 09:07:58,Card,407700.0
3359,358,34,5,2025-07-02 16:46:42,Cash,0.0
3360,490,20,3,2025-10-17 19:30:12,Bank Transfer,76400.0
3361,459,27,4,2024-05-09 11:43:34,Card,0.0
3362,567,15,2,2024-04-20 18:14:23,Cash,50500.0
3363,739,39,5,2024-12-09 15:00:35,Cash,0.0
3364,,26,4,2024-06-13 12:18:01,Cash,314300.0
3365,683,37,5,2024-06-23 09:06:09,Cash,228500.0
3366,476,18,3,2025-11-20 18:35:41,Bank Transfer,0.0
3367,348,12,2,2024-02-10 16:14:20,Cash,0.0
3368,465,38,5,2024-08-01 19:23:58,Card,311800.0
3369,695,20,3,2024-01-03 17:32:18,Bank Transfer,99200.0
3370,879,17,3,2025-08-04 19:24:37,Card,309100.0
3371,729,38,5,2025-06-17 13:21:17,Cash,0.0
3372,267,33,5,2025-09-14 17:22:55,Mobile Payment,2900.0
3373,161,30,4,2025-01-06 13:40:31,Mobile Payment,0.0
3374,124,15,2,2025-07-10 12:19:02,Cash,0.0
3375,970,23,3,2024-01-27 15:23:12,Cash,0.0
3376,49,22,3,2025-05-19 16:12:54,Cash,0.0
3377,,10,2,2025-09-06 19:50:13,Cash,0.0
3378,628,4,1,2025-07-09 16:30:12,Cash,0.0
3379,12,34,5,2025-08-08 15:35:49,Bank Transfer,0.0
3380,340,12,2,2024-03-31 15:20:02,Cash,0.0
3381,823,2,1,2024-10-02 09:23:19,Cash,0.0
3382,684,37,5,2024-09-11 18:20:52,Cash,176900.0
3383,,21,3,2025-08-07 15:09:55,Cash,80600.0
3384,,14,2,2024-11-27 14:23:22,Cash,0.0
3385,,5,1,2024-06-12 15:50:26,Cash,126700.0
3386,297,2,1,2024-01-17 17:02:03,Bank Transfer,266900.0
3387,433,22,3,2025-02-18 13:08:23,Bank Transfer,16500.0
3388,273,27,4,2025-01-01 15:22:24,Card,0.0
3389,,3,1,2025-04-05 16:24:50,Mobile Payment,696600.0
3390,860,16,2,2024-09-16 19:09:04,Cash,0.0
3391,939,7,1,2024-03-12 19:26:33,Bank Transfer,123800.0
3392,785,35,5,2025-04-07 18:19:05,Mobile Payment,17800.0
3393,441,40,5,2024-02-17 12:54:58,Mobile Payment,0.0
3394,603,28,4,2025-11-05 13:24:16,Card,446000.0
3395,931,11,2,2024-03-16 19:33:05,Cash,0.0
3396,218,39,5,2025-01-28 09:32:42,Cash,0.0
3397,481,11,2,2024-11-26 13:36:43,Card,74600.0
3398,290,4,1,2024-06-11 13:30:03,Cash,0.0
3399,778,29,4,2025-12-26 14:43:17,Cash,0.0
3400,,40,5,2025-02-05 14:28:33,Mobile Payment,0.0
3401,337,8,1,2024-05-28 17:24:16,Card,0.0
3402,465,22,3,2024-07-24 10:36:25,Cash,0.0
3403,871,21,3,2024-01-11 09:33:20,Bank Transfer,0.0
3404,637,33,5,2025-10-06 18:29:37,Card,0.0
3405,808,40,5,2025-06-15 10:21:28,Card,0.0
3406,,31,4,2025-05-19 17:34:21,Card,0.0
3407,,14,2,2025-04-24 18:19:51,Mobile Payment,0.0
3408,,7,1,2025-06-10 18:35:21,Card,0.0
3409,460,17,3,2025-07-26 14:07:44,Mobile Payment,0.0
3410,329,21,3,2024-01-25 11:12:06,Mobile Payment,0.0
3411,768,30,4,2025-04-17 10:14:52,Bank Transfer,0.0
3412,682,18,3,2025-10-02 11:10:46,Mobile Payment,0.0
3413,684,9,2,2024-07-26 17:07:57,Cash,0.0
3414,534,35,5,2024-06-03 14:49:36,Cash,0.0
3415,62,20,3,2024-07-04 16:08:28,Card,0.0
3416,359,40,5,2024-08-07 09:15:29,Card,0.0
3417,968,7,1,2025-07-28 11:36:16,Card,0.0
3418,46,28,4,2025-04-07 18:33:49,Cash,0.0
3419,364,25,4,2025-07-28 16:30:02,Bank Transfer,1530900.0
3420,,32,4,2025-10-30 13:52:02,Cash,0.0
3421,157,1,1,2024-08-30 13:12:01,Cash,0.0
3422,584,22,3,2024-01-26 17:08:59,Bank Transfer,0.0
3423,182,23,3,2025-11-02 16:16:34,Cash,0.0
3424,825,29,4,2024-05-22 15:23:52,Mobile Payment,0.0
3425,49,13,2,2024-12-19 09:05:04,Mobile Payment,0.0
3426,766,2,1,2025-12-08 15:03:29,Cash,25700.0
3427,,7,1,2024-07-18 10:50:19,Cash,225400.0
3428,174,31,4,2024-10-19 11:36:51,Bank Transfer,0.0
3429,594,16,2,2025-11-22 12:04:33,Card,90900.0
3430,,22,3,2025-05-01 10:36:39,Card,30900.0
3431,106,2,1,2024-10-12 09:29:41,Mobile Payment,415600.0
3432,137,7,1,2025-11-14 13:42:42,Mobile Payment,0.0
3433,956,17,3,2024-01-29 13:54:32,Cash,0.0
3434,643,23,3,2024-11-11 15:58:25,Cash,0.0
3435,564,14,2,2025-05-20 14:40:37,Bank Transfer,0.0
3436,121,29,4,2025-08-11 10:14:19,Cash,0.0
3437,425,22,3,2024-07-23 11:55:43,Bank Transfer,228900.0
3438,,17,3,2024-02-24 14:53:32,Bank Transfer,0.0
3439,690,36,5,2025-05-07 15:22:13,Mobile Payment,142600.0
3440,845,8,1,2025-01-01 09:57:37,Mobile Payment,361100.0
3441,228,17,3,2024-05-08 18:56:19,Bank Transfer,0.0
3442,370,3,1,2025-12-15 10:23:21,Card,0.0
3443,1,25,4,2024-04-30 17:05:06,Cash,0.0
3444,172,26,4,2024-10-20 13:52:44,Card,66300.0
3445,648,34,5,2024-03-05 10:55:55,Card,0.0
3446,184,39,5,2025-04-17 12:05:12,Cash,0.0
3447,860,34,5,2024-07-25 15:11:05,Cash,0.0
3448,584,21,3,2024-09-20 16:23:14,Mobile Payment,0.0
3449,882,14,2,2024-08-29 12:44:15,Cash,533400.0
3450,770,15,2,2025-07-25 15:05:09,Cash,0.0
3451,807,1,1,2025-05-07 11:36:16,Card,72400.0
3452,849,15,2,2024-07-01 17:25:15,Card,18700.0
3453,488,20,3,2025-09-24 12:36:16,Mobile Payment,0.0
3454,383,23,3,2025-01-11 18:48:51,Cash,189900.0
3455,813,27,4,2025-09-24 18:50:09,Cash,0.0
3456,881,12,2,2025-08-27 12:42:53,Bank Transfer,0.0
3457,768,10,2,2025-09-05 11:37:18,Bank Transfer,0.0
3458,573,4,1,2025-11-10 10:41:40,Card,337600.0
3459,,22,3,2024-10-18 17:53:57,Card,0.0
3460,784,15,2,2024-10-31 13:43:28,Cash,0.0
3461,92,24,3,2025-12-14 09:35:11,Bank Transfer,0.0
3462,42,21,3,2024-06-23 16:07:40,Cash,0.0
3463,741,38,5,2024-04-28 11:06:40,Mobile Payment,0.0
3464,,4,1,2025-04-25 09:19:29,Cash,196600.0
3465,871,18,3,2024-09-03 18:40:42,Bank Transfer,0.0
3466,304,17,3,2025-01-09 14:32:36,Mobile Payment,0.0
3467,789,38,5,2025-01-01 11:54:10,Card,69300.0
3468,757,19,3,2024-06-10 09:20:18,Bank Transfer,0.0
3469,840,15,2,2025-04-03 12:15:41,Cash,117300.0
3470,869,26,4,2025-09-15 14:22:56,Card,0.0
3471,357,10,2,2024-12-22 15:40:54,Mobile Payment,0.0
3472,479,15,2,2025-11-14 09:08:24,Mobile Payment,224100.0
3473,730,30,4,2025-07-13 14:11:11,Card,17200.0
3474,110,19,3,2025-06-24 16:01:53,Card,0.0
3475,952,7,1,2024-09-30 19:16:03,Card,0.0
3476,,27,4,2024-02-25 10:23:35,Cash,0.0
3477,200,10,2,2024-03-17 15:40:39,Cash,520000.0
3478,122,39,5,2024-01-30 19:51:59,Mobile Payment,398500.0
3479,297,29,4,2024-01-29 14:06:05,Card,157800.0
3480,379,20,3,2025-06-12 18:56:48,Cash,0.0
3481,,19,3,2024-06-07 13:41:45,Cash,303800.0
3482,810,35,5,2025-01-28 14:34:44,Cash,0.0
3483,771,30,4,2025-02-21 09:45:59,Cash,0.0
3484,325,31,4,2024-12-04 18:06:11,Card,0.0
3485,604,37,5,2025-09-23 12:00:29,Cash,0.0
3486,495,12,2,2024-02-29 16:52:56,Bank Transfer,365500.0
3487,911,34,5,2024-02-02 17:04:50,Bank Transfer,111800.0
3488,323,5,1,2024-10-10 13:16:20,Mobile Payment,577300.0
3489,,5,1,2025-01-05 19:43:50,Cash,0.0
3490,802,1,1,2024-01-08 17:32:34,Bank Transfer,0.0
3491,855,11,2,2025-06-03 14:20:27,Bank Transfer,0.0
3492,844,1,1,2025-05-19 12:09:29,Mobile Payment,0.0
3493,270,20,3,2025-04-10 19:20:54,Cash,0.0
3494,753,27,4,2024-08-20 18:29:49,Card,0.0
3495,972,8,1,2025-01-21 19:02:20,Card,0.0
3496,716,5,1,2024-05-27 14:14:44,Card,0.0
3497,840,8,1,2024-01-08 11:35:40,Mobile Payment,13400.0
3498,690,27,4,2025-09-09 15:43:57,Mobile Payment,0.0
3499,375,19,3,2025-02-10 17:20:47,Cash,637500.0
3500,357,36,5,2024-05-29 10:39:04,Cash,0.0
3501,902,13,2,2025-12-08 17:49:22,Cash,0.0
3502,,21,3,2024-04-08 15:59:13,Bank Transfer,0.0
3503,,5,1,2025-03-27 13:51:08,Bank Transfer,0.0
3504,903,6,1,2025-03-04 18:59:00,Card,445300.0
3505,628,30,4,2024-08-28 09:48:35,Mobile Payment,0.0
3506,753,32,4,2024-08-19 13:39:20,Bank Transfer,0.0
3507,448,18,3,2025-12-29 13:44:24,Mobile Payment,0.0
3508,95,15,2,2024-04-04 16:07:32,Bank Transfer,0.0
3509,501,9,2,2024-03-10 15:16:34,Mobile Payment,0.0
3510,,39,5,2024-08-01 13:35:56,Cash,0.0
3511,633,26,4,2025-11-15 14:15:47,Mobile Payment,0.0
3512,557,31,4,2024-06-18 13:00:17,Cash,0.0
3513,402,39,5,2024-11-28 12:27:24,Cash,0.0
3514,369,20,3,2025-01-29 19:04:11,Cash,131400.0
3515,927,10,2,2024-06-08 10:50:41,Cash,0.0
3516,511,40,5,2025-09-08 14:29:14,Cash,0.0
3517,123,17,3,2024-07-16 16:24:16,Cash,0.0
3518,,22,3,2025-01-04 11:45:58,Cash,626100.0
3519,230,5,1,2024-04-03 12:48:25,Cash,0.0
3520,299,9,2,2024-12-22 15:06:51,Cash,0.0
3521,990,32,4,2025-12-05 18:03:32,Cash,0.0
3522,,2,1,2024-03-19 10:33:37,Card,15900.0
3523,922,2,1,2024-07-11 17:51:41,Bank Transfer,0.0
3524,371,26,4,2025-07-12 10:17:15,Mobile Payment,0.0
3525,943,6,1,2025-07-09 17:49:28,Card,127700.0
3526,790,29,4,2024-10-06 11:59:12,Card,0.0
3527,53,19,3,2024-06-05 19:16:35,Cash,0.0
3528,,28,4,2025-10-24 19:38:48,Mobile Payment,0.0
3529,410,5,1,2024-02-25 12:53:17,Mobile Payment,451400.0
3530,903,8,1,2025-01-02 18:24:26,Cash,0.0
3531,152,24,3,2024-05-05 09:30:02,Cash,0.0
3532,579,39,5,2024-01-12 15:58:22,Cash,0.0
3533,864,26,4,2025-06-29 10:31:18,Cash,0.0
3534,285,1,1,2025-06-03 18:42:30,Bank Transfer,0.0
3535,308,8,1,2025-04-24 13:27:28,Cash,33400.0
3536,845,2,1,2025-12-12 19:52:12,Mobile Payment,0.0
3537,369,39,5,2025-12-13 12:06:32,Cash,0.0
3538,200,6,1,2025-06-17 14:55:09,Cash,0.0
3539,171,24,3,2025-04-30 17:44:35,Mobile Payment,55000.0
3540,61,27,4,2025-04-26 11:25:14,Cash,0.0
3541,149,18,3,2025-07-16 10:52:32,Card,0.0
3542,337,16,2,2025-02-28 12:17:13,Card,0.0
3543,386,36,5,2024-11-20 13:30:14,Cash,0.0
3544,678,28,4,2024-05-06 19:52:38,Cash,25100.0
3545,879,21,3,2024-06-12 12:28:15,Card,0.0
3546,530,26,4,2024-08-09 15:17:12,Card,0.0
3547,,1,1,2024-10-16 11:04:51,Mobile Payment,638800.0
3548,866,31,4,2025-11-06 15:43:28,Card,0.0
3549,673,25,4,2025-08-03 16:47:43,Bank Transfer,193700.0
3550,131,15,2,2024-05-13 13:00:32,Bank Transfer,336300.0
3551,551,11,2,2024-05-28 19:58:47,Cash,420300.0
3552,8,6,1,2025-08-14 14:16:30,Cash,0.0
3553,447,16,2,2024-04-06 13:55:11,Cash,0.0
3554,913,27,4,2025-11-06 13:38:10,Cash,12300.0
3555,196,20,3,2025-10-04 16:20:53,Mobile Payment,0.0
3556,198,33,5,2024-12-03 15:00:11,Cash,0.0
3557,12,16,2,2025-07-01 09:03:24,Bank Transfer,0.0
3558,225,22,3,2025-01-10 09:28:40,Mobile Payment,389200.0
3559,69,1,1,2025-06-08 14:20:42,Cash,0.0
3560,270,2,1,2025-06-05 11:11:10,Bank Transfer,0.0
3561,146,11,2,2025-07-07 14:59:56,Cash,43700.0
3562,762,34,5,2025-02-05 10:03:44,Mobile Payment,503300.0
3563,167,10,2,2024-10-27 19:55:15,Bank Transfer,0.0
3564,918,31,4,2024-09-04 09:42:06,Bank Transfer,150300.0
3565,426,5,1,2025-11-21 17:33:08,Cash,68700.0
3566,,16,2,2024-07-14 15:49:23,Bank Transfer,0.0
3567,922,23,3,2024-12-25 15:44:46,Cash,0.0
3568,708,17,3,2024-04-09 12:01:22,Cash,0.0
3569,626,7,1,2025-07-23 15:55:35,Mobile Payment,129700.0
3570,,38,5,2024-10-22 09:17:00,Mobile Payment,40500.0
3571,662,6,1,2025-03-18 19:08:10,Cash,0.0
3572,487,35,5,2025-12-24 16:35:04,Mobile Payment,0.0
3573,112,27,4,2025-08-18 10:10:25,Cash,287300.0
3574,554,9,2,2025-09-18 19:08:26,Card,0.0
3575,271,6,1,2025-12-05 11:02:41,Cash,0.0
3576,,23,3,2024-12-31 18:52:23,Mobile Payment,0.0
3577,381,19,3,2025-12-03 09:37:23,Cash,0.0
3578,198,21,3,2024-10-03 11:11:53,Bank Transfer,0.0
3579,460,39,5,2024-08-12 09:54:17,Mobile Payment,0.0
3580,560,39,5,2025-12-28 13:04:56,Card,29700.0
3581,789,14,2,2024-04-14 11:06:07,Card,0.0
3582,981,15,2,2024-08-15 09:03:59,Mobile Payment,225500.0
3583,351,8,1,2025-11-13 19:23:53,Bank Transfer,315500.0
3584,,12,2,2025-11-26 18:24:51,Mobile Payment,338300.0
3585,642,17,3,2025-02-10 12:15:24,Cash,0.0
3586,319,39,5,2025-09-05 12:39:56,Mobile Payment,0.0
3587,622,6,1,2025-03-01 11:45:33,Card,0.0
3588,673,12,2,2025-02-28 09:07:03,Mobile Payment,0.0
3589,136,4,1,2024-12-02 17:53:44,Card,0.0
3590,577,26,4,2025-06-07 13:24:19,Cash,0.0
3591,945,27,4,2024-05-27 16:06:58,Cash,0.0
3592,65,32,4,2024-08-25 18:03:24,Mobile Payment,0.0
3593,38,31,4,2024-12-27 16:40:07,Mobile Payment,0.0
3594,505,13,2,2025-08-19 13:52:59,Cash,334800.0
3595,719,1,1,2025-08-15 18:57:58,Card,80000.0
3596,320,6,1,2025-02-07 15:30:00,Bank Transfer,1058500.0
3597,,38,5,2025-03-02 18:05:04,Cash,0.0
3598,156,7,1,2024-03-17 15:25:40,Cash,216200.0
3599,8,1,1,2024-10-24 17:50:01,Cash,128400.0
3600,298,3,1,2024-11-03 18:15:32,Card,0.0
3601,508,22,3,2025-07-08 18:01:21,Mobile Payment,0.0
3602,706,15,2,2024-03-17 13:44:22,Bank Transfer,0.0
3603,137,28,4,2024-02-18 14:07:08,Card,0.0
3604,51,28,4,2025-02-07 18:48:40,Bank Transfer,459000.0
3605,,11,2,2024-07-24 14:25:11,Cash,0.0
3606,584,29,4,2025-09-23 11:52:04,Card,167700.0
3607,532,40,5,2024-02-04 11:16:23,Mobile Payment,0.0
3608,693,33,5,2025-05-04 09:00:49,Cash,0.0
3609,98,20,3,2024-10-11 14:41:59,Card,184000.0
3610,23,4,1,2025-12-02 11:13:04,Cash,416500.0
3611,266,34,5,2025-02-24 18:02:12,Bank Transfer,0.0
3612,456,17,3,2024-10-08 11:18:57,Mobile Payment,189200.0
3613,863,38,5,2025-06-24 16:14:12,Bank Transfer,0.0
3614,233,27,4,2025-09-22 12:03:01,Card,177100.0
3615,200,20,3,2025-06-03 19:21:01,Cash,52500.0
3616,808,12,2,2025-01-11 19:32:34,Cash,225500.0
3617,,29,4,2025-06-07 18:32:14,Cash,0.0
3618,400,12,2,2025-11-06 18:35:55,Card,394500.0
3619,820,39,5,2024-12-09 13:47:52,Card,0.0
3620,922,7,1,2025-05-22 17:02:16,Mobile Payment,0.0
3621,242,21,3,2024-12-22 11:37:10,Mobile Payment,0.0
3622,602,36,5,2024-04-10 09:22:33,Mobile Payment,0.0
3623,,7,1,2024-11-26 16:04:16,Card,0.0
3624,42,11,2,2025-02-25 11:54:17,Cash,0.0
3625,,32,4,2024-08-06 15:53:49,Mobile Payment,0.0
3626,620,21,3,2025-12-06 10:34:43,Card,361700.0
3627,35,33,5,2025-06-07 11:58:14,Cash,0.0
3628,987,24,3,2025-12-26 12:09:59,Cash,0.0
3629,918,2,1,2025-03-12 11:22:36,Bank Transfer,0.0
3630,254,26,4,2025-01-28 12:07:44,Card,0.0
3631,325,2,1,2025-08-02 11:35:14,Mobile Payment,0.0
3632,423,40,5,2024-10-15 19:40:13,Cash,652600.0
3633,512,30,4,2025-03-19 16:20:14,Card,110700.0
3634,325,13,2,2024-03-30 12:47:56,Cash,0.0
3635,200,37,5,2024-11-13 13:35:36,Cash,125100.0
3636,315,6,1,2025-05-02 19:32:27,Bank Transfer,291600.0
3637,,40,5,2024-01-29 09:07:36,Cash,0.0
3638,598,11,2,2024-12-27 15:09:16,Card,0.0
3639,546,21,3,2025-01-10 15:56:41,Mobile Payment,90200.0
3640,651,38,5,2025-01-08 16:49:22,Mobile Payment,0.0
3641,852,26,4,2025-12-05 10:45:46,Card,0.0
3642,490,6,1,2025-07-17 18:50:07,Cash,0.0
3643,388,23,3,2024-06-30 10:00:03,Mobile Payment,0.0
3644,875,33,5,2024-02-26 12:57:28,Mobile Payment,0.0
3645,673,27,4,2024-08-30 10:46:55,Cash,0.0
3646,973,27,4,2025-10-01 11:25:24,Cash,93600.0
3647,616,40,5,2025-03-23 12:01:09,Cash,125600.0
3648,517,38,5,2024-07-15 14:37:04,Mobile Payment,0.0
3649,825,27,4,2024-10-31 14:43:39,Card,0.0
3650,705,11,2,2025-07-20 17:10:41,Cash,0.0
3651,413,21,3,2024-10-15 09:51:59,Card,43500.0
3652,767,33,5,2025-05-03 09:50:54,Cash,0.0
3653,12,31,4,2025-05-22 14:47:13,Cash,208800.0
3654,833,38,5,2024-07-24 16:09:16,Mobile Payment,930500.0
3655,,15,2,2025-09-03 11:59:56,Card,0.0
3656,32,6,1,2024-08-29 17:50:45,Mobile Payment,0.0
3657,157,35,5,2025-03-14 12:57:31,Cash,0.0
3658,554,10,2,2025-07-12 09:18:42,Bank Transfer,0.0
3659,,26,4,2024-01-19 19:23:02,Mobile Payment,0.0
3660,306,27,4,2025-07-23 10:29:30,Cash,0.0
3661,298,6,1,2024-10-24 14:47:04,Bank Transfer,0.0
3662,577,8,1,2024-09-15 10:54:52,Card,0.0
3663,299,24,3,2024-04-08 18:43:34,Bank Transfer,0.0
3664,269,7,1,2024-11-20 17:16:06,Mobile Payment,0.0
3665,837,27,4,2024-01-23 15:41:27,Cash,0.0
3666,456,15,2,2024-07-25 17:43:00,Mobile Payment,0.0
3667,424,8,1,2025-04-18 11:37:41,Card,34700.0
3668,,11,2,2024-12-01 11:27:03,Bank Transfer,19300.0
3669,,9,2,2024-03-19 19:09:10,Cash,0.0
3670,297,2,1,2024-02-02 16:51:40,Mobile Payment,0.0
3671,,2,1,2025-09-14 19:46:29,Card,0.0
3672,762,17,3,2025-11-11 13:06:10,Mobile Payment,0.0
3673,230,17,3,2025-06-17 11:25:29,Card,460300.0
3674,419,2,1,2024-02-02 13:23:07,Cash,0.0
3675,280,6,1,2025-07-22 12:50:18,Cash,0.0
3676,939,25,4,2024-12-28 11:48:14,Bank Transfer,0.0
3677,737,8,1,2025-07-17 12:22:46,Cash,0.0
3678,529,8,1,2025-04-07 14:30:27,Mobile Payment,270600.0
3679,11,10,2,2024-11-25 18:53:29,Bank Transfer,0.0
3680,382,17,3,2025-03-25 13:33:06,Cash,299900.0
3681,406,2,1,2024-08-21 17:56:59,Mobile Payment,0.0
3682,950,26,4,2024-07-13 14:34:39,Card,0.0
3683,766,26,4,2025-07-07 16:42:38,Bank Transfer,0.0
3684,69,27,4,2024-11-23 17:19:03,Bank Transfer,820000.0
3685,,23,3,2025-12-22 15:42:25,Mobile Payment,0.0
3686,648,40,5,2024-07-21 16:40:35,Bank Transfer,27500.0
3687,539,8,1,2025-04-03 11:12:31,Mobile Payment,0.0
3688,,2,1,2025-11-22 18:10:21,Mobile Payment,0.0
3689,340,24,3,2024-05-03 14:58:24,Mobile Payment,0.0
3690,,35,5,2025-03-22 17:09:52,Cash,0.0
3691,819,9,2,2025-05-10 19:59:43,Card,0.0
3692,,39,5,2025-09-06 16:09:23,Cash,0.0
3693,,10,2,2025-10-09 14:06:07,Mobile Payment,219100.0
3694,,36,5,2025-12-10 15:27:46,Mobile Payment,0.0
3695,574,16,2,2025-01-21 09:26:04,Cash,196400.0
3696,85,36,5,2024-10-03 19:17:19,Cash,0.0
3697,977,1,1,2025-06-07 16:28:06,Card,107100.0
3698,312,36,5,2024-06-14 09:00:29,Card,0.0
3699,,35,5,2025-06-21 18:29:41,Cash,560600.0
3700,436,27,4,2024-09-24 14:12:05,Mobile Payment,192600.0
3701,509,7,1,2025-06-26 13:26:27,Cash,0.0
3702,623,34,5,2025-10-22 09:13:52,Mobile Payment,211000.0
3703,700,13,2,2025-09-14 17:46:54,Mobile Payment,0.0
3704,646,10,2,2025-11-25 12:59:04,Cash,219100.0
3705,20,16,2,2025-03-19 16:46:11,Card,218400.0
3706,354,32,4,2025-05-07 13:18:31,Cash,0.0
3707,790,39,5,2025-07-07 13:30:10,Card,0.0
3708,353,26,4,2025-01-29 18:37:53,Cash,53600.0
3709,48,14,2,2024-11-25 13:30:07,Card,0.0
3710,875,20,3,2024-05-10 18:36:36,Cash,0.0
3711,208,18,3,2025-08-20 19:48:45,Cash,0.0
3712,666,1,1,2025-03-08 10:48:27,Mobile Payment,0.0
3713,39,25,4,2025-12-02 16:10:04,Card,13700.0
3714,189,38,5,2025-09-21 09:48:07,Mobile Payment,235400.0
3715,,14,2,2025-04-05 17:07:18,Mobile Payment,0.0
3716,,10,2,2024-06-06 12:32:43,Mobile Payment,135600.0
3717,62,13,2,2024-08-05 11:14:42,Mobile Payment,240500.0
3718,754,11,2,2024-06-10 15:18:59,Mobile Payment,0.0
3719,157,11,2,2024-05-19 11:42:28,Card,0.0
3720,737,2,1,2025-08-11 11:18:46,Cash,0.0
3721,298,40,5,2025-01-14 11:08:32,Cash,0.0
3722,107,12,2,2025-02-21 16:28:34,Cash,289600.0
3723,236,16,2,2024-08-15 16:09:27,Mobile Payment,0.0
3724,530,24,3,2025-10-15 19:54:52,Card,0.0
3725,372,30,4,2024-08-08 10:09:55,Cash,0.0
3726,138,24,3,2024-04-19 16:05:23,Bank Transfer,0.0
3727,725,14,2,2024-12-10 09:07:13,Cash,0.0
3728,,9,2,2025-11-08 19:41:08,Cash,0.0
3729,780,39,5,2025-03-07 12:00:48,Bank Transfer,0.0
3730,832,40,5,2024-11-16 15:35:06,Card,0.0
3731,365,37,5,2025-08-18 19:13:33,Cash,0.0
3732,86,28,4,2025-12-04 19:08:03,Mobile Payment,0.0
3733,177,26,4,2024-04-10 19:35:24,Mobile Payment,0.0
3734,548,23,3,2024-12-07 18:55:09,Mobile Payment,104700.0
3735,,5,1,2025-11-06 12:58:36,Bank Transfer,0.0
3736,255,20,3,2025-07-29 17:33:41,Cash,213200.0
3737,26,12,2,2025-03-07 10:27:02,Bank Transfer,0.0
3738,,10,2,2024-05-09 19:06:02,Cash,0.0
3739,760,37,5,2025-07-30 16:43:01,Bank Transfer,0.0
3740,124,10,2,2024-02-03 09:38:19,Card,0.0
3741,372,14,2,2024-01-14 16:24:51,Mobile Payment,0.0
3742,550,20,3,2025-03-01 09:51:04,Bank Transfer,0.0
3743,399,27,4,2024-06-04 19:20:30,Card,0.0
3744,945,34,5,2024-01-07 11:36:20,Card,0.0
3745,,23,3,2024-05-19 12:17:55,Cash,0.0
3746,561,12,2,2024-01-06 14:24:52,Mobile Payment,0.0
3747,194,14,2,2024-05-07 16:16:15,Cash,0.0
3748,546,33,5,2024-09-11 10:27:38,Card,0.0
3749,144,40,5,2024-10-25 17:22:07,Card,0.0
3750,200,40,5,2025-01-22 15:19:50,Mobile Payment,0.0
3751,689,29,4,2025-02-24 18:48:17,Cash,0.0
3752,389,1,1,2024-04-21 12:31:42,Cash,0.0
3753,509,14,2,2024-06-11 10:41:31,Mobile Payment,0.0
3754,73,3,1,2024-02-20 12:02:17,Mobile Payment,0.0
3755,406,10,2,2025-01-04 12:11:15,Cash,61200.0
3756,863,28,4,2024-03-13 18:34:23,Cash,307900.0
3757,,7,1,2024-11-26 10:25:22,Mobile Payment,0.0
3758,,19,3,2025-10-27 10:50:19,Cash,265300.0
3759,511,7,1,2025-10-14 18:13:51,Cash,0.0
3760,666,15,2,2024-02-17 15:09:00,Cash,0.0
3761,683,4,1,2024-04-02 15:53:38,Cash,0.0
3762,315,10,2,2025-08-20 18:17:36,Cash,0.0
3763,428,35,5,2025-03-02 19:11:08,Mobile Payment,0.0
3764,32,17,3,2025-06-17 19:39:02,Cash,0.0
3765,977,7,1,2025-08-02 12:07:15,Cash,0.0
3766,416,20,3,2024-07-12 11:47:48,Cash,0.0
3767,153,26,4,2024-12-02 11:40:32,Cash,447400.0
3768,125,33,5,2025-03-09 09:42:46,Cash,0.0
3769,94,11,2,2024-09-28 17:37:57,Cash,0.0
3770,708,1,1,2025-11-21 19:01:11,Card,0.0
3771,32,25,4,2025-10-29 13:44:35,Cash,36600.0
3772,,38,5,2024-03-06 11:54:23,Mobile Payment,0.0
3773,173,24,3,2024-10-20 15:37:31,Cash,0.0
3774,121,27,4,2025-09-17 10:28:06,Cash,0.0
3775,671,10,2,2024-08-14 13:37:16,Card,1017200.0
3776,461,11,2,2024-06-19 18:13:07,Mobile Payment,0.0
3777,495,36,5,2024-03-21 11:01:24,Mobile Payment,0.0
3778,319,12,2,2025-07-02 16:44:33,Cash,0.0
3779,8,40,5,2025-02-28 13:11:28,Card,215300.0
3780,126,36,5,2024-05-31 18:09:52,Cash,0.0
3781,,8,1,2024-09-04 11:58:33,Card,0.0
3782,30,6,1,2025-03-11 14:56:23,Cash,31700.0
3783,275,20,3,2025-11-22 18:54:36,Mobile Payment,242500.0
3784,294,10,2,2025-06-03 14:36:11,Cash,522200.0
3785,466,23,3,2025-07-18 18:29:25,Mobile Payment,0.0
3786,526,9,2,2025-05-01 12:28:35,Card,0.0
3787,967,24,3,2024-06-18 18:02:12,Cash,0.0
3788,42,16,2,2024-06-01 16:10:22,Cash,0.0
3789,,1,1,2024-02-01 18:38:38,Bank Transfer,134800.0
3790,,17,3,2025-04-10 16:55:44,Mobile Payment,491900.0
3791,255,16,2,2025-09-14 14:38:58,Card,0.0
3792,911,7,1,2025-01-28 11:52:12,Bank Transfer,0.0
3793,,24,3,2024-02-06 17:04:21,Card,0.0
3794,,22,3,2025-04-03 14:57:14,Mobile Payment,306500.0
3795,,3,1,2025-01-16 14:08:39,Card,23400.0
3796,728,23,3,2025-03-03 17:55:54,Mobile Payment,0.0
3797,291,36,5,2024-06-01 13:01:52,Cash,76700.0
3798,460,37,5,2024-07-18 18:28:06,Mobile Payment,0.0
3799,66,5,1,2025-11-09 11:43:44,Mobile Payment,0.0
3800,341,34,5,2025-08-03 11:59:32,Card,98300.0
3801,476,18,3,2024-03-16 15:36:55,Bank Transfer,0.0
3802,831,36,5,2024-01-03 16:09:07,Mobile Payment,0.0
3803,501,1,1,2025-02-18 17:41:16,Cash,0.0
3804,,14,2,2025-06-09 16:12:06,Mobile Payment,14000.0
3805,165,21,3,2024-08-17 10:13:10,Mobile Payment,175400.0
3806,998,9,2,2025-12-26 13:27:00,Cash,0.0
3807,126,2,1,2025-06-10 16:39:39,Mobile Payment,59900.0
3808,199,16,2,2025-04-07 10:04:22,Card,139500.0
3809,757,28,4,2024-06-15 11:12:24,Mobile Payment,47100.0
3810,888,15,2,2025-01-31 10:51:48,Card,0.0
3811,660,7,1,2025-07-12 11:26:42,Card,0.0
3812,,16,2,2024-03-15 19:46:59,Mobile Payment,0.0
3813,249,27,4,2025-04-14 12:06:50,Mobile Payment,0.0
3814,858,3,1,2024-01-18 15:06:08,Mobile Payment,0.0
3815,173,19,3,2025-05-19 17:51:06,Bank Transfer,0.0
3816,197,36,5,2025-03-05 17:26:57,Cash,0.0
3817,481,34,5,2024-05-18 17:45:09,Cash,413100.0
3818,265,19,3,2025-03-22 19:26:49,Cash,146100.0
3819,,20,3,2024-10-16 09:59:29,Bank Transfer,191600.0
3820,558,23,3,2024-09-13 10:14:05,Card,0.0
3821,,2,1,2025-11-03 13:50:33,Card,0.0
3822,215,17,3,2024-07-27 19:25:53,Card,1654900.0
3823,729,13,2,2024-02-26 15:57:44,Mobile Payment,0.0
3824,,26,4,2024-02-14 14:24:19,Cash,0.0
3825,378,19,3,2024-10-20 09:40:34,Mobile Payment,235300.0
3826,638,21,3,2025-08-14 15:40:15,Cash,0.0
3827,123,5,1,2024-07-19 15:23:18,Card,0.0
3828,913,15,2,2025-11-28 14:58:45,Card,582500.0
3829,774,8,1,2025-07-10 19:04:54,Bank Transfer,0.0
3830,162,26,4,2024-11-01 15:39:09,Bank Transfer,0.0
3831,836,25,4,2025-11-25 13:17:19,Cash,0.0
3832,822,17,3,2025-07-06 09:32:58,Bank Transfer,0.0
3833,99,36,5,2024-03-26 18:05:46,Cash,159000.0
3834,419,31,4,2025-02-16 11:42:02,Cash,180900.0
3835,614,3,1,2024-01-30 10:22:02,Mobile Payment,258500.0
3836,505,19,3,2025-06-17 17:30:26,Card,0.0
3837,934,19,3,2025-01-24 09:21:45,Bank Transfer,0.0
3838,461,15,2,2025-03-09 17:02:11,Cash,0.0
3839,640,40,5,2024-12-03 11:54:26,Cash,29500.0
3840,,9,2,2025-12-28 17:05:45,Cash,440700.0
3841,834,1,1,2024-07-27 16:16:40,Bank Transfer,0.0
3842,532,39,5,2024-02-07 09:44:45,Card,94600.0
3843,834,37,5,2025-05-23 15:19:57,Bank Transfer,0.0
3844,43,6,1,2024-05-02 18:46:35,Card,0.0
3845,,27,4,2025-12-12 14:46:06,Cash,0.0
3846,832,39,5,2025-07-20 19:35:58,Cash,0.0
3847,505,32,4,2024-06-24 11:18:49,Cash,34600.0
3848,,34,5,2025-03-25 10:42:03,Bank Transfer,0.0
3849,312,7,1,2024-08-01 15:57:35,Card,0.0
3850,995,6,1,2024-05-20 14:26:17,Cash,0.0
3851,210,5,1,2025-06-07 11:24:54,Card,126500.0
3852,509,11,2,2024-10-12 10:05:30,Cash,0.0
3853,909,10,2,2024-04-16 14:08:06,Mobile Payment,0.0
3854,597,40,5,2024-02-10 16:12:55,Cash,0.0
3855,,31,4,2024-07-18 14:38:18,Cash,0.0
3856,716,7,1,2024-09-16 11:08:23,Mobile Payment,37400.0
3857,108,5,1,2024-09-28 11:47:12,Cash,0.0
3858,,16,2,2024-03-16 18:11:40,Cash,114700.0
3859,299,28,4,2024-05-14 19:32:56,Card,0.0
3860,,4,1,2025-03-09 17:46:28,Card,147400.0
3861,948,29,4,2024-09-22 09:03:03,Mobile Payment,166600.0
3862,914,21,3,2025-12-03 19:42:22,Mobile Payment,242200.0
3863,746,19,3,2025-12-28 12:09:54,Card,107600.0
3864,512,5,1,2025-01-02 13:46:43,Cash,225500.0
3865,245,34,5,2025-10-13 17:36:48,Mobile Payment,149200.0
3866,183,38,5,2024-08-04 18:48:49,Mobile Payment,0.0
3867,714,3,1,2024-04-17 15:06:57,Card,77800.0
3868,275,3,1,2025-10-15 19:38:33,Cash,0.0
3869,881,1,1,2024-02-26 16:18:51,Card,0.0
3870,528,33,5,2024-02-28 17:59:24,Card,0.0
3871,346,12,2,2025-01-29 13:49:27,Card,0.0
3872,68,9,2,2025-01-06 13:33:35,Card,120300.0
3873,,8,1,2025-05-03 11:26:38,Cash,139100.0
3874,832,37,5,2024-02-16 16:23:59,Cash,0.0
3875,597,10,2,2025-05-21 17:56:21,Mobile Payment,0.0
3876,515,16,2,2025-10-06 12:28:36,Mobile Payment,0.0
3877,436,23,3,2025-01-13 09:05:11,Card,0.0
3878,,40,5,2024-02-07 17:14:19,Cash,64500.0
3879,700,32,4,2025-03-26 19:18:21,Cash,91500.0
3880,439,33,5,2025-08-23 12:10:01,Cash,507800.0
3881,993,34,5,2025-10-03 11:48:22,Cash,0.0
3882,,32,4,2024-02-27 12:55:15,Mobile Payment,0.0
3883,,32,4,2024-10-04 12:40:24,Card,0.0
3884,,30,4,2024-01-07 15:59:54,Card,0.0
3885,402,18,3,2024-08-26 10:37:07,Cash,0.0
3886,113,39,5,2024-07-28 17:24:18,Cash,0.0
3887,702,35,5,2024-08-13 18:04:26,Cash,84000.0
3888,52,36,5,2024-04-22 15:31:11,Cash,0.0
3889,754,37,5,2024-05-01 18:22:05,Cash,0.0
3890,718,9,2,2025-01-10 16:41:55,Cash,0.0
3891,978,16,2,2024-03-08 19:26:50,Cash,0.0
3892,,3,1,2024-07-12 12:50:52,Card,0.0
3893,32,23,3,2024-09-03 19:05:05,Mobile Payment,648800.0
3894,834,26,4,2025-04-22 16:34:06,Mobile Payment,0.0
3895,,10,2,2025-05-03 19:31:33,Cash,309500.0
3896,213,5,1,2024-05-03 15:13:55,Cash,0.0
3897,235,1,1,2025-02-03 13:20:21,Cash,497300.0
3898,723,30,4,2024-09-10 16:00:39,Bank Transfer,0.0
3899,459,32,4,2025-03-26 09:38:35,Cash,0.0
3900,696,4,1,2025-12-25 14:32:34,Cash,0.0
3901,,9,2,2025-06-01 16:07:13,Cash,0.0
3902,,2,1,2025-12-20 11:56:55,Cash,0.0
3903,562,15,2,2025-04-27 13:26:55,Card,0.0
3904,457,12,2,2025-12-13 13:34:15,Cash,0.0
3905,894,32,4,2024-04-19 14:21:26,Bank Transfer,0.0
3906,828,28,4,2024-04-19 17:40:06,Card,100900.0
3907,,9,2,2025-09-05 11:27:10,Cash,343900.0
3908,722,10,2,2024-02-21 10:42:33,Cash,12000.0
3909,906,39,5,2025-05-01 12:39:03,Cash,0.0
3910,848,38,5,2025-10-21 17:16:02,Mobile Payment,0.0
3911,987,24,3,2025-12-18 12:17:25,Mobile Payment,214500.0
3912,604,16,2,2024-02-10 18:58:46,Card,254300.0
3913,140,20,3,2024-11-16 12:53:34,Card,0.0
3914,995,21,3,2024-03-19 10:23:14,Cash,0.0
3915,17,16,2,2024-05-08 13:56:17,Mobile Payment,0.0
3916,417,19,3,2025-03-21 19:22:43,Bank Transfer,0.0
3917,479,2,1,2024-06-15 09:02:55,Bank Transfer,30200.0
3918,963,20,3,2025-10-04 18:13:33,Bank Transfer,0.0
3919,,12,2,2025-12-05 11:34:37,Bank Transfer,47200.0
3920,677,7,1,2025-06-18 18:51:15,Bank Transfer,574700.0
3921,8,37,5,2024-03-04 14:35:56,Cash,60900.0
3922,401,6,1,2024-02-23 18:26:08,Cash,0.0
3923,688,12,2,2024-09-05 12:13:28,Cash,0.0
3924,603,38,5,2025-08-05 17:04:18,Cash,199700.0
3925,648,15,2,2024-10-27 16:02:17,Cash,0.0
3926,865,31,4,2024-08-07 12:40:42,Card,0.0
3927,441,4,1,2024-01-10 12:29:27,Card,0.0
3928,766,28,4,2024-04-12 09:32:03,Bank Transfer,0.0
3929,,39,5,2025-09-23 19:58:47,Card,0.0
3930,938,38,5,2025-06-03 19:40:16,Cash,839500.0
3931,467,13,2,2024-01-10 14:14:18,Card,0.0
3932,959,18,3,2024-08-17 18:42:01,Cash,0.0
3933,124,15,2,2024-05-14 14:46:36,Card,0.0
3934,534,11,2,2025-02-27 12:57:48,Cash,604900.0
3935,539,17,3,2024-07-11 14:29:41,Cash,0.0
3936,333,24,3,2025-09-25 15:05:19,Cash,35600.0
3937,,19,3,2024-06-15 16:45:39,Cash,0.0
3938,,9,2,2024-07-02 19:55:00,Card,35100.0
3939,11,5,1,2024-06-12 11:56:17,Cash,0.0
3940,,15,2,2025-05-09 11:18:21,Bank Transfer,0.0
3941,212,40,5,2024-11-26 11:04:56,Cash,173900.0
3942,585,9,2,2025-07-31 16:27:41,Cash,0.0
3943,699,39,5,2024-05-19 09:33:47,Card,0.0
3944,11,33,5,2025-05-19 13:09:25,Cash,0.0
3945,748,17,3,2024-08-13 19:04:26,Cash,0.0
3946,,39,5,2025-07-27 09:07:11,Cash,0.0
3947,358,5,1,2025-03-29 15:21:39,Mobile Payment,0.0
3948,24,36,5,2024-01-28 13:55:05,Card,0.0
3949,357,23,3,2024-06-09 09:51:50,Mobile Payment,0.0
3950,687,20,3,2025-09-11 16:26:54,Cash,316800.0
3951,701,38,5,2024-11-29 16:22:20,Cash,167700.0
3952,611,8,1,2025-10-17 13:55:16,Card,139900.0
3953,,12,2,2025-11-25 16:57:42,Cash,0.0
3954,,25,4,2024-02-29 19:22:08,Mobile Payment,0.0
3955,169,32,4,2025-04-30 19:41:29,Cash,0.0
3956,812,10,2,2025-03-28 17:21:45,Card,238400.0
3957,629,7,1,2025-09-09 10:37:05,Mobile Payment,26100.0
3958,137,20,3,2025-05-22 09:56:01,Mobile Payment,103600.0
3959,65,2,1,2025-02-05 18:08:31,Cash,0.0
3960,587,33,5,2024-09-06 15:45:20,Card,257000.0
3961,27,6,1,2025-05-11 13:18:33,Mobile Payment,0.0
3962,735,12,2,2024-05-25 17:23:12,Cash,0.0
3963,889,8,1,2024-06-19 15:58:26,Cash,0.0
3964,212,28,4,2025-08-17 13:43:34,Cash,0.0
3965,242,13,2,2024-05-25 15:48:49,Card,0.0
3966,828,39,5,2024-01-12 10:38:14,Mobile Payment,0.0
3967,886,25,4,2025-05-18 12:19:21,Mobile Payment,0.0
3968,248,12,2,2024-03-19 13:56:26,Cash,0.0
3969,300,32,4,2024-12-23 17:05:44,Mobile Payment,0.0
3970,447,31,4,2025-11-20 12:28:35,Cash,1308600.0
3971,162,35,5,2024-12-23 10:47:38,Cash,0.0
3972,593,34,5,2025-10-07 12:25:09,Cash,0.0
3973,175,3,1,2025-10-02 16:35:24,Bank Transfer,98400.0
3974,208,16,2,2025-06-20 14:05:19,Cash,0.0
3975,915,24,3,2025-03-01 10:07:21,Cash,0.0
3976,,32,4,2025-06-19 15:44:50,Card,446900.0
3977,,24,3,2025-02-13 09:12:05,Card,65000.0
3978,840,18,3,2024-06-17 16:50:48,Card,0.0
3979,,14,2,2024-06-16 14:04:09,Bank Transfer,0.0
3980,61,1,1,2024-10-20 16:22:43,Mobile Payment,0.0
3981,185,25,4,2024-07-15 13:06:59,Cash,45100.0
3982,582,14,2,2025-11-21 19:08:55,Cash,0.0
3983,892,18,3,2025-09-07 15:08:55,Cash,54300.0
3984,996,4,1,2025-08-08 14:30:26,Mobile Payment,0.0
3985,373,6,1,2024-03-25 16:57:48,Cash,0.0
3986,616,39,5,2025-12-11 16:44:12,Bank Transfer,0.0
3987,289,31,4,2024-12-23 11:07:59,Mobile Payment,0.0
3988,,33,5,2024-05-07 09:21:59,Cash,0.0
3989,,1,1,2024-06-09 11:51:56,Card,0.0
3990,581,36,5,2024-12-20 11:24:54,Cash,0.0
3991,913,34,5,2025-11-17 16:46:41,Card,0.0
3992,231,25,4,2025-01-20 19:36:39,Cash,0.0
3993,,2,1,2025-07-30 16:13:07,Mobile Payment,29300.0
3994,,8,1,2024-10-29 19:43:40,Card,141100.0
3995,671,6,1,2025-07-05 15:15:20,Cash,0.0
3996,151,28,4,2025-08-28 09:55:54,Bank Transfer,151500.0
3997,,1,1,2024-07-08 12:41:30,Mobile Payment,259900.0
3998,257,12,2,2025-02-02 10:10:14,Card,0.0
3999,441,40,5,2024-12-25 10:44:50,Cash,0.0
4000,324,26,4,2024-08-18 11:08:55,Card,587600.0
4001,215,12,2,2025-08-14 14:35:14,Bank Transfer,166100.0
4002,866,36,5,2025-10-13 15:19:21,Cash,376800.0
4003,163,7,1,2025-10-04 09:24:22,Cash,0.0
4004,959,32,4,2024-06-01 16:49:56,Cash,12600.0
4005,800,19,3,2024-04-14 17:57:01,Bank Transfer,0.0
4006,,13,2,2024-05-16 19:40:58,Card,0.0
4007,898,32,4,2024-11-20 15:22:56,Bank Transfer,0.0
4008,969,6,1,2024-04-21 09:01:06,Cash,201600.0
4009,,26,4,2025-03-03 16:22:51,Cash,0.0
4010,714,13,2,2025-04-19 13:09:41,Cash,808300.0
4011,752,25,4,2024-07-27 11:41:35,Card,0.0
4012,552,37,5,2024-04-17 16:08:27,Cash,224700.0
4013,749,3,1,2024-12-23 11:02:00,Mobile Payment,294500.0
4014,794,8,1,2025-11-07 17:47:21,Card,72200.0
4015,505,34,5,2025-03-20 19:11:25,Bank Transfer,0.0
4016,,13,2,2024-11-07 13:25:04,Card,0.0
4017,508,8,1,2024-01-11 13:39:16,Bank Transfer,28200.0
4018,836,36,5,2024-03-16 12:09:06,Cash,0.0
4019,669,23,3,2024-04-21 09:03:59,Cash,2283500.0
4020,,6,1,2025-07-18 13:18:22,Mobile Payment,97700.0
4021,441,10,2,2024-04-22 15:58:27,Mobile Payment,170500.0
4022,546,38,5,2025-09-28 10:48:14,Cash,0.0
4023,684,8,1,2024-04-24 15:37:16,Mobile Payment,304300.0
4024,769,31,4,2025-06-15 09:30:08,Card,61700.0
4025,17,31,4,2024-06-03 10:13:43,Card,0.0
4026,552,31,4,2025-09-05 18:37:34,Cash,0.0
4027,42,15,2,2024-08-02 18:36:52,Mobile Payment,0.0
4028,747,40,5,2025-05-22 19:52:04,Cash,0.0
4029,43,5,1,2024-04-15 11:58:24,Cash,815200.0
4030,798,10,2,2025-06-06 15:17:21,Cash,90800.0
4031,633,22,3,2025-10-20 11:10:28,Mobile Payment,0.0
4032,543,1,1,2025-12-25 15:59:53,Card,0.0
4033,514,9,2,2024-12-19 15:41:15,Mobile Payment,0.0
4034,862,16,2,2024-03-28 19:10:47,Cash,0.0
4035,876,21,3,2024-02-17 16:31:49,Mobile Payment,0.0
4036,797,19,3,2025-11-25 16:34:38,Cash,0.0
4037,78,34,5,2024-10-06 09:44:24,Bank Transfer,0.0
4038,898,24,3,2024-02-18 14:39:57,Mobile Payment,159700.0
4039,,36,5,2024-05-27 11:53:33,Mobile Payment,0.0
4040,640,34,5,2025-08-02 13:03:13,Bank Transfer,0.0
4041,537,21,3,2024-12-15 13:37:02,Card,455900.0
4042,774,31,4,2025-11-18 13:28:20,Mobile Payment,0.0
4043,925,11,2,2024-07-04 16:00:25,Card,0.0
4044,,14,2,2024-03-02 16:53:28,Cash,207600.0
4045,,15,2,2025-11-14 12:09:47,Mobile Payment,155800.0
4046,724,3,1,2025-10-17 11:34:41,Card,0.0
4047,725,19,3,2025-10-22 15:58:46,Cash,52700.0
4048,20,19,3,2024-04-13 19:44:47,Card,73200.0
4049,817,20,3,2024-11-28 18:30:50,Card,0.0
4050,433,7,1,2025-12-15 14:35:19,Cash,269100.0
4051,843,21,3,2025-10-02 09:53:38,Cash,0.0
4052,428,27,4,2024-06-01 18:11:14,Bank Transfer,68100.0
4053,981,16,2,2024-10-31 12:01:42,Bank Transfer,0.0
4054,629,24,3,2025-11-15 19:27:58,Mobile Payment,0.0
4055,570,13,2,2024-02-24 17:16:42,Bank Transfer,0.0
4056,116,34,5,2025-10-05 13:40:53,Cash,260900.0
4057,705,1,1,2025-04-10 14:03:29,Card,0.0
4058,83,18,3,2025-06-07 18:12:00,Cash,0.0
4059,297,12,2,2025-03-23 10:35:54,Cash,0.0
4060,291,5,1,2025-04-20 15:11:51,Card,3800.0
4061,920,32,4,2025-11-25 16:05:56,Mobile Payment,21300.0
4062,305,34,5,2024-06-03 18:42:58,Mobile Payment,0.0
4063,66,33,5,2024-03-15 12:48:19,Mobile Payment,0.0
4064,428,18,3,2025-09-30 15:23:13,Mobile Payment,331200.0
4065,155,36,5,2024-08-05 15:48:55,Cash,0.0
4066,370,13,2,2025-06-01 18:04:15,Mobile Payment,0.0
4067,832,13,2,2024-01-19 17:05:36,Cash,0.0
4068,818,21,3,2025-04-07 18:11:54,Mobile Payment,0.0
4069,136,24,3,2025-09-22 19:24:13,Mobile Payment,0.0
4070,627,8,1,2024-02-20 12:51:43,Cash,0.0
4071,231,22,3,2024-09-03 17:16:20,Bank Transfer,0.0
4072,713,40,5,2025-10-07 19:37:44,Cash,150300.0
4073,771,35,5,2025-01-10 19:36:46,Cash,251900.0
4074,109,30,4,2024-12-10 17:59:25,Cash,0.0
4075,806,31,4,2025-11-01 09:22:27,Card,0.0
4076,382,9,2,2024-01-25 15:15:46,Card,24000.0
4077,69,40,5,2025-11-09 17:28:10,Card,159200.0
4078,564,5,1,2025-05-08 11:06:20,Mobile Payment,332700.0
4079,579,9,2,2024-02-23 19:46:22,Cash,258000.0
4080,209,22,3,2025-11-10 13:56:51,Cash,0.0
4081,339,20,3,2024-01-08 11:21:32,Cash,69200.0
4082,906,25,4,2024-09-18 19:43:44,Cash,0.0
4083,,1,1,2025-03-31 19:46:35,Bank Transfer,536100.0
4084,43,14,2,2025-11-25 16:32:19,Mobile Payment,0.0
4085,,30,4,2024-01-25 15:01:20,Cash,0.0
4086,312,29,4,2024-12-28 19:58:28,Card,0.0
4087,569,11,2,2025-02-15 18:38:08,Cash,0.0
4088,,8,1,2024-12-04 10:54:57,Mobile Payment,0.0
4089,651,38,5,2025-10-08 15:17:57,Mobile Payment,169700.0
4090,111,4,1,2025-07-11 13:47:13,Mobile Payment,0.0
4091,509,36,5,2025-11-29 09:37:21,Bank Transfer,78300.0
4092,,14,2,2024-12-31 15:38:13,Mobile Payment,44400.0
4093,476,29,4,2024-11-04 12:31:54,Cash,50100.0
4094,420,40,5,2025-01-26 12:59:49,Cash,0.0
4095,589,5,1,2024-05-29 09:14:31,Bank Transfer,142100.0
4096,380,40,5,2025-12-16 17:19:10,Cash,0.0
4097,583,17,3,2025-07-03 19:34:48,Cash,0.0
4098,955,5,1,2025-10-19 10:25:17,Mobile Payment,0.0
4099,967,29,4,2025-07-07 16:52:02,Cash,0.0
4100,402,37,5,2024-06-17 12:42:54,Cash,92600.0
4101,289,15,2,2024-05-29 11:17:43,Mobile Payment,0.0
4102,,12,2,2024-12-12 19:22:54,Card,0.0
4103,366,25,4,2024-12-27 18:38:16,Cash,0.0
4104,577,21,3,2025-05-25 19:00:27,Cash,109500.0
4105,225,26,4,2024-04-20 09:27:18,Mobile Payment,0.0
4106,161,33,5,2024-03-04 17:34:59,Cash,16300.0
4107,82,3,1,2024-10-10 11:09:38,Card,0.0
4108,537,19,3,2025-12-05 10:35:26,Mobile Payment,0.0
4109,256,30,4,2025-08-21 13:43:56,Card,0.0
4110,334,2,1,2025-06-18 18:57:30,Bank Transfer,489100.0
4111,,28,4,2024-06-17 15:47:33,Card,0.0
4112,556,9,2,2025-12-16 19:52:11,Cash,0.0
4113,439,13,2,2024-04-01 19:15:58,Cash,0.0
4114,406,21,3,2024-12-16 19:51:07,Cash,183000.0
4115,641,13,2,2025-12-10 10:23:37,Mobile Payment,0.0
4116,120,16,2,2024-03-03 15:00:28,Cash,0.0
4117,964,19,3,2024-07-05 12:18:04,Card,0.0
4118,23,27,4,2024-02-08 18:43:34,Cash,0.0
4119,288,40,5,2024-05-05 16:33:52,Cash,115700.0
4120,565,17,3,2024-10-18 14:24:36,Mobile Payment,0.0
4121,580,29,4,2025-09-11 11:35:40,Mobile Payment,0.0
4122,728,7,1,2024-10-19 14:19:30,Mobile Payment,32900.0
4123,794,26,4,2024-01-19 12:02:46,Card,100400.0
4124,976,32,4,2024-02-23 15:16:18,Cash,0.0
4125,35,5,1,2024-01-13 15:37:47,Cash,0.0
4126,119,6,1,2024-04-19 16:19:16,Cash,0.0
4127,90,15,2,2024-08-21 16:13:15,Mobile Payment,0.0
4128,13,5,1,2024-08-01 17:44:05,Cash,0.0
4129,,17,3,2025-04-17 15:07:16,Cash,0.0
4130,,28,4,2024-08-18 17:09:51,Bank Transfer,0.0
4131,595,10,2,2025-12-03 15:35:22,Mobile Payment,0.0
4132,569,1,1,2025-09-19 15:02:14,Bank Transfer,0.0
4133,38,25,4,2024-12-07 18:08:48,Bank Transfer,0.0
4134,393,32,4,2024-05-05 12:54:00,Mobile Payment,0.0
4135,823,28,4,2024-05-13 18:21:27,Mobile Payment,0.0
4136,683,15,2,2025-04-21 19:01:27,Bank Transfer,0.0
4137,237,20,3,2025-07-25 17:00:05,Cash,0.0
4138,980,18,3,2025-03-28 17:19:13,Card,0.0
4139,777,26,4,2025-12-18 15:38:22,Cash,0.0
4140,388,5,1,2024-07-07 14:36:59,Bank Transfer,0.0
4141,191,34,5,2025-12-24 17:46:18,Cash,531400.0
4142,863,11,2,2024-04-15 09:27:09,Mobile Payment,13200.0
4143,690,11,2,2025-10-16 14:54:57,Mobile Payment,27900.0
4144,480,3,1,2024-12-13 18:20:32,Mobile Payment,0.0
4145,984,6,1,2024-12-29 09:08:42,Mobile Payment,563000.0
4146,201,22,3,2025-02-21 18:53:07,Mobile Payment,0.0
4147,63,36,5,2025-04-30 12:24:14,Cash,304000.0
4148,373,33,5,2024-12-31 11:36:06,Cash,192200.0
4149,378,4,1,2024-01-23 11:10:55,Card,0.0
4150,577,2,1,2025-03-03 13:50:53,Card,224700.0
4151,594,12,2,2025-05-26 10:39:34,Mobile Payment,0.0
4152,718,5,1,2025-02-14 14:16:34,Mobile Payment,176500.0
4153,962,17,3,2024-03-22 18:51:05,Mobile Payment,434100.0
4154,651,11,2,2024-11-26 09:04:59,Cash,79000.0
4155,,12,2,2025-07-30 12:26:56,Cash,0.0
4156,515,31,4,2024-02-22 14:31:39,Cash,312200.0
4157,681,19,3,2024-05-22 10:32:45,Mobile Payment,61500.0
4158,44,39,5,2024-03-25 12:31:00,Mobile Payment,693400.0
4159,167,29,4,2024-09-04 18:15:38,Mobile Payment,261500.0
4160,794,27,4,2024-02-26 18:42:20,Bank Transfer,548200.0
4161,33,36,5,2024-07-13 19:42:45,Cash,0.0
4162,583,19,3,2025-07-23 10:13:16,Cash,0.0
4163,497,11,2,2024-04-25 10:33:26,Mobile Payment,31700.0
4164,986,39,5,2024-06-25 18:19:11,Mobile Payment,86500.0
4165,,27,4,2024-03-14 14:22:21,Mobile Payment,0.0
4166,853,24,3,2024-12-29 18:50:55,Card,0.0
4167,761,24,3,2025-06-22 11:38:09,Bank Transfer,0.0
4168,896,40,5,2024-02-28 09:28:17,Bank Transfer,0.0
4169,410,10,2,2025-01-17 14:27:57,Cash,0.0
4170,779,34,5,2024-11-20 14:39:15,Card,99100.0
4171,235,28,4,2025-02-27 09:00:06,Mobile Payment,290600.0
4172,513,5,1,2024-04-12 16:37:13,Cash,0.0
4173,182,31,4,2024-01-12 18:01:15,Bank Transfer,0.0
4174,701,6,1,2025-12-15 16:09:46,Card,0.0
4175,194,27,4,2024-08-31 17:54:27,Card,0.0
4176,921,19,3,2025-02-11 12:43:59,Cash,632200.0
4177,901,10,2,2025-12-20 17:57:04,Bank Transfer,0.0
4178,,35,5,2025-05-14 16:41:50,Card,0.0
4179,435,31,4,2024-05-05 11:05:45,Mobile Payment,0.0
4180,703,16,2,2024-12-09 18:33:11,Cash,0.0
4181,727,3,1,2025-09-22 19:23:22,Cash,154900.0
4182,545,18,3,2024-07-21 10:02:16,Cash,38300.0
4183,150,9,2,2024-08-31 17:52:11,Cash,414900.0
4184,134,6,1,2024-05-04 10:13:52,Bank Transfer,0.0
4185,102,6,1,2025-07-20 13:49:09,Cash,433600.0
4186,739,24,3,2024-01-27 12:18:58,Mobile Payment,377800.0
4187,624,18,3,2025-07-28 16:12:07,Mobile Payment,0.0
4188,80,23,3,2025-07-17 14:07:37,Card,0.0
4189,139,10,2,2025-02-05 10:02:08,Mobile Payment,0.0
4190,922,33,5,2025-01-17 11:07:46,Cash,0.0
4191,,7,1,2025-11-26 12:07:27,Cash,247000.0
4192,931,7,1,2024-09-29 17:21:55,Mobile Payment,243400.0
4193,404,39,5,2024-10-25 14:14:32,Cash,0.0
4194,425,28,4,2024-04-21 14:23:11,Cash,91500.0
4195,,34,5,2025-07-20 15:33:23,Mobile Payment,238100.0
4196,455,40,5,2025-05-11 10:00:18,Card,0.0
4197,346,40,5,2024-01-12 09:21:08,Cash,0.0
4198,,35,5,2024-04-10 10:40:16,Card,0.0
4199,163,28,4,2024-09-03 11:02:01,Mobile Payment,0.0
4200,239,17,3,2024-06-21 12:14:40,Cash,552600.0
4201,,26,4,2024-11-20 14:20:27,Mobile Payment,0.0
4202,,1,1,2024-10-24 11:17:50,Mobile Payment,47100.0
4203,558,24,3,2024-04-04 16:59:27,Cash,297100.0
4204,,27,4,2025-06-07 09:39:55,Mobile Payment,0.0
4205,,17,3,2025-06-24 16:38:34,Card,0.0
4206,,19,3,2024-10-04 14:10:58,Cash,67200.0
4207,583,35,5,2025-12-04 19:38:20,Mobile Payment,0.0
4208,286,6,1,2025-08-13 13:50:27,Card,0.0
4209,777,2,1,2025-04-23 16:01:56,Cash,389100.0
4210,289,39,5,2024-12-13 10:57:16,Card,63000.0
4211,616,19,3,2024-03-17 18:02:50,Card,58100.0
4212,41,31,4,2024-02-29 17:42:15,Card,0.0
4213,702,29,4,2024-03-01 19:55:58,Card,0.0
4214,446,12,2,2024-09-16 17:56:32,Cash,0.0
4215,,31,4,2024-10-08 15:23:12,Bank Transfer,0.0
4216,728,3,1,2025-07-12 12:18:52,Mobile Payment,0.0
4217,,30,4,2025-05-04 14:14:38,Bank Transfer,30200.0
4218,826,31,4,2024-03-31 15:13:39,Cash,411500.0
4219,211,29,4,2025-06-14 10:55:22,Cash,0.0
4220,322,9,2,2025-02-04 09:39:40,Bank Transfer,0.0
4221,311,14,2,2024-01-07 15:06:56,Mobile Payment,0.0
4222,,34,5,2024-01-13 12:11:03,Cash,314200.0
4223,718,21,3,2024-08-02 10:09:16,Cash,470400.0
4224,587,40,5,2024-08-17 15:57:03,Bank Transfer,0.0
4225,211,12,2,2024-05-06 15:31:07,Card,46700.0
4226,66,12,2,2024-12-18 11:42:06,Cash,239800.0
4227,404,40,5,2025-08-04 11:31:05,Bank Transfer,0.0
4228,806,40,5,2025-09-05 16:55:53,Mobile Payment,0.0
4229,921,12,2,2025-03-21 18:14:36,Mobile Payment,139900.0
4230,,2,1,2024-09-22 15:33:40,Mobile Payment,0.0
4231,50,13,2,2025-09-13 12:31:47,Mobile Payment,0.0
4232,104,1,1,2024-09-12 19:00:59,Card,0.0
4233,552,7,1,2025-09-19 09:17:15,Card,0.0
4234,480,3,1,2024-01-01 15:09:52,Cash,0.0
4235,643,18,3,2024-12-14 09:38:39,Bank Transfer,0.0
4236,174,20,3,2025-09-11 11:57:47,Mobile Payment,0.0
4237,,15,2,2024-06-19 13:53:28,Card,0.0
4238,,28,4,2024-01-06 17:30:44,Cash,581700.0
4239,953,14,2,2025-11-08 13:00:27,Mobile Payment,929100.0
4240,244,22,3,2025-03-21 13:16:06,Cash,0.0
4241,,17,3,2024-08-31 09:37:10,Bank Transfer,191700.0
4242,355,9,2,2025-08-30 19:02:24,Card,198700.0
4243,544,35,5,2025-12-12 12:03:00,Card,2123800.0
4244,661,11,2,2025-07-11 09:12:45,Bank Transfer,0.0
4245,865,32,4,2025-04-30 18:03:14,Card,0.0
4246,884,7,1,2025-08-19 15:53:43,Cash,0.0
4247,582,36,5,2024-10-27 17:55:59,Mobile Payment,0.0
4248,481,10,2,2024-11-19 11:49:43,Bank Transfer,34500.0
4249,103,1,1,2024-03-20 14:19:19,Cash,0.0
4250,874,25,4,2025-03-28 17:49:36,Cash,0.0
4251,404,17,3,2025-09-04 10:50:23,Card,0.0
4252,883,2,1,2025-04-09 14:18:09,Bank Transfer,0.0
4253,894,3,1,2024-10-06 11:13:19,Bank Transfer,0.0
4254,,16,2,2025-06-07 14:30:12,Bank Transfer,352100.0
4255,,3,1,2024-05-05 12:47:28,Card,0.0
4256,511,29,4,2024-09-04 13:05:34,Mobile Payment,0.0
4257,338,18,3,2025-01-17 09:09:06,Mobile Payment,0.0
4258,,39,5,2024-03-31 17:41:39,Cash,0.0
4259,,9,2,2025-12-24 14:52:26,Bank Transfer,0.0
4260,109,15,2,2025-04-19 09:28:51,Cash,87900.0
4261,926,12,2,2024-12-29 13:14:12,Mobile Payment,46200.0
4262,794,29,4,2024-04-12 11:05:54,Cash,0.0
4263,339,40,5,2024-05-26 13:44:34,Card,213700.0
4264,,6,1,2025-10-07 09:47:29,Mobile Payment,0.0
4265,764,6,1,2025-10-20 12:40:54,Bank Transfer,0.0
4266,433,19,3,2025-11-30 17:00:03,Cash,0.0
4267,677,28,4,2025-11-23 11:17:25,Card,0.0
4268,449,39,5,2025-06-05 09:06:11,Card,85500.0
4269,778,21,3,2024-05-25 17:11:53,Mobile Payment,0.0
4270,188,34,5,2025-05-10 19:34:11,Bank Transfer,724800.0
4271,,2,1,2025-12-29 11:17:53,Mobile Payment,0.0
4272,,25,4,2025-11-11 19:39:31,Mobile Payment,52000.0
4273,652,19,3,2024-02-14 19:34:54,Bank Transfer,0.0
4274,,20,3,2024-01-15 10:50:09,Bank Transfer,20300.0
4275,244,6,1,2024-02-11 18:35:52,Cash,0.0
4276,723,11,2,2024-10-08 09:45:49,Mobile Payment,0.0
4277,203,36,5,2024-09-28 10:26:08,Cash,0.0
4278,,11,2,2024-06-04 16:27:54,Cash,246700.0
4279,40,39,5,2025-02-17 12:54:07,Cash,0.0
4280,269,38,5,2025-09-28 12:55:29,Cash,0.0
4281,373,12,2,2024-06-22 19:17:43,Mobile Payment,0.0
4282,229,21,3,2024-09-06 12:46:33,Cash,0.0
4283,818,7,1,2025-01-21 13:48:19,Mobile Payment,0.0
4284,,3,1,2025-05-06 09:47:06,Bank Transfer,0.0
4285,319,25,4,2025-12-16 19:59:46,Cash,0.0
4286,201,39,5,2024-03-18 13:20:01,Cash,56100.0
4287,812,2,1,2025-08-13 09:22:02,Cash,93700.0
4288,537,2,1,2024-02-05 19:46:25,Cash,0.0
4289,381,13,2,2025-05-20 15:35:08,Mobile Payment,0.0
4290,150,23,3,2025-05-02 16:56:31,Card,0.0
4291,389,22,3,2025-01-04 19:49:28,Bank Transfer,0.0
4292,225,2,1,2025-02-13 11:51:22,Cash,0.0
4293,641,36,5,2025-11-05 19:43:52,Mobile Payment,0.0
4294,366,37,5,2025-05-02 19:29:42,Bank Transfer,0.0
4295,627,18,3,2024-04-15 11:13:56,Bank Transfer,0.0
4296,858,29,4,2025-04-16 13:00:45,Cash,0.0
4297,532,22,3,2025-05-16 09:17:54,Bank Transfer,0.0
4298,922,29,4,2024-06-04 18:26:22,Mobile Payment,0.0
4299,609,7,1,2025-06-22 15:31:18,Card,0.0
4300,325,1,1,2024-09-17 13:13:23,Mobile Payment,0.0
4301,320,25,4,2024-09-09 19:16:48,Cash,129500.0
4302,344,10,2,2024-09-08 12:03:38,Mobile Payment,0.0
4303,266,30,4,2024-07-12 16:19:06,Bank Transfer,0.0
4304,681,29,4,2024-12-16 19:48:32,Card,0.0
4305,152,35,5,2025-11-14 09:53:10,Cash,70300.0
4306,415,37,5,2025-06-20 09:14:00,Cash,21200.0
4307,,23,3,2025-04-13 11:12:38,Bank Transfer,16900.0
4308,83,4,1,2025-05-29 12:53:41,Cash,0.0
4309,,38,5,2024-11-02 16:26:11,Mobile Payment,0.0
4310,173,8,1,2025-02-05 10:30:52,Mobile Payment,53300.0
4311,,22,3,2025-07-20 17:21:01,Cash,0.0
4312,,1,1,2025-11-14 10:38:37,Bank Transfer,362900.0
4313,956,32,4,2024-03-08 17:59:52,Card,0.0
4314,424,35,5,2025-11-12 09:10:16,Bank Transfer,0.0
4315,285,9,2,2024-11-12 19:08:06,Card,0.0
4316,628,35,5,2024-05-19 15:29:11,Cash,0.0
4317,748,35,5,2024-09-10 14:21:13,Mobile Payment,0.0
4318,,14,2,2025-02-05 12:18:31,Mobile Payment,0.0
4319,37,31,4,2025-01-10 13:02:25,Cash,58700.0
4320,446,26,4,2024-09-15 11:05:45,Cash,12200.0
4321,629,40,5,2025-12-18 18:36:09,Cash,0.0
4322,702,18,3,2025-11-25 18:11:32,Cash,0.0
4323,564,12,2,2024-09-24 16:53:33,Cash,229500.0
4324,895,1,1,2025-11-02 16:34:49,Cash,802800.0
4325,,23,3,2024-06-04 11:42:22,Card,0.0
4326,,12,2,2025-12-04 14:36:14,Cash,38300.0
4327,733,5,1,2024-10-29 09:55:12,Mobile Payment,41200.0
4328,220,2,1,2025-04-21 15:24:00,Card,1215000.0
4329,,38,5,2025-02-14 18:55:05,Card,175200.0
4330,222,12,2,2024-04-23 19:30:19,Cash,0.0
4331,768,26,4,2024-07-22 15:53:43,Bank Transfer,72800.0
4332,518,39,5,2025-11-16 17:08:16,Mobile Payment,0.0
4333,215,17,3,2025-07-05 13:51:13,Cash,0.0
4334,61,10,2,2024-09-22 14:19:56,Bank Transfer,96100.0
4335,326,21,3,2024-07-15 11:58:44,Bank Transfer,0.0
4336,905,1,1,2024-12-04 09:53:35,Bank Transfer,192700.0
4337,50,15,2,2025-08-21 12:23:06,Card,11000.0
4338,739,32,4,2025-08-29 13:04:22,Cash,0.0
4339,269,2,1,2025-06-16 16:06:45,Mobile Payment,0.0
4340,164,3,1,2025-10-22 18:36:10,Bank Transfer,0.0
4341,52,19,3,2024-07-25 16:33:45,Card,0.0
4342,612,14,2,2025-10-09 09:06:11,Cash,0.0
4343,209,36,5,2024-10-13 10:40:22,Cash,0.0
4344,442,31,4,2025-01-16 18:50:45,Cash,0.0
4345,15,22,3,2024-05-12 19:56:51,Card,637300.0
4346,913,19,3,2024-05-22 13:38:59,Bank Transfer,208900.0
4347,567,24,3,2024-01-28 10:22:08,Cash,0.0
4348,669,30,4,2024-08-15 09:17:19,Mobile Payment,0.0
4349,519,20,3,2024-07-22 14:00:34,Cash,0.0
4350,553,7,1,2024-05-26 15:47:50,Cash,0.0
4351,863,40,5,2024-10-05 15:23:25,Card,0.0
4352,989,8,1,2025-02-27 17:05:14,Cash,395200.0
4353,,36,5,2025-03-05 14:41:46,Bank Transfer,111100.0
4354,794,30,4,2024-05-09 09:29:31,Mobile Payment,0.0
4355,85,34,5,2024-04-01 19:40:24,Bank Transfer,0.0
4356,825,32,4,2025-08-26 16:17:35,Mobile Payment,0.0
4357,8,35,5,2025-03-25 11:26:50,Cash,0.0
4358,165,32,4,2024-05-30 17:11:52,Mobile Payment,537700.0
4359,,32,4,2025-12-08 11:44:18,Bank Transfer,0.0
4360,600,15,2,2025-08-06 15:29:53,Mobile Payment,121700.0
4361,83,5,1,2025-03-17 14:38:37,Cash,0.0
4362,701,30,4,2024-09-26 17:13:52,Card,98700.0
4363,417,39,5,2025-09-30 16:47:21,Bank Transfer,0.0
4364,283,4,1,2025-11-01 18:14:17,Bank Transfer,204500.0
4365,866,25,4,2024-07-17 09:31:49,Card,0.0
4366,264,23,3,2024-11-23 17:32:30,Cash,0.0
4367,748,37,5,2024-03-14 12:30:01,Cash,0.0
4368,430,35,5,2025-12-29 10:30:39,Cash,0.0
4369,704,33,5,2024-01-10 09:04:33,Mobile Payment,0.0
4370,,40,5,2024-01-05 18:02:37,Cash,281700.0
4371,44,29,4,2024-12-12 09:40:40,Bank Transfer,258200.0
4372,408,19,3,2024-01-27 16:52:26,Cash,0.0
4373,784,16,2,2024-02-10 10:50:21,Cash,209900.0
4374,936,37,5,2025-11-26 19:33:52,Cash,384100.0
4375,142,15,2,2025-07-01 10:56:49,Mobile Payment,440800.0
4376,201,5,1,2025-11-21 09:55:06,Bank Transfer,235100.0
4377,510,4,1,2024-05-02 17:33:13,Card,0.0
4378,205,21,3,2024-06-22 14:44:15,Mobile Payment,0.0
4379,716,30,4,2025-09-30 18:37:57,Cash,0.0
4380,683,35,5,2025-11-01 19:33:08,Cash,0.0
4381,564,9,2,2025-05-31 12:38:44,Cash,144200.0
4382,909,34,5,2024-02-04 11:51:24,Bank Transfer,0.0
4383,235,25,4,2025-04-03 14:55:20,Card,0.0
4384,646,20,3,2025-06-22 11:27:31,Cash,0.0
4385,495,26,4,2024-02-16 14:07:44,Card,332200.0
4386,427,12,2,2025-01-28 12:41:24,Bank Transfer,33600.0
4387,762,24,3,2024-08-16 17:56:26,Cash,128800.0
4388,,8,1,2024-03-27 09:41:02,Cash,363700.0
4389,782,40,5,2025-12-15 17:57:15,Mobile Payment,0.0
4390,125,35,5,2025-05-31 10:18:48,Card,195800.0
4391,969,39,5,2025-03-08 17:32:48,Cash,306400.0
4392,584,9,2,2025-02-21 11:17:45,Mobile Payment,0.0
4393,452,20,3,2024-10-23 11:55:03,Cash,0.0
4394,306,13,2,2024-12-22 09:12:54,Cash,67500.0
4395,834,18,3,2025-01-10 13:05:33,Cash,0.0
4396,738,11,2,2024-08-01 11:59:13,Bank Transfer,0.0
4397,364,31,4,2025-03-15 09:28:59,Cash,0.0
4398,831,35,5,2024-08-28 12:05:11,Card,0.0
4399,900,6,1,2024-10-02 11:12:04,Cash,0.0
4400,952,22,3,2024-01-25 14:28:20,Cash,23600.0
4401,427,38,5,2024-03-05 10:23:19,Card,276500.0
4402,182,33,5,2025-10-31 12:45:09,Card,0.0
4403,172,40,5,2025-11-16 12:59:13,Cash,105400.0
4404,614,31,4,2024-07-24 09:10:52,Card,0.0
4405,280,5,1,2025-06-16 15:35:34,Card,264600.0
4406,8,32,4,2024-08-29 09:32:52,Cash,0.0
4407,,25,4,2024-02-12 10:48:07,Card,1052800.0
4408,128,12,2,2025-06-14 10:56:09,Mobile Payment,0.0
4409,,26,4,2024-12-05 18:06:01,Cash,82400.0
4410,699,30,4,2024-01-08 18:12:04,Bank Transfer,120500.0
4411,513,29,4,2024-03-01 10:51:24,Card,0.0
4412,184,9,2,2025-05-28 18:48:59,Cash,0.0
4413,,36,5,2025-05-23 19:20:01,Card,441900.0
4414,930,29,4,2025-02-19 14:44:30,Bank Transfer,0.0
4415,644,30,4,2024-11-13 12:57:20,Card,0.0
4416,633,36,5,2024-12-10 17:58:33,Bank Transfer,158300.0
4417,253,21,3,2024-09-22 14:01:54,Bank Transfer,0.0
4418,,34,5,2024-09-18 11:31:16,Bank Transfer,11700.0
4419,316,35,5,2025-05-08 12:29:44,Cash,131600.0
4420,,17,3,2024-10-23 17:37:55,Cash,0.0
4421,357,13,2,2024-02-01 17:08:35,Bank Transfer,0.0
4422,,11,2,2024-11-20 16:01:52,Mobile Payment,0.0
4423,352,28,4,2024-05-05 16:21:15,Bank Transfer,0.0
4424,228,37,5,2024-09-02 18:46:26,Mobile Payment,251700.0
4425,34,8,1,2025-07-15 12:00:03,Bank Transfer,0.0
4426,606,40,5,2024-11-09 17:09:42,Cash,813500.0
4427,204,10,2,2024-11-30 16:15:52,Mobile Payment,0.0
4428,361,27,4,2024-05-25 17:30:37,Mobile Payment,0.0
4429,946,24,3,2025-10-19 09:06:23,Bank Transfer,0.0
4430,50,3,1,2025-11-17 15:57:26,Mobile Payment,0.0
4431,,39,5,2025-03-20 15:11:36,Cash,0.0
4432,518,34,5,2025-11-03 16:22:42,Cash,533100.0
4433,,29,4,2025-06-06 17:11:17,Card,44800.0
4434,433,1,1,2024-04-21 13:45:30,Bank Transfer,0.0
4435,994,17,3,2025-09-21 09:42:06,Cash,694100.0
4436,834,37,5,2024-03-06 14:10:15,Mobile Payment,0.0
4437,,2,1,2025-02-07 15:23:56,Cash,206900.0
4438,662,15,2,2025-02-06 19:26:18,Bank Transfer,0.0
4439,467,2,1,2024-11-24 11:28:50,Cash,127200.0
4440,885,15,2,2024-08-26 11:52:52,Mobile Payment,582800.0
4441,642,26,4,2024-06-27 12:26:14,Cash,0.0
4442,822,7,1,2024-05-02 18:32:53,Bank Transfer,73000.0
4443,164,22,3,2025-01-26 16:48:43,Mobile Payment,0.0
4444,719,19,3,2025-10-10 16:07:48,Cash,209000.0
4445,794,26,4,2024-09-26 12:26:17,Mobile Payment,0.0
4446,262,1,1,2024-06-08 14:06:59,Card,85600.0
4447,,9,2,2024-03-16 12:36:08,Cash,0.0
4448,320,15,2,2024-09-07 12:09:36,Bank Transfer,0.0
4449,,19,3,2024-05-02 11:17:00,Mobile Payment,0.0
4450,644,1,1,2025-02-14 13:51:54,Card,0.0
4451,855,9,2,2024-06-28 16:25:37,Cash,0.0
4452,592,27,4,2025-04-13 17:10:52,Cash,313200.0
4453,683,3,1,2025-01-28 17:17:48,Cash,0.0
4454,820,36,5,2024-04-30 11:16:33,Mobile Payment,0.0
4455,406,22,3,2025-04-07 12:16:42,Cash,0.0
4456,985,27,4,2025-01-11 11:14:02,Mobile Payment,105400.0
4457,80,5,1,2024-12-30 11:17:09,Cash,0.0
4458,703,8,1,2025-01-22 10:15:07,Mobile Payment,0.0
4459,572,3,1,2025-12-26 15:49:29,Mobile Payment,35900.0
4460,946,9,2,2025-11-27 12:33:54,Cash,39200.0
4461,133,1,1,2025-08-03 11:52:35,Mobile Payment,235900.0
4462,756,2,1,2025-02-07 11:47:18,Cash,0.0
4463,78,21,3,2024-06-11 11:58:45,Cash,0.0
4464,170,21,3,2025-09-16 15:13:11,Mobile Payment,0.0
4465,95,2,1,2024-10-25 12:50:06,Card,0.0
4466,,5,1,2024-09-07 09:10:17,Mobile Payment,0.0
4467,192,6,1,2024-05-03 17:48:51,Mobile Payment,0.0
4468,934,33,5,2024-11-29 12:29:37,Bank Transfer,688000.0
4469,145,34,5,2025-03-09 11:46:35,Mobile Payment,55200.0
4470,338,8,1,2025-11-17 19:12:44,Card,0.0
4471,905,6,1,2024-11-23 13:49:40,Cash,0.0
4472,,15,2,2025-07-20 15:06:53,Mobile Payment,0.0
4473,305,39,5,2025-12-01 11:33:26,Cash,0.0
4474,863,19,3,2024-11-23 17:32:03,Cash,0.0
4475,767,4,1,2025-12-21 10:50:20,Cash,20000.0
4476,252,38,5,2025-11-08 16:21:04,Mobile Payment,0.0
4477,570,30,4,2024-11-04 11:20:58,Bank Transfer,0.0
4478,,23,3,2025-12-11 10:07:27,Cash,0.0
4479,510,39,5,2024-04-30 19:54:48,Cash,0.0
4480,,33,5,2024-07-18 09:25:43,Cash,0.0
4481,,16,2,2024-04-17 12:48:07,Mobile Payment,0.0
4482,11,1,1,2024-07-21 15:52:24,Card,0.0
4483,758,37,5,2025-12-30 19:21:27,Cash,459500.0
4484,107,16,2,2025-12-09 14:42:03,Cash,0.0
4485,8,7,1,2024-06-17 12:00:01,Cash,0.0
4486,815,36,5,2024-03-09 10:18:37,Card,1145500.0
4487,,10,2,2025-09-01 10:30:48,Cash,278400.0
4488,320,25,4,2024-07-20 11:00:00,Bank Transfer,0.0
4489,,12,2,2025-08-22 17:06:07,Cash,0.0
4490,927,25,4,2025-12-16 11:20:26,Cash,0.0
4491,305,6,1,2024-12-04 13:00:39,Mobile Payment,0.0
4492,750,23,3,2025-12-04 18:12:01,Bank Transfer,373200.0
4493,369,31,4,2024-03-23 12:17:11,Cash,74400.0
4494,299,16,2,2024-05-16 09:22:05,Bank Transfer,0.0
4495,,2,1,2024-03-22 11:33:16,Mobile Payment,0.0
4496,182,27,4,2025-01-11 10:53:12,Card,234900.0
4497,58,29,4,2025-09-01 17:53:41,Bank Transfer,0.0
4498,271,38,5,2024-03-31 18:03:54,Bank Transfer,26200.0
4499,430,30,4,2025-05-13 10:50:09,Bank Transfer,0.0
4500,454,2,1,2024-07-20 15:51:03,Mobile Payment,0.0
4501,791,5,1,2024-06-29 14:16:47,Cash,0.0
4502,831,35,5,2024-06-22 18:27:10,Bank Transfer,0.0
4503,813,10,2,2025-04-26 15:52:38,Mobile Payment,0.0
4504,866,40,5,2024-11-03 09:25:15,Mobile Payment,25000.0
4505,267,17,3,2025-04-23 12:15:36,Cash,0.0
4506,380,12,2,2024-04-01 17:26:44,Bank Transfer,0.0
4507,743,36,5,2025-02-06 15:46:45,Cash,0.0
4508,834,28,4,2025-10-05 11:49:06,Bank Transfer,29800.0
4509,892,25,4,2025-04-07 19:56:05,Card,0.0
4510,795,31,4,2025-07-15 09:18:49,Mobile Payment,0.0
4511,402,32,4,2024-03-14 18:56:54,Bank Transfer,0.0
4512,740,31,4,2025-08-26 15:06:52,Card,201900.0
4513,318,19,3,2025-08-26 19:22:47,Bank Transfer,499100.0
4514,579,10,2,2025-12-06 15:47:26,Mobile Payment,627600.0
4515,,36,5,2024-08-05 11:24:10,Cash,62000.0
4516,164,10,2,2025-08-25 17:48:12,Cash,0.0
4517,120,26,4,2024-05-08 13:08:03,Cash,237200.0
4518,67,29,4,2025-08-08 18:17:54,Mobile Payment,0.0
4519,521,36,5,2025-12-23 19:24:28,Bank Transfer,0.0
4520,921,38,5,2025-12-21 16:01:14,Mobile Payment,0.0
4521,533,32,4,2025-02-06 16:38:38,Bank Transfer,0.0
4522,371,24,3,2025-03-31 16:16:06,Mobile Payment,0.0
4523,913,1,1,2024-03-30 11:35:01,Cash,0.0
4524,541,29,4,2025-05-28 09:04:21,Cash,34100.0
4525,,25,4,2025-04-20 14:02:41,Mobile Payment,0.0
4526,955,33,5,2025-03-15 18:51:29,Mobile Payment,0.0
4527,353,34,5,2025-12-02 16:09:12,Mobile Payment,0.0
4528,910,40,5,2024-04-10 09:01:11,Mobile Payment,0.0
4529,177,36,5,2024-07-01 17:39:39,Cash,10000.0
4530,747,33,5,2025-09-22 17:05:26,Mobile Payment,134500.0
4531,911,34,5,2024-11-02 16:06:17,Cash,78700.0
4532,83,12,2,2024-12-14 18:27:53,Mobile Payment,0.0
4533,508,16,2,2025-04-02 10:35:26,Card,0.0
4534,735,37,5,2025-09-29 11:56:45,Cash,0.0
4535,717,35,5,2025-02-09 09:45:25,Mobile Payment,0.0
4536,,9,2,2024-08-30 12:21:03,Cash,0.0
4537,122,17,3,2024-08-01 17:55:17,Cash,0.0
4538,,32,4,2024-06-01 12:44:05,Bank Transfer,206800.0
4539,471,28,4,2024-01-24 17:04:24,Card,0.0
4540,388,24,3,2025-04-12 11:27:05,Card,39700.0
4541,602,22,3,2025-07-11 19:09:18,Mobile Payment,0.0
4542,,12,2,2025-01-29 11:15:36,Bank Transfer,0.0
4543,818,19,3,2024-12-10 15:32:28,Cash,0.0
4544,169,27,4,2025-08-16 17:52:40,Cash,0.0
4545,,11,2,2025-09-21 10:11:28,Mobile Payment,0.0
4546,101,1,1,2025-02-24 17:16:04,Mobile Payment,0.0
4547,470,3,1,2024-05-28 10:48:08,Mobile Payment,57100.0
4548,750,20,3,2025-10-24 15:36:58,Cash,0.0
4549,158,26,4,2024-08-08 16:44:17,Cash,20200.0
4550,283,23,3,2024-01-05 14:39:34,Card,0.0
4551,304,26,4,2025-12-20 13:36:49,Cash,0.0
4552,725,34,5,2025-09-09 13:54:43,Cash,286500.0
4553,,17,3,2024-12-24 14:09:17,Cash,0.0
4554,432,35,5,2024-06-25 18:59:43,Card,167600.0
4555,233,22,3,2025-09-11 18:20:29,Cash,0.0
4556,562,15,2,2025-12-01 16:49:34,Cash,0.0
4557,279,17,3,2025-03-04 11:03:36,Mobile Payment,0.0
4558,,2,1,2025-11-09 12:03:47,Cash,0.0
4559,346,23,3,2025-03-12 15:33:25,Bank Transfer,0.0
4560,976,3,1,2024-06-21 10:38:00,Mobile Payment,0.0
4561,682,29,4,2025-12-16 13:16:46,Mobile Payment,465600.0
4562,589,6,1,2024-08-01 19:55:02,Mobile Payment,476200.0
4563,803,23,3,2024-09-24 15:14:34,Cash,0.0
4564,386,40,5,2025-08-08 09:44:41,Bank Transfer,0.0
4565,198,1,1,2025-02-27 19:43:36,Cash,13000.0
4566,643,32,4,2025-12-31 13:49:32,Mobile Payment,0.0
4567,,4,1,2025-11-23 19:14:59,Cash,88300.0
4568,447,3,1,2024-04-01 16:01:39,Cash,7100.0
4569,872,33,5,2025-03-22 10:57:24,Card,0.0
4570,623,3,1,2024-11-28 17:39:07,Mobile Payment,0.0
4571,154,24,3,2025-07-01 10:03:50,Card,0.0
4572,495,10,2,2025-05-27 14:23:08,Card,0.0
4573,118,2,1,2025-03-09 19:47:24,Cash,0.0
4574,616,13,2,2024-05-22 15:53:38,Bank Transfer,0.0
4575,148,1,1,2025-04-23 17:11:32,Card,216300.0
4576,,1,1,2024-09-01 10:56:06,Cash,0.0
4577,452,33,5,2025-05-31 11:48:16,Cash,862600.0
4578,327,14,2,2024-10-04 09:15:23,Mobile Payment,220000.0
4579,416,24,3,2024-08-25 14:58:05,Mobile Payment,0.0
4580,872,29,4,2025-05-11 10:09:17,Bank Transfer,0.0
4581,705,25,4,2024-01-26 14:53:32,Bank Transfer,0.0
4582,881,2,1,2025-03-25 18:33:40,Cash,0.0
4583,957,11,2,2025-06-30 14:39:46,Card,0.0
4584,298,11,2,2024-06-24 11:26:09,Cash,0.0
4585,486,39,5,2024-02-18 14:09:02,Card,0.0
4586,,34,5,2024-07-16 17:32:23,Card,0.0
4587,536,10,2,2025-10-12 16:34:00,Mobile Payment,0.0
4588,254,26,4,2025-06-16 16:03:01,Card,0.0
4589,965,26,4,2024-09-02 15:19:41,Mobile Payment,0.0
4590,386,38,5,2024-08-01 14:52:16,Cash,0.0
4591,163,15,2,2024-07-16 11:20:57,Cash,49500.0
4592,,1,1,2024-02-07 11:20:39,Card,27300.0
4593,926,38,5,2024-03-10 19:32:17,Bank Transfer,103200.0
4594,,35,5,2025-05-15 11:50:19,Mobile Payment,0.0
4595,889,40,5,2025-02-10 10:15:22,Cash,0.0
4596,534,1,1,2024-03-30 11:34:02,Bank Transfer,0.0
4597,389,10,2,2024-04-04 18:32:36,Cash,0.0
4598,344,7,1,2024-01-25 19:21:25,Mobile Payment,0.0
4599,187,17,3,2025-03-17 12:57:42,Bank Transfer,320400.0
4600,320,9,2,2025-08-08 13:05:33,Mobile Payment,0.0
4601,,40,5,2024-07-10 16:12:49,Cash,0.0
4602,401,12,2,2025-07-09 09:29:17,Mobile Payment,0.0
4603,312,6,1,2025-01-09 15:40:54,Bank Transfer,0.0
4604,611,32,4,2025-03-03 19:21:41,Cash,0.0
4605,,6,1,2024-01-18 11:44:05,Cash,0.0
4606,67,15,2,2025-12-30 17:55:10,Card,0.0
4607,280,22,3,2025-10-26 11:24:56,Card,0.0
4608,340,27,4,2024-03-17 12:00:11,Cash,164800.0
4609,201,27,4,2024-06-22 16:46:57,Card,215500.0
4610,337,9,2,2024-09-28 17:50:45,Mobile Payment,0.0
4611,580,14,2,2025-11-25 14:36:38,Cash,0.0
4612,717,40,5,2025-03-20 19:47:48,Cash,0.0
4613,179,26,4,2024-02-24 15:09:14,Cash,91300.0
4614,418,23,3,2025-11-20 13:37:20,Mobile Payment,19000.0
4615,83,27,4,2024-10-13 14:05:57,Card,0.0
4616,845,24,3,2025-09-05 19:19:39,Card,0.0
4617,,24,3,2024-12-25 13:39:18,Card,421300.0
4618,435,18,3,2025-07-11 14:42:35,Card,0.0
4619,566,34,5,2024-11-13 18:03:54,Bank Transfer,0.0
4620,678,5,1,2025-05-31 19:27:59,Cash,907700.0
4621,768,13,2,2024-05-14 16:17:57,Cash,38800.0
4622,645,13,2,2025-09-20 18:14:47,Bank Transfer,0.0
4623,616,16,2,2025-01-14 18:38:40,Bank Transfer,0.0
4624,,22,3,2025-04-13 15:01:23,Mobile Payment,0.0
4625,768,10,2,2025-06-29 17:49:40,Cash,212000.0
4626,53,10,2,2025-12-20 17:37:12,Cash,335000.0
4627,770,19,3,2025-12-24 10:05:30,Mobile Payment,162400.0
4628,,29,4,2025-07-08 14:02:28,Cash,0.0
4629,513,6,1,2025-05-26 10:03:52,Cash,61500.0
4630,880,3,1,2025-01-05 17:59:32,Cash,0.0
4631,437,2,1,2025-09-22 17:32:20,Cash,0.0
4632,626,3,1,2025-01-17 18:08:49,Mobile Payment,328300.0
4633,,22,3,2024-05-30 14:58:16,Cash,0.0
4634,527,22,3,2025-05-19 15:53:18,Card,313500.0
4635,692,7,1,2025-12-11 19:16:24,Bank Transfer,115500.0
4636,639,40,5,2025-05-30 19:55:49,Bank Transfer,0.0
4637,547,7,1,2025-03-16 11:59:27,Mobile Payment,73700.0
4638,339,18,3,2025-02-26 17:12:49,Cash,36700.0
4639,407,22,3,2024-11-02 13:00:10,Mobile Payment,444500.0
4640,,19,3,2024-01-31 16:39:53,Cash,0.0
4641,200,31,4,2024-07-17 13:40:57,Mobile Payment,0.0
4642,257,10,2,2024-06-02 09:07:14,Bank Transfer,117400.0
4643,987,32,4,2025-07-18 09:00:10,Cash,0.0
4644,125,33,5,2025-04-23 17:57:12,Cash,33000.0
4645,2,38,5,2025-08-20 12:03:40,Mobile Payment,209600.0
4646,,13,2,2024-04-02 19:41:57,Mobile Payment,89200.0
4647,,4,1,2025-03-18 12:54:07,Card,0.0
4648,396,8,1,2025-07-17 09:34:35,Card,0.0
4649,615,7,1,2024-09-29 09:41:11,Cash,0.0
4650,872,29,4,2024-04-09 19:08:39,Card,597200.0
4651,522,8,1,2025-10-13 09:08:31,Mobile Payment,0.0
4652,399,27,4,2025-07-06 16:32:09,Cash,240800.0
4653,910,32,4,2024-04-25 17:13:09,Cash,23900.0
4654,126,36,5,2024-04-18 14:38:45,Mobile Payment,38800.0
4655,,40,5,2024-05-08 11:32:06,Card,0.0
4656,165,17,3,2024-02-12 09:14:33,Cash,0.0
4657,386,8,1,2024-05-15 17:03:59,Bank Transfer,0.0
4658,,33,5,2024-10-04 13:54:25,Card,81000.0
4659,44,9,2,2024-11-12 18:48:36,Cash,299500.0
4660,,25,4,2024-12-19 10:08:43,Card,0.0
4661,591,12,2,2025-03-13 14:42:13,Cash,0.0
4662,455,19,3,2024-11-08 18:05:17,Mobile Payment,264600.0
4663,702,21,3,2025-03-26 12:52:39,Cash,0.0
4664,108,35,5,2024-11-01 11:24:08,Cash,0.0
4665,,12,2,2024-05-28 10:57:31,Cash,507600.0
4666,702,3,1,2025-03-29 15:28:41,Cash,182200.0
4667,,36,5,2024-05-11 13:10:01,Cash,0.0
4668,455,40,5,2025-09-12 15:30:25,Cash,0.0
4669,,10,2,2024-06-26 19:29:17,Mobile Payment,0.0
4670,833,27,4,2025-09-19 10:25:07,Card,0.0
4671,708,23,3,2024-09-15 17:28:40,Cash,0.0
4672,957,30,4,2025-04-28 09:17:50,Cash,0.0
4673,987,6,1,2024-08-03 09:12:31,Cash,0.0
4674,872,28,4,2024-10-30 19:31:20,Cash,0.0
4675,408,25,4,2025-09-13 10:21:29,Cash,30300.0
4676,851,12,2,2024-10-08 11:44:35,Card,519900.0
4677,835,19,3,2024-06-02 10:14:57,Card,111300.0
4678,392,39,5,2024-02-22 18:36:50,Mobile Payment,194000.0
4679,,33,5,2024-04-11 18:16:43,Cash,0.0
4680,385,21,3,2025-05-29 18:16:36,Cash,0.0
4681,330,31,4,2025-07-22 11:55:27,Mobile Payment,0.0
4682,624,23,3,2025-01-08 11:51:04,Mobile Payment,0.0
4683,820,29,4,2024-08-07 18:58:32,Card,0.0
4684,763,6,1,2025-11-28 11:08:44,Cash,0.0
4685,494,34,5,2025-09-26 19:05:46,Bank Transfer,0.0
4686,,2,1,2024-09-28 09:56:37,Cash,33900.0
4687,533,40,5,2024-01-02 13:39:52,Card,0.0
4688,817,24,3,2025-03-13 17:52:30,Cash,0.0
4689,,40,5,2024-12-11 11:21:19,Mobile Payment,0.0
4690,877,19,3,2025-01-22 12:58:59,Card,0.0
4691,93,17,3,2024-10-09 18:40:21,Bank Transfer,0.0
4692,787,27,4,2025-01-19 18:43:01,Mobile Payment,0.0
4693,674,31,4,2025-08-25 14:49:43,Card,0.0
4694,134,14,2,2024-10-13 18:31:02,Cash,0.0
4695,,7,1,2024-01-31 16:15:48,Mobile Payment,0.0
4696,244,35,5,2024-12-12 14:24:43,Mobile Payment,0.0
4697,536,16,2,2025-10-15 13:56:02,Mobile Payment,28600.0
4698,833,25,4,2025-05-08 12:01:51,Mobile Payment,530500.0
4699,778,37,5,2025-11-17 12:24:21,Cash,0.0
4700,623,37,5,2024-07-16 13:28:08,Card,0.0
4701,299,8,1,2025-10-03 09:32:33,Card,0.0
4702,217,37,5,2024-03-27 11:23:56,Cash,0.0
4703,48,17,3,2025-08-24 19:47:59,Card,0.0
4704,69,39,5,2024-04-30 12:48:44,Card,0.0
4705,171,3,1,2025-11-05 19:32:30,Card,0.0
4706,155,20,3,2025-01-14 10:31:05,Card,42900.0
4707,794,26,4,2024-07-28 11:56:52,Mobile Payment,0.0
4708,417,17,3,2025-06-18 19:44:30,Cash,0.0
4709,,15,2,2025-11-17 13:07:18,Cash,0.0
4710,906,37,5,2025-06-05 13:45:41,Bank Transfer,0.0
4711,,37,5,2024-07-16 16:30:54,Cash,0.0
4712,177,30,4,2025-10-31 12:02:39,Mobile Payment,0.0
4713,220,5,1,2024-03-13 11:48:38,Cash,0.0
4714,8,28,4,2024-03-25 13:26:35,Cash,0.0
4715,896,3,1,2024-10-21 15:16:42,Card,18600.0
4716,879,32,4,2024-08-28 09:36:35,Cash,184300.0
4717,667,4,1,2024-05-08 11:21:28,Card,0.0
4718,697,32,4,2024-08-18 11:01:13,Mobile Payment,0.0
4719,739,16,2,2025-06-26 13:49:17,Bank Transfer,1009900.0
4720,51,37,5,2025-05-19 19:34:02,Cash,0.0
4721,663,28,4,2025-01-28 17:44:20,Bank Transfer,0.0
4722,,19,3,2025-09-26 09:17:23,Cash,0.0
4723,231,14,2,2025-08-30 16:09:08,Card,339300.0
4724,789,10,2,2025-12-01 15:00:18,Mobile Payment,0.0
4725,545,20,3,2025-12-22 19:09:57,Cash,179600.0
4726,183,38,5,2025-06-08 18:12:38,Cash,0.0
4727,694,18,3,2025-06-30 18:23:41,Mobile Payment,0.0
4728,119,38,5,2024-06-22 10:18:26,Mobile Payment,0.0
4729,,19,3,2024-06-24 12:50:17,Cash,0.0
4730,944,15,2,2024-11-21 10:39:22,Cash,0.0
4731,546,39,5,2024-09-24 10:30:59,Bank Transfer,0.0
4732,606,9,2,2024-02-21 12:08:23,Cash,0.0
4733,794,25,4,2025-07-30 10:57:09,Card,302100.0
4734,241,3,1,2025-10-10 16:04:42,Mobile Payment,0.0
4735,58,29,4,2024-06-13 09:34:47,Cash,0.0
4736,286,31,4,2025-06-17 17:10:16,Cash,206500.0
4737,815,4,1,2024-04-08 13:29:23,Mobile Payment,0.0
4738,729,28,4,2025-06-10 12:47:25,Cash,0.0
4739,989,23,3,2024-10-28 16:09:22,Card,268800.0
4740,165,35,5,2024-11-23 10:26:57,Mobile Payment,96300.0
4741,,38,5,2024-02-05 12:16:52,Mobile Payment,0.0
4742,59,39,5,2024-07-05 10:55:31,Cash,0.0
4743,286,2,1,2024-04-22 10:49:34,Mobile Payment,73600.0
4744,962,39,5,2024-12-29 18:35:37,Bank Transfer,325200.0
4745,50,4,1,2025-10-03 10:27:50,Card,0.0
4746,757,18,3,2024-05-15 11:46:22,Card,0.0
4747,,5,1,2024-05-14 09:42:28,Bank Transfer,111400.0
4748,297,30,4,2025-12-18 19:31:24,Bank Transfer,650300.0
4749,881,12,2,2024-04-01 09:19:36,Card,36800.0
4750,877,4,1,2025-03-18 15:48:45,Cash,266700.0
4751,,35,5,2025-01-10 15:38:28,Bank Transfer,173100.0
4752,41,34,5,2025-01-12 19:04:04,Cash,0.0
4753,887,2,1,2024-09-16 13:50:14,Bank Transfer,29000.0
4754,588,14,2,2024-11-11 15:24:12,Cash,154800.0
4755,910,34,5,2024-04-05 11:38:18,Cash,0.0
4756,761,30,4,2024-01-31 11:32:35,Cash,297600.0
4757,242,32,4,2025-04-06 19:29:35,Cash,170200.0
4758,,36,5,2025-04-07 11:55:03,Cash,0.0
4759,485,16,2,2024-08-25 12:44:51,Cash,0.0
4760,743,35,5,2024-08-13 16:08:09,Cash,0.0
4761,401,27,4,2024-08-18 11:18:54,Cash,0.0
4762,,29,4,2025-10-09 17:34:28,Cash,150600.0
4763,567,21,3,2025-09-22 12:03:36,Bank Transfer,0.0
4764,,12,2,2024-09-06 11:50:03,Card,0.0
4765,147,25,4,2025-08-23 17:02:29,Bank Transfer,0.0
4766,533,9,2,2025-12-01 09:53:47,Bank Transfer,0.0
4767,734,16,2,2024-02-14 12:35:45,Card,228100.0
4768,,33,5,2025-01-27 16:40:54,Cash,0.0
4769,,6,1,2024-09-07 14:08:55,Mobile Payment,499700.0
4770,559,2,1,2024-06-12 18:06:44,Mobile Payment,0.0
4771,,39,5,2025-05-26 16:29:04,Mobile Payment,0.0
4772,235,28,4,2024-03-29 15:38:23,Card,108200.0
4773,658,4,1,2025-03-14 15:29:50,Cash,0.0
4774,312,28,4,2024-03-13 14:56:33,Card,473400.0
4775,291,11,2,2025-01-09 16:18:56,Card,0.0
4776,868,19,3,2025-08-30 12:36:39,Cash,0.0
4777,821,30,4,2025-09-10 15:18:32,Cash,59900.0
4778,372,3,1,2025-02-10 19:37:41,Card,0.0
4779,410,33,5,2024-04-12 11:06:51,Bank Transfer,0.0
4780,547,38,5,2025-08-23 18:40:44,Bank Transfer,0.0
4781,989,11,2,2025-06-23 12:53:38,Mobile Payment,146000.0
4782,,23,3,2024-07-28 18:14:23,Cash,395300.0
4783,161,12,2,2025-10-31 09:13:50,Cash,0.0
4784,688,30,4,2024-01-16 18:18:44,Bank Transfer,0.0
4785,808,12,2,2025-02-12 14:17:20,Cash,0.0
4786,739,11,2,2025-05-01 12:12:09,Card,0.0
4787,413,2,1,2024-06-06 10:50:29,Mobile Payment,0.0
4788,163,20,3,2024-07-12 16:59:08,Bank Transfer,0.0
4789,127,31,4,2025-09-14 17:06:59,Bank Transfer,0.0
4790,628,16,2,2024-11-19 19:04:42,Card,0.0
4791,231,29,4,2025-11-12 16:54:29,Mobile Payment,0.0
4792,326,38,5,2024-12-25 10:21:50,Mobile Payment,0.0
4793,202,15,2,2025-02-24 15:35:43,Card,227300.0
4794,761,30,4,2024-11-21 18:23:32,Bank Transfer,0.0
4795,480,23,3,2024-11-09 15:57:08,Mobile Payment,280400.0
4796,392,20,3,2025-02-25 13:17:37,Mobile Payment,0.0
4797,122,28,4,2025-06-09 19:46:17,Card,0.0
4798,251,13,2,2025-07-24 09:25:48,Cash,0.0
4799,81,32,4,2025-01-26 15:06:29,Bank Transfer,0.0
4800,422,33,5,2024-06-13 09:01:05,Cash,0.0
4801,214,17,3,2024-01-28 18:02:14,Cash,0.0
4802,559,39,5,2025-12-03 19:52:01,Cash,0.0
4803,940,35,5,2025-11-29 17:18:25,Cash,0.0
4804,146,34,5,2025-04-03 14:38:29,Mobile Payment,0.0
4805,678,17,3,2024-12-29 10:23:33,Card,0.0
4806,605,34,5,2025-10-21 10:17:06,Cash,0.0
4807,167,6,1,2025-01-18 11:36:29,Card,38400.0
4808,602,15,2,2025-07-27 11:35:50,Bank Transfer,0.0
4809,,27,4,2024-02-25 14:57:59,Cash,460300.0
4810,324,32,4,2025-02-11 18:50:52,Mobile Payment,0.0
4811,436,39,5,2025-11-18 09:41:16,Card,108600.0
4812,454,29,4,2024-06-30 10:39:53,Cash,0.0
4813,,28,4,2025-07-09 10:10:18,Card,0.0
4814,,20,3,2025-04-28 14:05:25,Bank Transfer,0.0
4815,298,30,4,2024-05-15 13:33:14,Mobile Payment,142800.0
4816,,22,3,2025-02-21 18:09:17,Cash,561400.0
4817,265,35,5,2024-11-04 17:30:18,Cash,0.0
4818,304,22,3,2025-10-22 14:05:06,Bank Transfer,0.0
4819,104,2,1,2024-06-03 09:52:42,Mobile Payment,0.0
4820,10,4,1,2025-08-18 19:52:43,Bank Transfer,0.0
4821,95,30,4,2024-06-19 14:55:16,Card,0.0
4822,,21,3,2025-04-10 11:42:23,Cash,1013800.0
4823,320,37,5,2025-03-31 10:25:13,Cash,0.0
4824,204,13,2,2024-02-03 12:27:59,Mobile Payment,0.0
4825,408,31,4,2024-02-16 11:58:59,Cash,0.0
4826,,19,3,2025-08-10 18:06:02,Card,93100.0
4827,43,27,4,2024-12-28 09:35:12,Mobile Payment,11700.0
4828,526,34,5,2025-01-19 09:24:01,Cash,0.0
4829,633,38,5,2025-03-05 17:32:51,Cash,0.0
4830,,39,5,2025-06-23 15:08:54,Mobile Payment,7400.0
4831,872,14,2,2024-06-24 12:56:13,Mobile Payment,0.0
4832,874,3,1,2025-07-23 16:16:58,Mobile Payment,0.0
4833,,40,5,2025-08-03 18:44:50,Cash,45300.0
4834,650,23,3,2025-12-13 13:53:24,Card,0.0
4835,769,14,2,2024-04-03 19:54:56,Cash,220000.0
4836,669,15,2,2024-04-11 13:13:18,Mobile Payment,63500.0
4837,97,24,3,2024-08-18 09:13:13,Cash,0.0
4838,,38,5,2024-02-08 10:48:17,Cash,0.0
4839,681,4,1,2025-02-24 12:10:16,Bank Transfer,0.0
4840,,19,3,2024-12-15 09:16:26,Card,0.0
4841,22,26,4,2024-03-28 17:20:24,Card,0.0
4842,101,31,4,2025-06-14 12:20:06,Cash,0.0
4843,564,12,2,2024-02-08 18:02:27,Mobile Payment,0.0
4844,739,18,3,2025-07-20 15:37:22,Bank Transfer,0.0
4845,821,10,2,2024-06-24 09:12:47,Bank Transfer,0.0
4846,37,23,3,2025-08-24 15:22:49,Card,0.0
4847,917,32,4,2024-02-04 10:44:26,Card,0.0
4848,521,18,3,2024-10-14 13:07:24,Cash,0.0
4849,230,38,5,2024-01-13 12:02:33,Cash,305300.0
4850,5,37,5,2024-07-21 11:13:43,Card,877300.0
4851,,29,4,2025-08-05 19:53:03,Bank Transfer,0.0
4852,901,20,3,2024-05-17 14:06:24,Bank Transfer,41100.0
4853,753,40,5,2024-06-09 12:55:38,Mobile Payment,0.0
4854,,13,2,2025-06-12 17:23:14,Cash,605000.0
4855,244,15,2,2024-12-22 19:27:30,Bank Transfer,130200.0
4856,888,13,2,2024-10-05 10:19:08,Cash,0.0
4857,634,40,5,2025-05-06 14:52:59,Mobile Payment,0.0
4858,324,28,4,2024-10-03 11:32:42,Cash,0.0
4859,968,30,4,2024-06-06 16:14:21,Cash,52200.0
4860,700,31,4,2025-08-18 15:56:25,Card,0.0
4861,671,40,5,2025-04-24 19:58:24,Cash,0.0
4862,92,4,1,2025-04-21 11:48:26,Mobile Payment,281600.0
4863,592,7,1,2024-10-20 12:56:52,Card,0.0
4864,790,6,1,2024-02-09 12:06:35,Mobile Payment,0.0
4865,912,32,4,2024-03-25 09:33:25,Mobile Payment,95700.0
4866,704,35,5,2025-04-19 17:06:45,Mobile Payment,0.0
4867,974,22,3,2024-04-08 11:37:54,Bank Transfer,0.0
4868,202,16,2,2024-02-09 10:32:43,Cash,0.0
4869,722,16,2,2025-12-22 10:00:23,Cash,0.0
4870,129,32,4,2025-07-12 19:54:38,Cash,410800.0
4871,379,23,3,2025-04-05 11:48:49,Mobile Payment,256200.0
4872,418,18,3,2024-05-07 17:39:43,Card,0.0
4873,319,40,5,2025-07-05 15:48:15,Cash,0.0
4874,340,4,1,2024-03-28 11:31:40,Cash,0.0
4875,217,34,5,2025-12-28 14:44:07,Bank Transfer,343800.0
4876,,34,5,2025-05-24 18:52:51,Cash,0.0
4877,177,32,4,2024-10-30 10:25:59,Cash,0.0
4878,671,40,5,2025-09-18 15:33:34,Bank Transfer,0.0
4879,547,32,4,2024-12-10 11:12:46,Cash,0.0
4880,113,40,5,2024-07-14 12:52:21,Mobile Payment,713300.0
4881,,8,1,2025-04-05 11:52:54,Card,0.0
4882,876,29,4,2025-06-09 12:36:36,Card,93200.0
4883,607,23,3,2025-10-10 18:10:58,Card,124600.0
4884,350,26,4,2024-03-02 10:03:14,Cash,65600.0
4885,415,16,2,2025-10-13 15:42:38,Bank Transfer,0.0
4886,155,10,2,2024-08-16 09:52:27,Cash,100200.0
4887,796,12,2,2025-07-29 12:48:45,Mobile Payment,0.0
4888,719,28,4,2025-10-09 18:23:16,Bank Transfer,0.0
4889,745,1,1,2025-06-11 11:46:39,Cash,0.0
4890,900,6,1,2024-12-18 15:15:09,Cash,0.0
4891,,35,5,2024-03-06 11:42:18,Mobile Payment,0.0
4892,,17,3,2025-09-02 17:29:15,Cash,0.0
4893,677,13,2,2025-05-29 18:15:26,Mobile Payment,0.0
4894,966,27,4,2025-04-28 17:53:22,Card,108800.0
4895,86,29,4,2025-11-07 09:07:35,Cash,62300.0
4896,,15,2,2025-02-05 18:00:08,Cash,0.0
4897,362,34,5,2024-08-09 14:08:35,Card,0.0
4898,69,31,4,2025-05-04 18:24:45,Cash,0.0
4899,623,25,4,2024-02-28 09:00:01,Mobile Payment,34300.0
4900,932,31,4,2025-01-02 11:44:59,Mobile Payment,0.0
4901,566,33,5,2025-02-17 14:59:06,Mobile Payment,0.0
4902,294,15,2,2025-10-17 16:59:26,Card,0.0
4903,209,27,4,2024-06-18 10:46:42,Cash,0.0
4904,275,35,5,2025-05-04 09:27:42,Bank Transfer,0.0
4905,646,5,1,2025-12-06 17:03:09,Card,103600.0
4906,856,20,3,2025-06-28 13:11:45,Mobile Payment,0.0
4907,958,2,1,2024-12-26 17:41:49,Cash,0.0
4908,298,13,2,2024-10-16 15:51:14,Cash,0.0
4909,860,27,4,2025-11-03 12:57:36,Bank Transfer,0.0
4910,547,8,1,2025-10-09 15:09:15,Cash,0.0
4911,42,7,1,2025-05-24 13:59:50,Cash,0.0
4912,632,15,2,2025-04-07 12:37:23,Bank Transfer,0.0
4913,517,29,4,2024-05-07 11:24:26,Card,0.0
4914,693,12,2,2024-03-06 16:30:31,Bank Transfer,0.0
4915,651,22,3,2025-05-01 18:20:35,Cash,0.0
4916,700,38,5,2024-01-27 16:23:24,Cash,147800.0
4917,7,2,1,2025-04-23 18:59:22,Mobile Payment,61600.0
4918,338,12,2,2025-11-26 17:01:09,Cash,432300.0
4919,,23,3,2025-11-22 10:39:58,Cash,168000.0
4920,831,32,4,2024-10-05 18:29:17,Bank Transfer,0.0
4921,,3,1,2024-03-08 10:34:53,Card,0.0
4922,32,28,4,2024-09-16 19:56:55,Card,0.0
4923,314,11,2,2024-06-17 18:56:31,Mobile Payment,0.0
4924,269,9,2,2025-06-08 14:50:48,Cash,0.0
4925,,4,1,2025-04-21 10:58:34,Bank Transfer,0.0
4926,,29,4,2024-10-24 14:04:03,Bank Transfer,266500.0
4927,885,26,4,2024-10-08 19:00:06,Cash,36500.0
4928,,16,2,2024-07-02 16:59:08,Mobile Payment,133900.0
4929,639,27,4,2025-03-17 10:16:09,Cash,0.0
4930,853,15,2,2025-08-24 13:17:24,Cash,20200.0
4931,501,35,5,2024-07-26 17:39:09,Card,0.0
4932,838,16,2,2024-10-07 19:09:40,Cash,117300.0
4933,699,6,1,2025-06-02 09:56:32,Bank Transfer,0.0
4934,276,23,3,2024-07-14 14:42:54,Cash,0.0
4935,992,38,5,2024-08-11 16:54:27,Cash,0.0
4936,673,3,1,2024-06-15 18:20:47,Cash,0.0
4937,901,3,1,2025-02-13 13:39:53,Cash,0.0
4938,,39,5,2025-05-09 12:54:36,Cash,226700.0
4939,178,1,1,2024-03-15 09:08:38,Card,0.0
4940,438,30,4,2024-01-23 16:23:01,Card,0.0
4941,986,18,3,2024-03-20 15:31:13,Bank Transfer,0.0
4942,463,2,1,2025-04-10 16:24:58,Card,0.0
4943,599,16,2,2024-07-14 18:21:09,Card,112300.0
4944,666,21,3,2024-05-20 13:12:33,Mobile Payment,0.0
4945,145,4,1,2025-03-03 14:49:50,Bank Transfer,567700.0
4946,71,35,5,2024-09-04 14:38:21,Card,0.0
4947,615,16,2,2025-11-25 17:38:11,Cash,0.0
4948,,35,5,2025-12-05 13:11:35,Mobile Payment,0.0
4949,867,30,4,2025-08-05 18:13:32,Bank Transfer,0.0
4950,921,10,2,2025-06-14 17:37:25,Cash,963200.0
4951,729,34,5,2024-11-14 15:15:59,Cash,0.0
4952,615,2,1,2025-06-24 15:10:17,Cash,0.0
4953,626,31,4,2025-02-18 19:21:41,Cash,240400.0
4954,885,28,4,2025-12-29 11:08:23,Card,581400.0
4955,137,21,3,2025-12-10 18:22:10,Cash,443000.0
4956,286,16,2,2025-04-25 14:56:49,Cash,0.0
4957,154,34,5,2025-12-30 13:03:49,Card,0.0
4958,564,14,2,2024-12-03 09:56:25,Mobile Payment,0.0
4959,664,4,1,2025-11-03 16:59:01,Cash,168100.0
4960,794,27,4,2025-10-08 14:29:35,Cash,102900.0
4961,1000,28,4,2025-04-24 10:59:44,Cash,0.0
4962,,32,4,2024-04-28 18:05:03,Cash,0.0
4963,,10,2,2025-11-22 18:10:28,Cash,0.0
4964,51,16,2,2025-03-17 16:15:13,Cash,0.0
4965,,18,3,2025-11-30 10:05:25,Card,39500.0
4966,,9,2,2024-05-25 16:53:33,Bank Transfer,0.0
4967,207,20,3,2024-04-14 16:56:11,Mobile Payment,0.0
4968,159,3,1,2024-09-23 17:54:19,Card,0.0
4969,955,36,5,2024-03-09 14:09:15,Mobile Payment,0.0
4970,730,4,1,2024-07-10 09:21:33,Cash,71100.0
4971,,34,5,2024-11-02 16:11:01,Mobile Payment,367700.0
4972,423,12,2,2025-06-09 09:26:24,Card,63000.0
4973,611,14,2,2025-02-12 14:03:08,Cash,0.0
4974,112,17,3,2024-10-28 13:36:39,Cash,0.0
4975,509,33,5,2024-09-26 10:42:48,Card,91700.0
4976,398,33,5,2024-01-25 10:42:08,Bank Transfer,423400.0
4977,970,18,3,2025-05-08 10:37:19,Cash,32700.0
4978,922,39,5,2024-01-12 10:42:02,Cash,0.0
4979,853,24,3,2024-12-30 15:29:55,Cash,0.0
4980,194,4,1,2024-05-27 13:25:28,Card,517400.0
4981,160,13,2,2025-12-05 16:29:29,Cash,0.0
4982,778,2,1,2024-09-19 11:15:03,Cash,0.0
4983,211,25,4,2025-11-02 12:46:19,Mobile Payment,0.0
4984,,15,2,2025-08-16 18:27:38,Card,0.0
4985,114,20,3,2025-07-04 17:15:08,Bank Transfer,0.0
4986,183,2,1,2025-07-17 10:32:04,Mobile Payment,0.0
4987,823,5,1,2024-10-19 15:40:36,Cash,0.0
4988,,10,2,2025-06-26 19:49:52,Bank Transfer,0.0
4989,679,13,2,2025-07-09 16:04:32,Cash,0.0
4990,548,37,5,2024-11-29 11:57:54,Cash,196200.0
4991,27,37,5,2024-05-09 13:13:59,Mobile Payment,0.0
4992,442,36,5,2024-03-25 17:23:37,Bank Transfer,87900.0
4993,532,32,4,2024-07-20 09:27:14,Bank Transfer,0.0
4994,187,14,2,2025-07-15 16:54:38,Cash,0.0
4995,,27,4,2024-10-12 17:38:52,Cash,0.0
4996,889,13,2,2024-06-06 09:03:38,Card,0.0
4997,501,32,4,2024-03-11 17:33:05,Card,0.0
4998,908,18,3,2025-03-07 14:19:12,Mobile Payment,232000.0
4999,846,34,5,2025-11-15 10:48:54,Card,248800.0
5000,443,33,5,2025-01-05 19:09:00,Card,0.0
5001,371,10,2,2025-04-05 16:11:03,Card,0.0
5002,207,30,4,2024-05-02 18:34:44,Mobile Payment,0.0
5003,910,40,5,2025-07-18 16:09:58,Cash,0.0
5004,693,30,4,2024-09-28 10:05:33,Cash,0.0
5005,416,26,4,2024-01-01 11:44:59,Mobile Payment,0.0
5006,,24,3,2024-08-19 09:18:22,Mobile Payment,0.0
5007,185,32,4,2025-01-19 15:20:59,Cash,69600.0
5008,,34,5,2024-11-09 13:46:10,Cash,0.0
5009,470,21,3,2024-08-02 15:44:05,Cash,181900.0
5010,348,36,5,2025-12-09 17:46:05,Mobile Payment,0.0
5011,94,3,1,2024-03-09 19:30:52,Cash,567900.0
5012,419,35,5,2025-11-08 11:54:00,Card,0.0
5013,235,18,3,2024-09-29 14:23:36,Cash,0.0
5014,625,19,3,2024-08-15 15:06:15,Cash,193100.0
5015,318,15,2,2025-06-30 14:35:58,Mobile Payment,0.0
5016,,36,5,2025-08-13 11:45:43,Mobile Payment,0.0
5017,403,37,5,2024-04-03 19:52:16,Mobile Payment,0.0
5018,,18,3,2024-05-25 17:07:08,Mobile Payment,0.0
5019,245,33,5,2024-10-26 18:58:00,Cash,0.0
5020,569,9,2,2024-06-27 14:35:52,Mobile Payment,0.0
5021,,12,2,2024-10-19 15:27:04,Cash,0.0
5022,101,40,5,2025-10-07 15:19:18,Bank Transfer,0.0
5023,201,8,1,2025-09-24 12:43:30,Cash,0.0
5024,314,14,2,2024-01-18 16:50:34,Card,0.0
5025,555,12,2,2025-11-17 17:50:08,Cash,77300.0
5026,708,15,2,2024-11-10 17:34:54,Bank Transfer,146700.0
5027,348,24,3,2025-03-02 19:02:41,Card,0.0
5028,857,1,1,2024-04-28 12:01:43,Card,408000.0
5029,875,25,4,2024-07-15 10:08:32,Mobile Payment,472400.0
5030,994,20,3,2025-07-04 15:12:54,Mobile Payment,439600.0
5031,896,37,5,2024-03-07 11:49:24,Mobile Payment,30700.0
5032,,39,5,2025-02-28 16:38:03,Card,41800.0
5033,613,26,4,2024-04-15 18:22:08,Cash,0.0
5034,575,38,5,2024-10-18 13:30:47,Card,0.0
5035,,26,4,2025-07-29 14:41:20,Card,0.0
5036,887,37,5,2025-01-01 15:18:40,Cash,26800.0
5037,802,6,1,2025-07-04 16:13:19,Cash,1575800.0
5038,695,3,1,2024-02-21 15:32:04,Bank Transfer,51300.0
5039,290,28,4,2025-07-28 17:47:31,Bank Transfer,768200.0
5040,,34,5,2024-04-11 12:50:34,Mobile Payment,961300.0
5041,591,11,2,2025-11-11 15:56:56,Card,79000.0
5042,67,4,1,2025-11-15 12:17:02,Cash,16900.0
5043,875,24,3,2024-11-24 14:43:15,Cash,224600.0
5044,821,39,5,2025-03-12 13:11:36,Mobile Payment,646900.0
5045,168,39,5,2025-05-09 16:23:14,Mobile Payment,0.0
5046,723,33,5,2024-06-02 13:31:55,Mobile Payment,0.0
5047,985,22,3,2024-11-19 09:57:05,Card,339400.0
5048,,30,4,2024-10-16 12:05:28,Card,0.0
5049,871,40,5,2025-08-11 18:46:48,Card,0.0
5050,,9,2,2024-01-20 14:17:14,Mobile Payment,450100.0
5051,819,31,4,2025-12-31 15:01:49,Card,0.0
5052,157,31,4,2024-07-25 17:00:00,Cash,0.0
5053,222,20,3,2024-04-22 12:43:43,Card,382700.0
5054,422,15,2,2024-05-07 10:13:37,Cash,0.0
5055,97,14,2,2025-01-03 17:03:50,Mobile Payment,0.0
5056,,16,2,2024-08-18 15:01:23,Cash,0.0
5057,666,14,2,2025-05-28 09:03:01,Card,0.0
5058,511,28,4,2024-07-21 10:59:25,Bank Transfer,710100.0
5059,815,21,3,2024-05-05 17:39:10,Cash,0.0
5060,808,6,1,2024-04-05 14:56:40,Mobile Payment,0.0
5061,35,2,1,2025-09-29 15:40:38,Cash,0.0
5062,,30,4,2024-05-28 16:43:06,Bank Transfer,505200.0
5063,137,1,1,2024-02-04 18:02:25,Mobile Payment,0.0
5064,560,7,1,2024-08-25 12:07:17,Card,105100.0
5065,,6,1,2025-07-29 14:13:57,Bank Transfer,0.0
5066,119,27,4,2024-04-17 18:00:12,Bank Transfer,0.0
5067,610,16,2,2025-10-03 15:13:17,Cash,0.0
5068,704,14,2,2024-05-08 19:52:10,Cash,0.0
5069,832,7,1,2024-11-22 13:22:45,Card,0.0
5070,295,13,2,2025-08-25 12:11:30,Card,0.0
5071,819,25,4,2025-03-04 18:02:56,Cash,39200.0
5072,765,9,2,2025-06-16 11:03:58,Bank Transfer,0.0
5073,49,36,5,2025-02-22 17:23:31,Bank Transfer,300900.0
5074,500,34,5,2025-10-30 17:27:59,Cash,0.0
5075,61,8,1,2025-05-24 11:03:29,Mobile Payment,0.0
5076,557,6,1,2024-08-18 16:29:19,Bank Transfer,0.0
5077,48,16,2,2025-07-17 13:38:53,Cash,0.0
5078,530,33,5,2025-11-29 14:22:01,Card,0.0
5079,894,2,1,2025-06-29 10:18:39,Mobile Payment,0.0
5080,761,6,1,2025-09-19 16:14:00,Card,0.0
5081,24,9,2,2025-01-15 16:21:56,Cash,166000.0
5082,133,11,2,2024-07-20 17:57:07,Cash,0.0
5083,244,11,2,2025-06-19 13:00:27,Cash,0.0
5084,698,37,5,2024-04-19 18:29:12,Cash,14300.0
5085,970,6,1,2024-05-05 11:06:44,Card,0.0
5086,,32,4,2024-09-26 09:54:39,Cash,1129500.0
5087,442,23,3,2025-10-23 10:40:06,Cash,0.0
5088,678,22,3,2025-04-12 13:30:15,Mobile Payment,124000.0
5089,329,13,2,2024-09-30 16:29:36,Cash,359500.0
5090,405,22,3,2024-07-23 16:53:03,Mobile Payment,0.0
5091,42,16,2,2025-10-11 18:56:47,Card,223100.0
5092,,29,4,2025-12-01 10:16:54,Cash,0.0
5093,83,6,1,2025-09-06 14:48:39,Mobile Payment,0.0
5094,765,29,4,2024-09-15 16:34:20,Card,0.0
5095,984,8,1,2024-09-24 17:49:22,Cash,556500.0
5096,768,39,5,2025-12-16 16:14:00,Mobile Payment,11400.0
5097,,18,3,2024-09-04 13:42:02,Cash,0.0
5098,,18,3,2025-06-16 18:59:21,Mobile Payment,0.0
5099,747,39,5,2024-11-17 10:28:36,Bank Transfer,136300.0
5100,76,28,4,2025-10-14 16:29:40,Cash,0.0
5101,948,7,1,2024-01-05 17:50:57,Mobile Payment,0.0
5102,686,11,2,2024-12-07 17:31:58,Mobile Payment,0.0
5103,141,21,3,2025-02-26 13:06:47,Bank Transfer,318400.0
5104,463,29,4,2024-03-31 12:37:37,Bank Transfer,0.0
5105,122,13,2,2025-05-10 15:58:09,Cash,0.0
5106,649,11,2,2024-10-11 10:58:24,Cash,0.0
5107,615,7,1,2024-06-17 10:29:43,Cash,680000.0
5108,521,31,4,2025-05-25 16:46:49,Card,0.0
5109,431,13,2,2025-07-28 14:07:23,Card,0.0
5110,245,11,2,2025-08-20 18:01:12,Card,398700.0
5111,827,38,5,2025-11-15 11:28:30,Mobile Payment,0.0
5112,427,11,2,2025-12-20 17:11:14,Card,249300.0
5113,210,32,4,2025-02-26 16:18:27,Mobile Payment,0.0
5114,63,40,5,2025-07-10 18:23:51,Cash,0.0
5115,741,35,5,2025-08-05 15:35:39,Bank Transfer,0.0
5116,788,35,5,2024-04-28 14:25:52,Card,0.0
5117,,2,1,2025-11-05 12:25:15,Card,105100.0
5118,739,37,5,2024-05-07 16:01:46,Cash,0.0
5119,423,5,1,2025-02-08 18:20:53,Mobile Payment,0.0
5120,803,6,1,2025-01-02 16:00:50,Cash,236400.0
5121,81,29,4,2025-11-15 12:59:33,Mobile Payment,0.0
5122,120,37,5,2024-09-25 14:14:09,Mobile Payment,0.0
5123,413,23,3,2024-07-11 10:42:13,Cash,960000.0
5124,945,11,2,2025-04-23 11:28:44,Cash,0.0
5125,,39,5,2025-11-29 14:22:09,Cash,84800.0
5126,556,1,1,2025-11-17 09:06:50,Mobile Payment,0.0
5127,523,28,4,2025-02-06 09:10:00,Cash,0.0
5128,929,17,3,2025-09-08 19:38:37,Card,355000.0
5129,20,26,4,2025-11-06 14:33:06,Card,0.0
5130,711,30,4,2025-11-04 15:38:02,Cash,0.0
5131,658,40,5,2024-08-04 13:00:20,Mobile Payment,0.0
5132,,37,5,2025-02-16 12:18:12,Cash,0.0
5133,219,35,5,2024-12-05 10:49:26,Card,0.0
5134,732,3,1,2025-06-02 12:45:16,Mobile Payment,0.0
5135,551,36,5,2025-12-11 16:54:01,Bank Transfer,0.0
5136,248,38,5,2024-03-07 18:55:25,Card,0.0
5137,714,40,5,2025-04-24 15:34:38,Mobile Payment,329700.0
5138,962,1,1,2024-01-10 10:49:23,Bank Transfer,0.0
5139,851,36,5,2024-06-28 09:56:38,Card,186000.0
5140,112,29,4,2024-07-23 16:55:44,Mobile Payment,0.0
5141,585,36,5,2025-11-20 10:51:59,Mobile Payment,100700.0
5142,,33,5,2025-10-01 11:22:43,Bank Transfer,0.0
5143,215,33,5,2024-06-08 14:41:15,Cash,0.0
5144,693,3,1,2024-09-23 13:37:30,Bank Transfer,194800.0
5145,380,5,1,2024-10-29 12:41:52,Card,0.0
5146,461,12,2,2024-04-14 19:57:50,Mobile Payment,0.0
5147,109,20,3,2025-07-05 19:41:21,Cash,0.0
5148,,13,2,2024-10-15 09:54:04,Mobile Payment,0.0
5149,622,4,1,2025-05-03 11:06:31,Mobile Payment,0.0
5150,311,15,2,2024-02-23 16:16:34,Card,0.0
5151,854,11,2,2024-11-12 16:47:11,Bank Transfer,0.0
5152,403,19,3,2025-01-18 17:36:14,Cash,225200.0
5153,,4,1,2025-08-03 14:54:59,Card,0.0
5154,491,11,2,2024-02-15 11:06:21,Cash,0.0
5155,,21,3,2024-07-29 16:17:00,Card,345700.0
5156,60,22,3,2025-10-25 14:09:55,Cash,179000.0
5157,506,39,5,2024-10-05 10:10:16,Cash,52000.0
5158,98,8,1,2024-09-29 11:27:39,Mobile Payment,0.0
5159,,4,1,2025-06-17 09:36:01,Mobile Payment,442600.0
5160,823,10,2,2024-08-18 13:28:38,Cash,89000.0
5161,854,26,4,2024-10-08 17:55:40,Bank Transfer,66900.0
5162,32,14,2,2024-12-31 17:12:55,Card,331000.0
5163,602,3,1,2025-09-27 09:13:06,Card,0.0
5164,115,13,2,2024-12-01 14:21:12,Bank Transfer,150500.0
5165,531,32,4,2024-06-13 16:20:53,Card,163500.0
5166,533,22,3,2025-09-15 18:36:56,Cash,0.0
5167,771,24,3,2025-03-03 09:21:32,Cash,211200.0
5168,888,5,1,2025-08-09 14:41:50,Bank Transfer,0.0
5169,833,28,4,2024-04-05 17:33:31,Mobile Payment,0.0
5170,798,6,1,2025-06-02 15:57:03,Cash,596400.0
5171,113,37,5,2025-08-05 09:49:08,Bank Transfer,0.0
5172,364,35,5,2025-08-24 12:43:25,Card,142200.0
5173,617,3,1,2025-07-02 16:59:11,Card,0.0
5174,599,27,4,2024-03-01 11:44:42,Mobile Payment,289100.0
5175,76,7,1,2025-07-25 14:35:42,Mobile Payment,0.0
5176,360,12,2,2024-04-14 18:29:15,Cash,308200.0
5177,276,18,3,2025-08-04 18:21:11,Cash,468000.0
5178,441,30,4,2024-04-19 14:55:32,Mobile Payment,0.0
5179,569,4,1,2024-10-27 17:09:03,Cash,0.0
5180,143,28,4,2024-11-27 12:41:38,Card,0.0
5181,,14,2,2025-04-30 13:12:13,Cash,118600.0
5182,686,25,4,2025-05-15 13:45:12,Card,0.0
5183,731,6,1,2025-08-04 18:39:35,Card,253200.0
5184,59,15,2,2025-05-31 17:47:47,Cash,0.0
5185,269,10,2,2024-04-26 18:49:28,Bank Transfer,0.0
5186,657,31,4,2024-08-07 17:21:34,Card,21300.0
5187,364,17,3,2025-10-20 14:13:12,Card,0.0
5188,,25,4,2024-11-09 11:11:51,Cash,0.0
5189,844,13,2,2024-02-01 11:16:41,Card,158400.0
5190,99,31,4,2025-05-20 19:07:16,Mobile Payment,497100.0
5191,294,5,1,2025-11-20 11:23:40,Cash,512300.0
5192,833,9,2,2025-09-14 16:53:21,Bank Transfer,0.0
5193,181,14,2,2025-07-05 14:51:53,Bank Transfer,62400.0
5194,712,38,5,2025-01-15 09:40:19,Cash,86900.0
5195,966,35,5,2024-03-14 16:30:59,Card,0.0
5196,821,1,1,2025-01-26 10:40:29,Bank Transfer,0.0
5197,741,25,4,2024-08-12 09:12:24,Card,0.0
5198,981,11,2,2025-05-19 13:49:37,Cash,0.0
5199,13,2,1,2024-01-26 13:59:43,Card,0.0
5200,673,28,4,2025-04-05 19:32:25,Mobile Payment,0.0
5201,,34,5,2024-09-17 12:00:49,Bank Transfer,0.0
5202,,37,5,2025-03-27 14:36:21,Cash,0.0
5203,927,7,1,2024-01-29 09:21:13,Mobile Payment,0.0
5204,666,14,2,2025-04-21 16:15:37,Mobile Payment,0.0
5205,603,36,5,2024-10-26 14:30:54,Cash,70800.0
5206,704,24,3,2025-11-17 12:35:28,Cash,0.0
5207,725,6,1,2024-02-10 13:46:57,Card,13600.0
5208,533,17,3,2024-04-20 12:52:46,Cash,0.0
5209,461,4,1,2025-03-25 14:11:15,Mobile Payment,0.0
5210,119,20,3,2025-11-19 15:23:44,Mobile Payment,227000.0
5211,767,30,4,2024-03-20 13:41:08,Mobile Payment,147600.0
5212,112,13,2,2024-08-14 15:24:04,Cash,38700.0
5213,716,40,5,2024-12-25 19:49:51,Mobile Payment,0.0
5214,606,38,5,2025-07-26 18:14:46,Cash,0.0
5215,320,25,4,2025-07-27 16:19:21,Card,56400.0
5216,,12,2,2025-07-25 15:58:40,Cash,0.0
5217,89,8,1,2025-07-20 19:11:44,Mobile Payment,84600.0
5218,320,12,2,2024-02-18 17:15:14,Cash,10900.0
5219,125,2,1,2025-05-10 13:51:10,Cash,223900.0
5220,848,32,4,2024-02-11 16:27:10,Cash,704500.0
5221,831,26,4,2024-01-19 09:09:28,Card,0.0
5222,,2,1,2025-03-20 13:39:03,Mobile Payment,134600.0
5223,653,31,4,2024-08-08 09:28:10,Cash,0.0
5224,553,34,5,2024-07-22 10:50:14,Mobile Payment,0.0
5225,964,11,2,2024-06-17 11:20:17,Mobile Payment,0.0
5226,525,12,2,2024-01-04 11:51:18,Mobile Payment,0.0
5227,889,24,3,2024-04-19 15:31:23,Bank Transfer,428500.0
5228,,33,5,2025-07-17 10:20:20,Cash,0.0
5229,,27,4,2025-03-13 13:43:41,Cash,350100.0
5230,673,23,3,2024-02-16 14:08:24,Card,0.0
5231,657,10,2,2024-11-07 17:05:09,Mobile Payment,680800.0
5232,787,6,1,2025-04-08 11:51:01,Bank Transfer,0.0
5233,476,20,3,2025-01-21 11:22:26,Cash,0.0
5234,,20,3,2025-11-09 18:37:27,Card,0.0
5235,593,3,1,2025-09-23 16:42:53,Bank Transfer,0.0
5236,754,40,5,2024-12-28 13:09:41,Cash,0.0
5237,,37,5,2025-11-11 12:02:20,Cash,0.0
5238,548,1,1,2025-07-27 15:46:20,Card,0.0
5239,659,11,2,2024-03-18 14:45:53,Mobile Payment,127100.0
5240,530,28,4,2025-09-25 12:56:28,Cash,194500.0
5241,616,40,5,2024-09-19 18:37:14,Mobile Payment,66400.0
5242,435,30,4,2024-02-27 13:57:14,Card,0.0
5243,767,7,1,2024-06-04 12:03:11,Mobile Payment,0.0
5244,471,30,4,2024-06-18 11:26:59,Cash,0.0
5245,880,36,5,2024-02-08 10:06:31,Mobile Payment,0.0
5246,324,21,3,2025-09-30 19:04:08,Bank Transfer,244200.0
5247,,10,2,2024-09-30 12:29:29,Cash,0.0
5248,,28,4,2024-11-22 17:21:08,Mobile Payment,0.0
5249,614,30,4,2024-07-15 12:13:51,Cash,16500.0
5250,759,37,5,2024-12-16 11:48:37,Mobile Payment,0.0
5251,12,25,4,2025-04-30 11:49:58,Card,0.0
5252,849,30,4,2024-03-02 16:35:14,Card,389900.0
5253,347,19,3,2024-05-22 17:36:29,Bank Transfer,0.0
5254,816,27,4,2025-09-27 18:47:28,Mobile Payment,0.0
5255,404,11,2,2025-04-22 16:21:17,Cash,128400.0
5256,7,24,3,2025-08-02 11:34:46,Card,0.0
5257,871,14,2,2025-03-24 19:34:47,Cash,0.0
5258,,9,2,2025-06-25 09:03:58,Cash,66800.0
5259,228,25,4,2024-01-10 18:05:03,Card,0.0
5260,215,21,3,2025-04-07 13:24:49,Card,0.0
5261,435,39,5,2024-08-20 13:21:45,Mobile Payment,0.0
5262,917,8,1,2024-04-25 11:37:59,Mobile Payment,0.0
5263,,6,1,2025-05-28 17:30:14,Cash,225600.0
5264,995,14,2,2024-07-20 11:09:02,Cash,0.0
5265,,2,1,2024-05-13 17:17:48,Cash,0.0
5266,865,38,5,2024-06-16 15:35:53,Mobile Payment,0.0
5267,631,39,5,2025-09-15 17:35:02,Mobile Payment,610600.0
5268,,24,3,2025-10-04 17:58:54,Mobile Payment,0.0
5269,236,9,2,2024-05-16 13:17:26,Card,115100.0
5270,968,33,5,2024-10-23 11:42:40,Mobile Payment,0.0
5271,136,33,5,2025-05-06 16:08:09,Mobile Payment,0.0
5272,579,37,5,2024-11-24 18:14:01,Bank Transfer,306600.0
5273,23,14,2,2025-08-01 17:30:26,Mobile Payment,0.0
5274,978,7,1,2024-10-28 13:42:08,Card,0.0
5275,800,6,1,2024-04-23 16:31:21,Mobile Payment,0.0
5276,747,40,5,2025-01-22 15:10:25,Cash,0.0
5277,778,2,1,2025-10-06 19:13:49,Cash,674900.0
5278,836,12,2,2024-04-11 15:19:36,Card,0.0
5279,737,25,4,2024-04-25 09:39:39,Cash,0.0
5280,,28,4,2024-01-12 12:52:57,Cash,1017200.0
5281,410,29,4,2024-08-30 11:25:53,Cash,0.0
5282,64,14,2,2024-04-17 14:15:34,Mobile Payment,0.0
5283,765,25,4,2025-12-07 15:26:23,Mobile Payment,9700.0
5284,105,16,2,2025-05-06 13:03:49,Bank Transfer,103900.0
5285,68,9,2,2025-10-14 09:24:56,Mobile Payment,0.0
5286,277,28,4,2024-11-10 14:29:44,Bank Transfer,0.0
5287,,20,3,2024-12-12 10:39:38,Card,0.0
5288,340,16,2,2025-05-18 11:18:20,Cash,0.0
5289,7,7,1,2024-02-15 13:32:38,Bank Transfer,0.0
5290,88,37,5,2024-11-20 15:05:33,Bank Transfer,0.0
5291,680,22,3,2025-12-15 09:41:13,Mobile Payment,0.0
5292,276,25,4,2024-04-08 18:59:26,Cash,0.0
5293,865,20,3,2024-10-04 09:17:56,Cash,0.0
5294,894,30,4,2025-02-24 10:07:13,Cash,0.0
5295,557,14,2,2025-08-28 16:48:23,Bank Transfer,52400.0
5296,173,30,4,2024-04-25 13:44:38,Cash,0.0
5297,139,31,4,2024-05-27 09:26:24,Cash,92400.0
5298,,36,5,2024-09-27 16:29:14,Cash,0.0
5299,471,25,4,2025-02-02 10:11:53,Cash,0.0
5300,915,17,3,2025-09-08 17:01:07,Bank Transfer,298000.0
5301,367,5,1,2024-11-29 16:51:34,Card,507900.0
5302,300,18,3,2024-11-19 17:11:47,Mobile Payment,0.0
5303,167,32,4,2025-10-05 13:16:49,Card,0.0
5304,,18,3,2024-06-17 09:23:16,Card,123100.0
5305,648,10,2,2024-10-17 19:27:02,Card,0.0
5306,478,24,3,2025-02-23 14:00:21,Card,0.0
5307,408,15,2,2024-07-01 19:31:47,Bank Transfer,0.0
5308,,11,2,2024-05-29 17:12:27,Card,0.0
5309,558,13,2,2024-01-06 12:26:11,Cash,0.0
5310,39,22,3,2024-06-05 09:33:08,Card,46200.0
5311,10,13,2,2024-01-15 12:27:03,Card,0.0
5312,877,37,5,2025-08-20 17:30:22,Mobile Payment,0.0
5313,333,15,2,2024-08-19 14:23:11,Cash,0.0
5314,,39,5,2025-10-30 09:06:03,Bank Transfer,0.0
5315,,4,1,2025-08-31 15:44:47,Cash,64800.0
5316,196,9,2,2025-01-28 11:07:16,Cash,238500.0
5317,,2,1,2024-11-24 11:09:12,Card,0.0
5318,992,30,4,2025-11-24 14:51:36,Mobile Payment,294300.0
5319,398,24,3,2024-12-31 18:20:30,Mobile Payment,0.0
5320,273,30,4,2024-06-19 17:35:43,Card,50200.0
5321,140,13,2,2025-11-16 12:05:27,Cash,0.0
5322,193,26,4,2025-11-12 09:33:26,Card,0.0
5323,859,19,3,2024-11-30 09:54:23,Cash,62000.0
5324,923,39,5,2024-06-18 10:58:38,Cash,0.0
5325,289,40,5,2024-12-23 19:15:33,Cash,0.0
5326,517,4,1,2024-04-14 16:24:48,Bank Transfer,0.0
5327,333,25,4,2025-07-23 16:10:58,Cash,86900.0
5328,273,21,3,2024-02-04 14:27:02,Mobile Payment,258700.0
5329,,33,5,2024-12-24 19:15:32,Bank Transfer,239500.0
5330,922,4,1,2024-01-27 16:00:44,Card,0.0
5331,360,16,2,2025-10-18 15:48:15,Bank Transfer,0.0
5332,82,30,4,2024-10-26 16:28:16,Cash,0.0
5333,393,33,5,2024-03-27 15:49:52,Cash,37100.0
5334,864,9,2,2024-01-13 18:48:23,Bank Transfer,0.0
5335,473,38,5,2025-12-30 13:00:07,Cash,1243900.0
5336,212,6,1,2025-06-16 10:12:20,Mobile Payment,0.0
5337,522,40,5,2024-12-25 14:39:50,Mobile Payment,0.0
5338,900,40,5,2025-10-18 12:55:24,Cash,31500.0
5339,125,37,5,2025-07-26 18:07:05,Card,100100.0
5340,253,8,1,2024-02-17 16:06:40,Bank Transfer,412200.0
5341,145,4,1,2025-06-06 15:11:35,Mobile Payment,0.0
5342,713,15,2,2025-11-11 19:38:13,Cash,0.0
5343,773,14,2,2025-08-24 10:26:14,Mobile Payment,0.0
5344,,34,5,2024-03-13 18:34:14,Mobile Payment,99400.0
5345,423,20,3,2025-06-06 09:31:57,Cash,0.0
5346,168,22,3,2025-07-24 15:53:19,Card,78000.0
5347,871,13,2,2024-04-20 18:06:41,Card,0.0
5348,5,10,2,2024-11-02 17:49:53,Card,0.0
5349,893,12,2,2024-05-25 18:53:26,Bank Transfer,0.0
5350,545,1,1,2025-07-11 19:06:47,Cash,36800.0
5351,96,5,1,2025-02-16 15:27:10,Card,0.0
5352,,31,4,2024-12-17 09:15:27,Card,564800.0
5353,,37,5,2024-09-27 15:20:50,Bank Transfer,74900.0
5354,817,7,1,2024-08-12 11:22:46,Cash,46500.0
5355,808,30,4,2025-06-17 10:44:34,Mobile Payment,0.0
5356,,2,1,2025-02-24 12:17:31,Cash,0.0
5357,628,37,5,2024-05-15 18:43:43,Mobile Payment,0.0
5358,782,33,5,2025-11-13 14:26:30,Mobile Payment,0.0
5359,231,13,2,2025-11-08 09:07:27,Mobile Payment,0.0
5360,701,29,4,2024-09-25 19:34:37,Mobile Payment,4600.0
5361,173,13,2,2024-03-05 16:55:46,Mobile Payment,0.0
5362,70,5,1,2025-03-18 13:46:01,Cash,0.0
5363,107,15,2,2024-05-22 10:55:24,Cash,0.0
5364,785,14,2,2024-12-01 19:06:14,Cash,0.0
5365,663,22,3,2024-05-23 18:47:54,Bank Transfer,0.0
5366,,5,1,2025-09-18 11:28:36,Cash,547100.0
5367,684,29,4,2024-07-31 09:16:17,Mobile Payment,0.0
5368,96,32,4,2025-11-06 09:01:48,Cash,120000.0
5369,237,35,5,2025-10-19 14:44:56,Cash,71700.0
5370,909,15,2,2024-12-05 18:46:21,Bank Transfer,675600.0
5371,333,14,2,2024-02-18 17:49:57,Mobile Payment,0.0
5372,188,14,2,2024-12-18 17:29:37,Mobile Payment,0.0
5373,783,16,2,2024-11-06 15:34:42,Mobile Payment,155000.0
5374,537,4,1,2024-11-08 09:15:44,Cash,0.0
5375,566,29,4,2025-09-02 09:03:48,Card,0.0
5376,141,5,1,2024-02-19 13:31:38,Mobile Payment,0.0
5377,317,22,3,2025-07-06 11:22:41,Cash,19100.0
5378,976,20,3,2024-01-17 12:39:40,Cash,0.0
5379,754,21,3,2024-08-04 12:27:25,Mobile Payment,0.0
5380,507,7,1,2024-06-23 14:43:27,Card,0.0
5381,,33,5,2025-06-05 19:27:04,Bank Transfer,0.0
5382,309,23,3,2025-12-26 10:20:37,Cash,0.0
5383,837,39,5,2025-10-06 16:15:33,Mobile Payment,0.0
5384,902,36,5,2024-08-03 10:53:08,Mobile Payment,0.0
5385,225,6,1,2024-03-26 15:50:26,Mobile Payment,0.0
5386,411,29,4,2025-12-02 17:19:52,Mobile Payment,0.0
5387,,23,3,2024-01-15 12:16:04,Cash,0.0
5388,725,3,1,2025-05-28 09:43:38,Cash,0.0
5389,,37,5,2025-02-25 16:18:33,Cash,94900.0
5390,449,6,1,2025-10-18 16:17:49,Mobile Payment,68600.0
5391,298,20,3,2024-01-04 16:46:50,Card,0.0
5392,418,5,1,2025-07-25 17:37:28,Mobile Payment,260700.0
5393,796,16,2,2024-12-09 15:57:37,Cash,0.0
5394,735,14,2,2024-05-16 17:28:24,Mobile Payment,0.0
5395,716,37,5,2024-05-07 16:06:54,Bank Transfer,0.0
5396,,33,5,2025-04-22 15:45:23,Mobile Payment,225800.0
5397,727,25,4,2025-03-20 16:56:33,Mobile Payment,0.0
5398,,35,5,2025-11-03 16:43:00,Cash,470200.0
5399,790,13,2,2025-06-28 15:17:16,Card,130500.0
5400,,29,4,2024-09-08 13:03:09,Card,0.0
5401,622,36,5,2024-06-22 12:19:55,Cash,291900.0
5402,966,33,5,2025-04-21 10:15:35,Cash,0.0
5403,320,21,3,2024-08-12 17:32:57,Bank Transfer,0.0
5404,939,18,3,2024-05-25 12:47:40,Mobile Payment,0.0
5405,,7,1,2024-01-01 19:31:33,Card,0.0
5406,220,18,3,2025-11-14 16:28:27,Bank Transfer,290400.0
5407,110,11,2,2025-05-08 12:05:23,Mobile Payment,0.0
5408,60,3,1,2025-11-19 13:17:46,Mobile Payment,0.0
5409,,17,3,2025-10-28 14:43:00,Bank Transfer,517500.0
5410,463,3,1,2024-07-05 14:28:16,Bank Transfer,0.0
5411,33,21,3,2025-02-08 17:02:10,Card,0.0
5412,369,25,4,2024-04-20 17:55:34,Card,0.0
5413,,5,1,2025-08-07 13:18:06,Cash,0.0
5414,364,25,4,2025-09-05 15:45:19,Cash,176200.0
5415,766,13,2,2025-06-24 13:08:37,Card,0.0
5416,142,33,5,2025-11-25 10:14:52,Card,47100.0
5417,428,36,5,2025-04-19 16:53:52,Mobile Payment,0.0
5418,1,22,3,2025-02-20 17:11:05,Card,74100.0
5419,162,20,3,2025-11-24 14:53:36,Cash,0.0
5420,849,20,3,2025-07-07 12:28:31,Card,24500.0
5421,666,3,1,2025-07-26 17:23:23,Mobile Payment,0.0
5422,788,33,5,2024-09-17 19:32:57,Cash,0.0
5423,423,16,2,2025-07-01 13:04:50,Cash,91500.0
5424,290,24,3,2024-07-08 13:55:16,Card,0.0
5425,740,5,1,2025-11-20 16:38:16,Mobile Payment,0.0
5426,197,38,5,2024-07-19 11:27:56,Cash,0.0
5427,773,21,3,2024-09-19 11:41:40,Card,0.0
5428,266,3,1,2025-09-10 19:39:49,Cash,0.0
5429,616,24,3,2025-01-09 19:09:07,Mobile Payment,0.0
5430,98,31,4,2024-01-17 15:44:39,Bank Transfer,0.0
5431,,19,3,2025-10-02 12:35:17,Bank Transfer,0.0
5432,86,31,4,2025-06-17 10:14:01,Mobile Payment,859300.0
5433,958,35,5,2024-07-13 15:07:07,Card,117500.0
5434,228,13,2,2024-04-06 10:30:50,Mobile Payment,0.0
5435,365,15,2,2025-07-16 16:04:30,Mobile Payment,67200.0
5436,608,26,4,2025-11-24 14:21:58,Bank Transfer,0.0
5437,159,23,3,2024-12-31 14:05:46,Card,0.0
5438,693,32,4,2024-12-30 17:22:33,Mobile Payment,80500.0
5439,291,2,1,2024-04-24 15:32:57,Mobile Payment,0.0
5440,30,20,3,2024-11-03 13:08:27,Cash,55100.0
5441,292,37,5,2025-04-11 18:23:12,Cash,0.0
5442,854,15,2,2025-08-12 11:13:58,Cash,0.0
5443,884,36,5,2024-02-01 14:14:30,Bank Transfer,0.0
5444,337,31,4,2024-11-16 18:49:12,Card,67800.0
5445,352,25,4,2024-04-30 10:36:08,Mobile Payment,95100.0
5446,183,14,2,2025-11-27 09:04:53,Cash,0.0
5447,196,10,2,2024-01-13 14:50:12,Mobile Payment,0.0
5448,98,12,2,2025-04-13 19:56:31,Cash,13300.0
5449,367,10,2,2025-02-18 15:16:43,Mobile Payment,53600.0
5450,761,30,4,2024-06-24 14:31:23,Cash,822900.0
5451,287,10,2,2025-07-26 11:48:25,Bank Transfer,0.0
5452,324,7,1,2024-10-20 11:39:57,Cash,184500.0
5453,522,24,3,2025-05-14 19:56:51,Bank Transfer,0.0
5454,550,4,1,2025-01-10 13:44:10,Mobile Payment,650400.0
5455,230,7,1,2025-03-16 18:18:06,Cash,111600.0
5456,476,9,2,2024-12-30 18:25:07,Cash,0.0
5457,,5,1,2025-11-16 09:01:35,Mobile Payment,0.0
5458,280,33,5,2024-01-12 15:20:22,Cash,0.0
5459,107,19,3,2025-11-10 11:41:46,Cash,44100.0
5460,22,37,5,2024-09-17 14:10:18,Bank Transfer,0.0
5461,,22,3,2025-10-30 14:38:51,Bank Transfer,0.0
5462,,4,1,2024-07-19 15:24:21,Cash,272400.0
5463,613,10,2,2024-07-29 11:10:23,Mobile Payment,0.0
5464,197,15,2,2024-10-08 12:29:16,Bank Transfer,0.0
5465,298,18,3,2024-05-25 13:28:00,Cash,229100.0
5466,37,19,3,2024-04-04 13:05:54,Bank Transfer,0.0
5467,823,29,4,2024-06-26 09:19:54,Card,101800.0
5468,,36,5,2025-08-23 16:55:03,Cash,122500.0
5469,,26,4,2024-03-28 19:22:57,Mobile Payment,0.0
5470,525,29,4,2025-04-10 12:18:02,Cash,0.0
5471,9,2,1,2024-03-11 17:18:25,Cash,0.0
5472,970,15,2,2024-04-02 14:27:53,Cash,0.0
5473,485,28,4,2025-07-10 17:14:18,Bank Transfer,0.0
5474,962,19,3,2025-07-29 13:14:07,Card,167300.0
5475,23,13,2,2025-04-06 11:40:53,Cash,228700.0
5476,517,10,2,2025-10-27 10:13:11,Cash,0.0
5477,431,40,5,2024-02-22 18:39:42,Cash,0.0
5478,298,22,3,2024-11-16 13:10:44,Cash,0.0
5479,562,2,1,2025-10-14 17:51:14,Cash,0.0
5480,,40,5,2025-02-16 09:21:38,Cash,106700.0
5481,785,28,4,2024-12-21 17:42:22,Cash,341300.0
5482,918,33,5,2024-04-28 16:34:08,Bank Transfer,0.0
5483,,38,5,2024-03-25 14:22:40,Cash,0.0
5484,490,10,2,2024-09-13 09:16:07,Cash,0.0
5485,82,35,5,2024-02-27 09:55:21,Bank Transfer,850300.0
5486,515,26,4,2025-12-28 13:04:50,Cash,363900.0
5487,969,37,5,2024-07-28 14:39:29,Mobile Payment,0.0
5488,497,39,5,2024-01-04 16:51:31,Mobile Payment,0.0
5489,719,38,5,2024-09-06 11:59:23,Bank Transfer,0.0
5490,754,31,4,2025-02-01 17:08:47,Mobile Payment,643100.0
5491,431,3,1,2024-02-28 13:00:30,Cash,0.0
5492,48,10,2,2024-06-03 09:53:53,Bank Transfer,128600.0
5493,292,33,5,2024-11-09 14:05:15,Cash,85500.0
5494,155,7,1,2024-09-04 16:03:56,Cash,82700.0
5495,,35,5,2024-09-22 17:34:15,Cash,0.0
5496,827,5,1,2024-01-20 10:56:52,Bank Transfer,503800.0
5497,,18,3,2024-08-08 18:27:03,Cash,0.0
5498,961,13,2,2025-04-16 11:56:29,Cash,0.0
5499,583,37,5,2025-06-24 13:05:35,Card,729100.0
5500,928,40,5,2025-03-24 12:22:13,Mobile Payment,0.0
5501,,16,2,2025-04-23 14:47:36,Cash,0.0
5502,,18,3,2025-12-30 15:30:48,Cash,0.0
5503,706,37,5,2025-02-14 16:44:52,Mobile Payment,147800.0
5504,990,33,5,2025-04-23 10:38:48,Cash,18700.0
5505,384,38,5,2025-11-09 15:24:32,Cash,0.0
5506,4,38,5,2024-08-17 10:18:44,Mobile Payment,0.0
5507,341,18,3,2025-03-31 10:14:54,Cash,0.0
5508,209,22,3,2025-09-08 14:44:26,Mobile Payment,0.0
5509,927,19,3,2025-01-17 15:02:12,Card,0.0
5510,24,39,5,2024-01-23 15:04:43,Cash,0.0
5511,422,3,1,2024-03-01 17:52:44,Cash,0.0
5512,969,30,4,2024-10-29 12:59:02,Cash,0.0
5513,528,29,4,2025-04-15 11:58:13,Mobile Payment,0.0
5514,844,16,2,2025-09-16 19:43:16,Cash,0.0
5515,387,34,5,2024-09-18 19:26:22,Mobile Payment,398200.0
5516,795,3,1,2025-08-15 17:37:40,Cash,0.0
5517,46,10,2,2025-11-13 11:56:36,Cash,0.0
5518,474,25,4,2024-05-28 15:50:30,Cash,0.0
5519,360,39,5,2024-09-16 17:38:55,Cash,0.0
5520,,39,5,2025-04-06 17:00:43,Mobile Payment,0.0
5521,,1,1,2025-12-29 17:41:46,Mobile Payment,38200.0
5522,128,27,4,2025-02-22 18:42:20,Card,134100.0
5523,257,33,5,2025-08-14 13:05:21,Cash,0.0
5524,953,33,5,2025-02-20 11:42:10,Cash,0.0
5525,828,5,1,2024-02-05 11:53:02,Bank Transfer,0.0
5526,311,10,2,2025-04-19 10:01:18,Bank Transfer,0.0
5527,558,27,4,2024-07-24 10:30:45,Cash,199700.0
5528,542,19,3,2025-02-12 13:53:12,Bank Transfer,0.0
5529,22,6,1,2024-12-07 10:16:24,Bank Transfer,240200.0
5530,204,36,5,2024-05-31 16:25:27,Bank Transfer,61200.0
5531,689,2,1,2025-12-08 13:45:12,Cash,0.0
5532,,31,4,2024-10-12 19:22:02,Card,0.0
5533,745,27,4,2024-09-03 14:10:58,Card,0.0
5534,583,5,1,2024-05-26 18:04:33,Card,0.0
5535,304,6,1,2025-09-12 19:29:41,Mobile Payment,311100.0
5536,985,37,5,2024-12-31 16:08:37,Card,0.0
5537,,30,4,2024-05-18 17:59:20,Mobile Payment,0.0
5538,921,20,3,2024-11-24 17:18:38,Cash,303300.0
5539,642,15,2,2024-03-19 15:30:24,Card,0.0
5540,255,32,4,2025-12-17 17:45:25,Cash,0.0
5541,340,40,5,2024-02-20 13:40:27,Cash,176600.0
5542,,20,3,2025-10-13 13:42:02,Card,0.0
5543,455,8,1,2025-12-29 12:30:01,Bank Transfer,0.0
5544,,1,1,2024-07-02 18:57:32,Mobile Payment,0.0
5545,246,30,4,2024-03-26 15:12:22,Cash,0.0
5546,958,11,2,2024-03-13 15:05:07,Card,400300.0
5547,,26,4,2024-02-04 17:15:03,Cash,280700.0
5548,,21,3,2024-08-15 12:52:58,Mobile Payment,0.0
5549,267,35,5,2025-01-25 11:31:29,Cash,0.0
5550,744,40,5,2025-01-15 14:04:31,Bank Transfer,0.0
5551,720,32,4,2024-03-28 17:35:35,Cash,0.0
5552,392,5,1,2024-02-27 19:58:43,Cash,0.0
5553,773,25,4,2024-10-01 14:47:58,Mobile Payment,1872600.0
5554,641,9,2,2025-06-17 14:39:14,Card,53600.0
5555,94,24,3,2025-11-21 11:51:56,Cash,89200.0
5556,61,25,4,2024-07-23 13:17:19,Mobile Payment,0.0
5557,591,22,3,2024-07-12 15:20:14,Card,0.0
5558,978,33,5,2024-12-22 09:20:10,Card,13400.0
5559,67,36,5,2024-01-29 12:29:19,Bank Transfer,409600.0
5560,838,37,5,2024-02-26 12:06:14,Cash,0.0
5561,437,8,1,2025-10-04 16:56:23,Mobile Payment,0.0
5562,83,30,4,2024-09-23 15:15:24,Cash,87000.0
5563,,22,3,2024-06-03 19:31:24,Cash,14500.0
5564,111,18,3,2025-08-17 19:58:29,Mobile Payment,0.0
5565,258,8,1,2025-05-30 19:31:26,Cash,0.0
5566,279,36,5,2024-12-31 15:10:31,Card,0.0
5567,741,7,1,2024-01-03 13:22:19,Mobile Payment,267400.0
5568,467,28,4,2024-10-11 17:47:04,Card,0.0
5569,595,14,2,2025-11-21 14:51:46,Card,0.0
5570,697,28,4,2024-08-05 17:45:13,Bank Transfer,384300.0
5571,364,16,2,2025-06-05 12:35:05,Cash,0.0
5572,761,2,1,2024-09-01 16:19:11,Card,174000.0
5573,507,18,3,2024-02-21 18:20:52,Card,0.0
5574,706,3,1,2024-10-01 18:17:17,Mobile Payment,0.0
5575,731,12,2,2025-08-11 11:44:19,Mobile Payment,0.0
5576,,28,4,2024-05-06 12:20:56,Cash,70500.0
5577,,16,2,2025-06-25 17:25:14,Cash,0.0
5578,551,31,4,2024-09-01 10:54:46,Card,49700.0
5579,,37,5,2025-01-31 16:49:51,Cash,0.0
5580,398,9,2,2025-03-20 18:57:01,Bank Transfer,0.0
5581,131,1,1,2025-03-20 18:07:09,Card,26800.0
5582,845,9,2,2025-07-27 19:26:10,Bank Transfer,0.0
5583,845,22,3,2024-12-18 12:59:34,Cash,0.0
5584,,10,2,2025-07-19 14:57:49,Mobile Payment,0.0
5585,836,36,5,2025-11-23 09:49:15,Card,0.0
5586,782,10,2,2024-05-07 13:47:21,Cash,0.0
5587,900,18,3,2025-05-29 18:41:47,Cash,199500.0
5588,,13,2,2025-07-20 17:56:13,Cash,0.0
5589,900,28,4,2025-05-22 16:15:52,Bank Transfer,0.0
5590,862,26,4,2025-08-26 17:18:15,Bank Transfer,0.0
5591,815,17,3,2025-07-09 10:15:31,Card,64700.0
5592,304,15,2,2025-02-07 14:06:50,Cash,38700.0
5593,628,23,3,2024-08-19 19:04:33,Cash,0.0
5594,657,17,3,2024-10-03 16:42:55,Card,0.0
5595,774,37,5,2025-05-20 10:13:58,Card,0.0
5596,,8,1,2024-08-10 19:04:57,Cash,0.0
5597,254,13,2,2024-05-29 18:43:52,Cash,0.0
5598,817,6,1,2024-12-15 19:39:46,Cash,0.0
5599,451,18,3,2024-05-13 09:18:24,Card,0.0
5600,896,23,3,2025-02-19 18:36:50,Card,54200.0
5601,,13,2,2025-07-22 19:26:12,Mobile Payment,33400.0
5602,44,7,1,2024-01-24 16:24:09,Card,0.0
5603,570,10,2,2024-05-09 10:02:28,Mobile Payment,0.0
5604,423,24,3,2025-05-15 10:25:59,Cash,0.0
5605,43,40,5,2025-06-18 10:53:30,Bank Transfer,70400.0
5606,497,14,2,2024-04-28 13:49:09,Mobile Payment,0.0
5607,799,27,4,2025-04-29 09:51:32,Mobile Payment,0.0
5608,270,25,4,2025-05-28 09:24:02,Mobile Payment,0.0
5609,447,21,3,2025-06-26 18:38:35,Bank Transfer,0.0
5610,494,17,3,2024-10-26 10:07:35,Card,440400.0
5611,,13,2,2025-03-14 18:03:38,Mobile Payment,0.0
5612,103,12,2,2024-11-23 11:20:58,Cash,0.0
5613,64,23,3,2024-05-17 14:02:27,Cash,0.0
5614,178,28,4,2024-11-20 19:13:30,Cash,0.0
5615,762,31,4,2025-02-13 18:41:16,Mobile Payment,0.0
5616,375,19,3,2024-08-08 12:24:12,Cash,0.0
5617,,32,4,2024-11-18 16:31:27,Cash,0.0
5618,212,1,1,2025-03-14 11:07:44,Cash,0.0
5619,950,28,4,2024-03-29 19:17:45,Cash,0.0
5620,184,22,3,2025-04-23 09:42:59,Mobile Payment,147400.0
5621,497,12,2,2024-10-20 14:03:45,Mobile Payment,0.0
5622,864,12,2,2025-02-04 11:09:33,Bank Transfer,0.0
5623,966,37,5,2024-09-08 14:25:38,Mobile Payment,63000.0
5624,280,23,3,2025-04-07 16:50:35,Card,0.0
5625,,16,2,2025-03-26 11:40:29,Bank Transfer,0.0
5626,580,3,1,2025-03-19 16:14:26,Bank Transfer,60200.0
5627,,10,2,2024-06-20 12:01:37,Card,167900.0
5628,212,23,3,2025-11-17 12:14:44,Mobile Payment,0.0
5629,145,18,3,2025-12-17 17:27:50,Mobile Payment,0.0
5630,994,17,3,2025-09-25 18:47:06,Card,0.0
5631,304,33,5,2024-10-26 16:24:49,Card,0.0
5632,,32,4,2025-02-07 15:04:15,Cash,0.0
5633,316,10,2,2025-06-29 17:17:09,Card,0.0
5634,768,21,3,2025-11-11 12:33:04,Cash,0.0
5635,48,13,2,2024-04-08 11:25:58,Cash,382900.0
5636,326,2,1,2024-07-12 11:24:17,Mobile Payment,0.0
5637,931,30,4,2024-08-04 10:11:44,Cash,0.0
5638,591,10,2,2025-04-12 19:16:41,Cash,0.0
5639,,39,5,2024-09-08 09:29:32,Cash,0.0
5640,921,20,3,2024-11-20 19:46:38,Bank Transfer,0.0
5641,432,18,3,2024-12-22 16:28:38,Card,298100.0
5642,694,30,4,2025-10-18 17:08:47,Cash,166300.0
5643,407,22,3,2025-04-06 18:07:33,Cash,0.0
5644,495,11,2,2024-06-25 18:23:40,Bank Transfer,0.0
5645,609,18,3,2024-02-17 13:53:35,Card,0.0
5646,806,24,3,2024-07-04 17:37:25,Cash,0.0
5647,702,15,2,2024-08-04 16:57:43,Cash,38000.0
5648,105,32,4,2024-12-14 10:42:42,Cash,0.0
5649,822,27,4,2025-06-08 12:26:29,Bank Transfer,0.0
5650,143,37,5,2024-08-22 18:30:44,Card,0.0
5651,,12,2,2024-10-11 11:42:41,Mobile Payment,120000.0
5652,866,35,5,2024-08-02 15:22:44,Card,117700.0
5653,571,15,2,2024-03-03 13:11:06,Bank Transfer,39700.0
5654,574,9,2,2024-12-05 12:26:08,Mobile Payment,0.0
5655,443,38,5,2025-08-10 13:41:54,Cash,0.0
5656,,28,4,2025-03-08 14:25:05,Bank Transfer,45900.0
5657,,2,1,2025-01-05 14:12:39,Cash,0.0
5658,896,25,4,2024-04-26 19:51:39,Cash,414800.0
5659,787,17,3,2024-10-17 19:40:51,Bank Transfer,141200.0
5660,222,18,3,2024-05-08 09:15:41,Card,152400.0
5661,,19,3,2024-01-03 16:23:18,Cash,54300.0
5662,52,18,3,2024-11-28 19:25:32,Mobile Payment,0.0
5663,7,17,3,2025-10-24 19:07:56,Mobile Payment,0.0
5664,95,10,2,2025-12-25 13:20:00,Bank Transfer,0.0
5665,763,32,4,2024-01-09 11:36:35,Bank Transfer,0.0
5666,685,38,5,2025-10-21 19:24:09,Card,0.0
5667,901,8,1,2024-06-07 13:58:23,Cash,265200.0
5668,274,23,3,2025-11-29 12:06:42,Bank Transfer,0.0
5669,384,32,4,2024-11-29 15:10:24,Cash,0.0
5670,791,40,5,2025-02-19 16:20:46,Card,0.0
5671,,12,2,2025-02-03 13:40:21,Mobile Payment,94900.0
5672,952,25,4,2025-07-20 19:03:30,Mobile Payment,0.0
5673,517,23,3,2024-05-29 19:11:05,Cash,0.0
5674,810,38,5,2025-06-29 16:25:00,Bank Transfer,0.0
5675,292,26,4,2025-01-03 10:38:56,Cash,0.0
5676,,12,2,2025-06-02 14:30:12,Cash,260100.0
5677,461,33,5,2025-11-09 11:26:21,Mobile Payment,174600.0
5678,594,2,1,2025-02-26 12:35:34,Card,585500.0
5679,966,36,5,2024-03-28 10:04:00,Mobile Payment,0.0
5680,783,38,5,2025-03-21 13:59:27,Cash,64300.0
5681,,12,2,2024-10-09 18:27:40,Card,0.0
5682,781,40,5,2025-06-23 10:41:40,Cash,0.0
5683,151,3,1,2024-05-23 15:53:02,Cash,106300.0
5684,433,35,5,2024-08-19 10:12:56,Cash,0.0
5685,583,29,4,2024-01-12 11:12:00,Bank Transfer,0.0
5686,791,37,5,2025-02-07 10:03:42,Cash,0.0
5687,157,3,1,2024-08-15 14:43:51,Mobile Payment,0.0
5688,10,17,3,2025-02-08 11:02:31,Mobile Payment,1741900.0
5689,733,32,4,2024-12-25 13:58:50,Cash,0.0
5690,407,28,4,2025-08-25 15:11:29,Cash,0.0
5691,,26,4,2024-01-12 11:30:47,Bank Transfer,0.0
5692,422,21,3,2025-09-19 13:02:07,Cash,0.0
5693,439,36,5,2025-10-26 16:02:09,Mobile Payment,0.0
5694,86,5,1,2024-08-12 17:37:40,Cash,0.0
5695,,3,1,2024-02-17 14:03:07,Bank Transfer,0.0
5696,551,15,2,2024-09-05 10:54:04,Card,32600.0
5697,446,35,5,2024-03-21 13:22:41,Bank Transfer,0.0
5698,,24,3,2024-03-11 16:25:40,Cash,0.0
5699,666,29,4,2024-09-14 18:49:22,Cash,0.0
5700,352,10,2,2024-03-11 16:38:11,Bank Transfer,0.0
5701,,23,3,2024-06-16 15:13:34,Mobile Payment,126100.0
5702,350,19,3,2025-10-19 13:19:50,Mobile Payment,0.0
5703,,7,1,2024-05-15 16:36:14,Cash,0.0
5704,,11,2,2024-10-18 15:17:17,Card,0.0
5705,286,1,1,2025-10-15 14:04:10,Mobile Payment,0.0
5706,174,15,2,2025-10-26 13:03:15,Card,0.0
5707,303,4,1,2025-01-25 11:25:14,Mobile Payment,142800.0
5708,,21,3,2024-03-31 12:23:55,Cash,0.0
5709,817,1,1,2024-02-02 18:06:46,Cash,125300.0
5710,848,26,4,2024-03-24 10:47:29,Mobile Payment,0.0
5711,455,30,4,2024-02-03 19:56:24,Cash,0.0
5712,65,8,1,2025-02-19 15:17:19,Mobile Payment,0.0
5713,,18,3,2025-12-22 11:09:09,Bank Transfer,0.0
5714,141,37,5,2025-01-24 10:09:08,Mobile Payment,0.0
5715,,17,3,2025-02-25 14:15:18,Bank Transfer,103800.0
5716,361,17,3,2024-11-10 12:31:56,Cash,15600.0
5717,273,9,2,2024-04-17 17:31:01,Card,0.0
5718,729,26,4,2025-11-09 19:16:35,Bank Transfer,0.0
5719,123,1,1,2025-06-11 15:02:19,Cash,802500.0
5720,264,6,1,2025-08-25 16:46:16,Cash,0.0
5721,39,18,3,2024-10-13 17:25:47,Mobile Payment,0.0
5722,758,11,2,2024-01-09 13:33:28,Cash,0.0
5723,389,10,2,2024-09-01 19:07:58,Cash,0.0
5724,270,22,3,2024-11-04 10:31:49,Cash,0.0
5725,83,26,4,2025-03-25 14:41:20,Card,0.0
5726,513,5,1,2024-08-13 13:33:23,Card,0.0
5727,296,13,2,2024-10-06 16:33:35,Cash,0.0
5728,,40,5,2025-07-14 15:40:59,Card,146800.0
5729,757,23,3,2024-05-13 13:59:25,Card,85100.0
5730,,8,1,2025-11-07 11:07:52,Cash,0.0
5731,,26,4,2025-11-24 16:27:02,Mobile Payment,0.0
5732,42,31,4,2025-01-29 15:48:08,Card,0.0
5733,521,1,1,2024-07-31 14:40:21,Cash,60900.0
5734,217,24,3,2024-03-26 14:38:08,Bank Transfer,0.0
5735,,5,1,2024-07-29 11:53:55,Card,0.0
5736,265,39,5,2024-11-29 15:30:48,Bank Transfer,464300.0
5737,486,17,3,2024-06-03 09:00:52,Cash,348700.0
5738,486,23,3,2024-04-29 12:17:29,Cash,79500.0
5739,1,3,1,2024-10-16 14:12:55,Card,0.0
5740,266,19,3,2024-06-18 12:06:01,Mobile Payment,0.0
5741,242,1,1,2024-08-02 09:10:11,Mobile Payment,0.0
5742,,13,2,2024-03-28 17:01:32,Mobile Payment,0.0
5743,200,18,3,2024-12-30 11:15:22,Bank Transfer,0.0
5744,179,16,2,2024-02-26 10:28:25,Cash,0.0
5745,868,35,5,2025-08-29 12:13:30,Card,0.0
5746,305,27,4,2025-08-28 13:08:53,Bank Transfer,70300.0
5747,980,6,1,2024-05-06 13:16:58,Bank Transfer,0.0
5748,953,26,4,2024-01-31 10:08:28,Card,0.0
5749,515,18,3,2025-06-19 09:56:51,Cash,0.0
5750,111,7,1,2024-06-14 16:10:36,Cash,164900.0
5751,775,9,2,2025-08-22 19:29:58,Cash,7200.0
5752,510,12,2,2025-04-07 13:45:14,Bank Transfer,0.0
5753,314,25,4,2024-01-19 15:27:09,Mobile Payment,0.0
5754,,13,2,2025-03-11 11:42:39,Cash,372400.0
5755,628,13,2,2025-04-19 18:30:03,Card,0.0
5756,648,15,2,2025-05-05 18:08:58,Bank Transfer,0.0
5757,,8,1,2024-12-08 16:51:36,Card,121300.0
5758,832,28,4,2024-12-21 12:01:00,Mobile Payment,0.0
5759,937,9,2,2025-04-17 14:14:22,Mobile Payment,0.0
5760,599,35,5,2024-03-05 12:14:35,Card,0.0
5761,766,25,4,2025-07-29 10:55:31,Bank Transfer,0.0
5762,,37,5,2024-11-22 14:49:14,Cash,0.0
5763,767,24,3,2024-10-09 12:34:55,Bank Transfer,128500.0
5764,651,17,3,2024-11-13 10:49:20,Bank Transfer,0.0
5765,835,35,5,2024-10-13 13:38:44,Cash,0.0
5766,577,23,3,2025-07-12 13:52:02,Mobile Payment,0.0
5767,978,40,5,2025-08-02 16:33:09,Card,34800.0
5768,,26,4,2024-10-03 16:11:28,Cash,671300.0
5769,627,32,4,2024-11-28 09:27:12,Bank Transfer,0.0
5770,264,37,5,2025-01-03 17:47:46,Card,48100.0
5771,92,5,1,2025-01-20 16:04:31,Mobile Payment,71800.0
5772,366,33,5,2024-03-09 12:13:18,Bank Transfer,278900.0
5773,,32,4,2025-01-17 11:56:02,Cash,13600.0
5774,467,18,3,2024-01-19 17:24:52,Cash,0.0
5775,851,40,5,2025-06-22 16:50:18,Mobile Payment,0.0
5776,173,15,2,2024-07-13 11:29:13,Bank Transfer,329900.0
5777,610,36,5,2025-04-12 15:47:39,Card,0.0
5778,579,36,5,2024-05-06 18:31:45,Cash,235800.0
5779,888,36,5,2024-01-20 13:32:26,Cash,0.0
5780,329,34,5,2024-11-01 18:58:44,Bank Transfer,1163700.0
5781,254,27,4,2024-11-05 17:08:39,Card,0.0
5782,,5,1,2025-07-19 10:54:35,Mobile Payment,85300.0
5783,934,34,5,2024-10-14 09:16:07,Card,0.0
5784,88,14,2,2024-06-01 15:20:17,Card,0.0
5785,818,7,1,2025-09-23 15:15:00,Card,0.0
5786,286,29,4,2025-05-11 17:37:07,Bank Transfer,0.0
5787,864,2,1,2024-02-26 14:55:00,Cash,0.0
5788,273,26,4,2025-11-03 18:35:44,Bank Transfer,27300.0
5789,548,18,3,2024-01-11 15:05:57,Cash,210400.0
5790,510,3,1,2024-03-06 13:32:58,Cash,0.0
5791,137,23,3,2024-02-03 16:15:29,Mobile Payment,0.0
5792,10,18,3,2024-07-03 14:45:15,Card,0.0
5793,180,16,2,2024-04-16 13:41:16,Cash,20000.0
5794,944,36,5,2024-09-23 17:26:12,Mobile Payment,0.0
5795,253,30,4,2024-09-23 12:40:29,Mobile Payment,124000.0
5796,447,7,1,2025-08-19 16:45:12,Card,96100.0
5797,923,19,3,2025-02-21 17:18:05,Card,0.0
5798,748,21,3,2025-06-20 10:15:26,Card,0.0
5799,,28,4,2024-07-22 09:44:35,Mobile Payment,0.0
5800,418,40,5,2024-11-17 10:47:43,Bank Transfer,260800.0
5801,71,1,1,2024-10-02 17:59:11,Cash,0.0
5802,279,15,2,2024-10-27 17:36:40,Mobile Payment,0.0
5803,519,38,5,2025-10-02 15:24:10,Card,1145200.0
5804,,39,5,2025-11-04 09:45:35,Mobile Payment,318100.0
5805,65,40,5,2025-05-02 11:48:31,Mobile Payment,0.0
5806,853,15,2,2024-08-31 14:26:05,Mobile Payment,0.0
5807,974,1,1,2025-02-07 14:07:06,Cash,0.0
5808,327,19,3,2025-03-14 10:41:46,Mobile Payment,0.0
5809,602,7,1,2024-07-15 12:06:21,Bank Transfer,47900.0
5810,727,10,2,2024-04-11 12:52:40,Mobile Payment,0.0
5811,979,13,2,2025-05-28 16:06:12,Bank Transfer,0.0
5812,486,38,5,2024-12-20 11:09:48,Mobile Payment,0.0
5813,260,29,4,2024-10-11 18:06:18,Cash,0.0
5814,993,6,1,2025-04-18 13:07:49,Cash,22500.0
5815,,29,4,2024-04-25 17:08:26,Bank Transfer,278400.0
5816,233,1,1,2025-02-25 18:21:45,Cash,0.0
5817,,2,1,2024-08-26 09:47:24,Cash,0.0
5818,831,7,1,2025-03-11 19:02:02,Card,81500.0
5819,8,9,2,2024-07-30 15:25:32,Mobile Payment,0.0
5820,686,16,2,2025-04-07 12:07:56,Card,39200.0
5821,,38,5,2025-10-04 17:43:11,Mobile Payment,16900.0
5822,,35,5,2025-11-28 15:52:01,Mobile Payment,0.0
5823,577,27,4,2024-11-09 18:20:52,Bank Transfer,91000.0
5824,43,18,3,2024-08-25 18:51:12,Mobile Payment,81200.0
5825,16,6,1,2025-05-23 14:07:16,Mobile Payment,90100.0
5826,294,7,1,2025-04-30 16:58:53,Cash,0.0
5827,,3,1,2025-01-24 10:12:29,Cash,0.0
5828,,24,3,2024-01-27 09:51:54,Card,0.0
5829,109,18,3,2025-07-28 16:52:32,Mobile Payment,0.0
5830,581,2,1,2024-02-20 13:28:23,Cash,105600.0
5831,532,36,5,2025-06-25 14:56:08,Bank Transfer,71500.0
5832,423,22,3,2024-04-07 11:46:46,Cash,0.0
5833,373,36,5,2024-10-14 15:28:18,Mobile Payment,0.0
5834,927,28,4,2025-01-31 15:11:03,Bank Transfer,95800.0
5835,,34,5,2025-01-24 10:12:59,Card,0.0
5836,,23,3,2025-01-27 14:29:10,Card,145500.0
5837,5,13,2,2024-04-26 11:20:18,Mobile Payment,206800.0
5838,549,8,1,2025-04-13 15:30:18,Cash,0.0
5839,,25,4,2024-02-09 18:06:05,Bank Transfer,0.0
5840,305,13,2,2024-02-10 15:06:24,Bank Transfer,0.0
5841,,14,2,2024-09-17 09:29:42,Card,581000.0
5842,,11,2,2024-08-18 19:54:59,Mobile Payment,0.0
5843,659,3,1,2024-07-09 09:55:56,Cash,0.0
5844,,32,4,2025-01-27 14:52:21,Mobile Payment,22000.0
5845,,36,5,2024-01-02 18:08:36,Mobile Payment,103200.0
5846,585,3,1,2025-11-02 11:10:17,Cash,0.0
5847,97,16,2,2025-04-16 10:54:04,Cash,318600.0
5848,857,16,2,2024-12-26 18:08:14,Bank Transfer,0.0
5849,431,32,4,2025-06-06 14:04:42,Cash,0.0
5850,872,29,4,2025-10-20 16:01:40,Card,0.0
5851,388,38,5,2025-01-25 13:09:09,Cash,0.0
5852,453,26,4,2025-09-16 15:57:11,Mobile Payment,179300.0
5853,325,27,4,2024-06-02 09:50:27,Cash,0.0
5854,759,21,3,2024-05-24 14:14:46,Card,0.0
5855,,30,4,2025-05-03 19:35:28,Cash,400400.0
5856,,40,5,2024-03-01 16:42:34,Mobile Payment,0.0
5857,433,30,4,2024-05-17 19:50:23,Cash,334100.0
5858,882,38,5,2025-09-17 12:21:14,Mobile Payment,130700.0
5859,,23,3,2025-11-24 18:01:53,Mobile Payment,0.0
5860,618,1,1,2025-04-23 18:57:45,Card,23500.0
5861,717,8,1,2024-10-07 18:38:40,Cash,232400.0
5862,,32,4,2024-02-28 09:18:55,Cash,0.0
5863,,20,3,2024-10-25 19:45:07,Mobile Payment,0.0
5864,,34,5,2024-09-24 09:55:57,Cash,0.0
5865,602,13,2,2025-06-08 18:31:20,Cash,0.0
5866,745,13,2,2024-08-06 16:05:42,Cash,69600.0
5867,144,21,3,2024-10-30 09:04:47,Cash,0.0
5868,140,23,3,2024-09-15 10:31:54,Bank Transfer,0.0
5869,460,23,3,2025-04-28 19:10:55,Card,28800.0
5870,487,29,4,2025-08-23 09:26:16,Cash,0.0
5871,586,36,5,2024-03-06 12:41:35,Mobile Payment,55100.0
5872,840,11,2,2024-09-07 11:28:14,Cash,0.0
5873,986,15,2,2025-02-09 14:09:34,Cash,69200.0
5874,549,9,2,2025-10-07 13:36:44,Cash,137000.0
5875,200,19,3,2024-12-26 15:22:35,Mobile Payment,0.0
5876,190,17,3,2025-03-22 10:37:08,Mobile Payment,37600.0
5877,,29,4,2024-03-09 16:55:15,Cash,285000.0
5878,109,19,3,2024-10-31 12:53:25,Card,463400.0
5879,578,30,4,2024-03-12 13:52:43,Cash,255500.0
5880,,22,3,2025-04-01 15:07:07,Mobile Payment,0.0
5881,724,4,1,2024-06-20 15:38:28,Mobile Payment,647800.0
5882,480,24,3,2024-02-07 10:24:41,Cash,0.0
5883,357,29,4,2025-04-04 12:04:38,Cash,0.0
5884,874,10,2,2025-07-08 14:21:25,Cash,0.0
5885,262,19,3,2024-07-05 09:28:38,Mobile Payment,69300.0
5886,,6,1,2024-07-23 13:50:11,Bank Transfer,0.0
5887,508,10,2,2024-11-18 14:13:35,Cash,38200.0
5888,967,12,2,2025-03-26 16:38:26,Mobile Payment,133600.0
5889,782,8,1,2024-02-18 12:23:18,Cash,478400.0
5890,553,5,1,2025-11-01 12:33:23,Card,0.0
5891,587,25,4,2024-11-07 12:48:49,Card,0.0
5892,324,3,1,2025-12-23 18:59:23,Bank Transfer,0.0
5893,599,12,2,2025-03-08 17:37:54,Bank Transfer,0.0
5894,969,24,3,2024-03-15 19:18:41,Card,0.0
5895,969,2,1,2025-05-24 18:54:19,Cash,0.0
5896,220,8,1,2025-12-03 11:38:49,Cash,13200.0
5897,724,9,2,2025-10-22 13:55:47,Cash,268600.0
5898,739,25,4,2025-08-23 09:29:37,Mobile Payment,265500.0
5899,458,35,5,2025-01-29 10:55:44,Cash,0.0
5900,110,28,4,2025-02-10 12:54:56,Card,0.0
5901,656,4,1,2025-05-12 12:49:08,Mobile Payment,324100.0
5902,666,21,3,2025-02-15 14:16:18,Bank Transfer,29800.0
5903,,20,3,2025-06-21 19:04:18,Cash,0.0
5904,901,6,1,2024-01-19 19:32:02,Bank Transfer,281200.0
5905,576,36,5,2025-11-20 11:09:19,Cash,0.0
5906,558,2,1,2024-02-02 16:39:19,Mobile Payment,0.0
5907,753,23,3,2024-03-06 18:55:20,Cash,214000.0
5908,525,32,4,2025-12-01 15:20:17,Cash,0.0
5909,465,34,5,2024-12-25 09:49:40,Cash,0.0
5910,577,35,5,2025-06-30 09:41:29,Cash,72200.0
5911,222,39,5,2025-08-03 10:21:02,Cash,26900.0
5912,277,28,4,2025-03-15 12:50:29,Cash,85500.0
5913,765,14,2,2025-09-02 17:16:37,Cash,0.0
5914,320,3,1,2025-05-06 13:46:44,Cash,566000.0
5915,524,39,5,2025-07-23 16:46:26,Mobile Payment,0.0
5916,24,4,1,2025-10-14 09:29:58,Bank Transfer,0.0
5917,522,8,1,2025-08-01 09:11:39,Card,210100.0
5918,862,2,1,2025-07-29 19:48:37,Card,0.0
5919,518,23,3,2025-07-13 12:55:19,Cash,0.0
5920,5,16,2,2024-09-23 15:35:06,Cash,0.0
5921,485,5,1,2024-01-22 15:38:10,Mobile Payment,48600.0
5922,609,27,4,2024-11-13 13:48:38,Cash,0.0
5923,,21,3,2025-11-07 19:39:19,Card,0.0
5924,107,29,4,2025-04-15 09:52:11,Mobile Payment,0.0
5925,763,23,3,2025-07-27 09:23:18,Cash,57600.0
5926,835,39,5,2024-09-04 16:29:10,Bank Transfer,0.0
5927,364,30,4,2024-03-20 11:53:25,Card,218900.0
5928,73,19,3,2025-06-29 13:45:02,Mobile Payment,0.0
5929,669,32,4,2024-07-11 17:27:25,Cash,0.0
5930,166,32,4,2024-04-18 18:58:45,Bank Transfer,118400.0
5931,592,32,4,2025-04-29 11:10:30,Cash,0.0
5932,588,30,4,2025-11-21 15:33:07,Mobile Payment,0.0
5933,39,33,5,2024-04-15 15:38:11,Bank Transfer,0.0
5934,88,17,3,2024-01-05 13:39:25,Card,5400.0
5935,519,1,1,2024-06-30 15:05:27,Cash,0.0
5936,579,23,3,2024-01-25 09:51:05,Cash,0.0
5937,268,30,4,2025-06-09 12:03:37,Mobile Payment,0.0
5938,292,17,3,2025-04-29 15:23:25,Card,130300.0
5939,670,18,3,2025-10-22 09:58:36,Cash,23800.0
5940,666,2,1,2025-04-17 15:36:14,Mobile Payment,0.0
5941,207,35,5,2024-08-03 12:59:54,Cash,0.0
5942,273,27,4,2025-09-03 09:56:03,Bank Transfer,356400.0
5943,327,16,2,2024-01-20 14:08:30,Card,0.0
5944,426,34,5,2024-10-17 11:20:50,Cash,0.0
5945,476,20,3,2024-07-23 19:35:57,Bank Transfer,128800.0
5946,61,38,5,2025-07-29 12:37:12,Cash,0.0
5947,971,34,5,2024-11-30 18:22:01,Cash,0.0
5948,748,9,2,2025-01-15 16:53:58,Cash,0.0
5949,638,13,2,2025-09-21 15:51:29,Cash,0.0
5950,906,12,2,2024-11-17 09:19:10,Mobile Payment,0.0
5951,413,14,2,2025-07-31 12:28:51,Card,0.0
5952,953,4,1,2024-12-21 14:41:27,Mobile Payment,0.0
5953,,10,2,2024-10-05 12:19:08,Cash,0.0
5954,28,29,4,2025-11-17 19:52:33,Cash,1558700.0
5955,671,22,3,2025-01-24 15:09:20,Cash,0.0
5956,,4,1,2025-07-05 13:43:16,Mobile Payment,17300.0
5957,193,23,3,2025-01-28 11:35:33,Cash,0.0
5958,635,33,5,2024-11-07 16:26:28,Mobile Payment,184900.0
5959,83,33,5,2024-04-08 09:12:40,Cash,0.0
5960,362,27,4,2024-05-09 12:40:40,Bank Transfer,21700.0
5961,652,7,1,2025-03-03 10:08:24,Mobile Payment,0.0
5962,521,11,2,2025-07-17 19:13:10,Bank Transfer,51600.0
5963,695,21,3,2024-03-20 09:45:12,Card,0.0
5964,435,26,4,2024-05-07 12:00:06,Cash,0.0
5965,92,33,5,2025-03-12 12:29:54,Bank Transfer,0.0
5966,178,28,4,2024-01-02 10:13:56,Cash,0.0
5967,827,6,1,2025-02-02 17:27:48,Card,0.0
5968,,8,1,2024-12-04 13:43:50,Card,49000.0
5969,,16,2,2025-05-22 10:52:15,Cash,0.0
5970,,4,1,2024-07-13 13:57:59,Cash,0.0
5971,823,24,3,2024-10-31 15:30:15,Card,0.0
5972,128,10,2,2025-10-06 16:51:43,Bank Transfer,0.0
5973,765,8,1,2024-06-24 18:53:45,Mobile Payment,89400.0
5974,610,13,2,2025-06-24 11:41:09,Mobile Payment,0.0
5975,82,15,2,2024-05-28 13:49:32,Mobile Payment,0.0
5976,668,40,5,2025-10-27 15:43:42,Bank Transfer,0.0
5977,239,9,2,2025-11-16 15:47:42,Mobile Payment,580000.0
5978,92,22,3,2024-02-27 10:16:59,Bank Transfer,641700.0
5979,699,33,5,2024-02-25 19:28:28,Cash,0.0
5980,884,27,4,2024-06-25 09:48:43,Bank Transfer,0.0
5981,,34,5,2025-12-26 11:40:01,Mobile Payment,0.0
5982,188,2,1,2025-02-06 15:08:32,Card,0.0
5983,,17,3,2025-04-24 17:49:27,Bank Transfer,531800.0
5984,769,27,4,2024-02-03 18:39:51,Cash,0.0
5985,,14,2,2025-08-01 13:26:12,Card,0.0
5986,463,4,1,2024-09-27 18:36:38,Cash,0.0
5987,831,27,4,2024-05-13 12:19:01,Card,382000.0
5988,551,11,2,2024-10-03 15:24:35,Card,0.0
5989,830,21,3,2024-02-26 19:12:20,Card,0.0
5990,320,9,2,2024-10-25 12:05:05,Cash,0.0
5991,180,18,3,2025-06-23 16:57:50,Bank Transfer,0.0
5992,733,7,1,2025-06-15 14:34:00,Mobile Payment,0.0
5993,964,30,4,2025-06-12 11:43:53,Cash,955300.0
5994,578,22,3,2024-07-16 17:05:00,Cash,0.0
5995,494,28,4,2025-10-10 14:34:52,Mobile Payment,333100.0
5996,172,33,5,2025-01-06 19:10:06,Cash,0.0
5997,995,34,5,2025-08-31 17:53:28,Mobile Payment,23200.0
5998,530,4,1,2024-05-04 13:48:19,Mobile Payment,0.0
5999,845,1,1,2025-01-08 12:40:57,Bank Transfer,0.0
6000,,11,2,2025-07-11 17:13:08,Card,0.0
6001,573,27,4,2025-06-11 12:28:38,Cash,296300.0
6002,497,27,4,2024-10-12 09:04:33,Bank Transfer,0.0
6003,103,26,4,2024-12-03 14:23:50,Bank Transfer,0.0
6004,650,32,4,2025-08-31 17:44:33,Mobile Payment,0.0
6005,136,37,5,2025-11-22 19:24:49,Cash,376000.0
6006,608,26,4,2025-06-17 16:00:22,Mobile Payment,0.0
6007,630,15,2,2025-03-05 13:13:06,Bank Transfer,0.0
6008,908,9,2,2024-01-12 09:38:00,Card,0.0
6009,608,34,5,2024-01-22 10:55:00,Cash,0.0
6010,932,16,2,2024-05-07 15:18:31,Cash,0.0
6011,731,3,1,2025-08-05 10:12:40,Bank Transfer,0.0
6012,52,23,3,2025-04-19 12:58:13,Card,26700.0
6013,905,17,3,2024-11-24 17:27:50,Mobile Payment,0.0
6014,701,15,2,2024-12-15 10:25:02,Bank Transfer,146500.0
6015,254,4,1,2024-12-27 18:07:40,Card,0.0
6016,381,35,5,2025-09-18 17:16:29,Cash,292400.0
6017,561,26,4,2024-11-25 18:02:29,Mobile Payment,0.0
6018,331,24,3,2025-07-01 10:24:23,Mobile Payment,35000.0
6019,294,10,2,2024-02-02 10:58:37,Cash,0.0
6020,850,2,1,2025-01-09 16:10:24,Bank Transfer,589800.0
6021,918,20,3,2024-12-06 15:41:34,Cash,153000.0
6022,703,14,2,2025-07-27 19:43:07,Mobile Payment,0.0
6023,808,17,3,2024-02-14 15:26:10,Cash,0.0
6024,47,11,2,2024-04-01 09:21:27,Mobile Payment,0.0
6025,,18,3,2024-04-06 11:48:21,Cash,223400.0
6026,909,30,4,2024-05-29 12:59:23,Bank Transfer,28400.0
6027,179,17,3,2024-01-29 16:10:43,Cash,0.0
6028,629,21,3,2025-10-23 11:30:00,Mobile Payment,0.0
6029,40,20,3,2024-08-19 10:43:27,Card,15500.0
6030,949,4,1,2024-11-02 10:58:48,Card,27100.0
6031,428,22,3,2024-08-30 10:05:23,Bank Transfer,0.0
6032,4,22,3,2024-12-11 09:38:10,Card,0.0
6033,606,24,3,2024-02-17 18:21:11,Mobile Payment,256500.0
6034,357,14,2,2024-01-27 11:37:36,Bank Transfer,0.0
6035,268,24,3,2025-02-25 14:08:33,Bank Transfer,0.0
6036,456,14,2,2024-01-27 15:33:36,Cash,0.0
6037,667,33,5,2025-09-21 19:20:54,Mobile Payment,0.0
6038,,20,3,2024-07-04 10:28:40,Cash,0.0
6039,698,23,3,2024-11-13 15:47:20,Bank Transfer,0.0
6040,812,17,3,2025-08-12 18:42:47,Cash,446900.0
6041,157,38,5,2024-12-02 11:22:04,Cash,0.0
6042,97,36,5,2024-09-18 12:30:02,Cash,36300.0
6043,657,16,2,2024-09-26 10:31:11,Mobile Payment,0.0
6044,823,9,2,2024-03-17 14:35:06,Mobile Payment,0.0
6045,162,9,2,2025-12-12 09:54:08,Card,635900.0
6046,,7,1,2025-09-01 19:15:31,Bank Transfer,0.0
6047,,13,2,2024-04-27 11:28:14,Card,0.0
6048,727,23,3,2024-08-08 16:30:02,Mobile Payment,187800.0
6049,193,17,3,2025-08-20 18:52:33,Mobile Payment,0.0
6050,369,38,5,2024-01-13 12:34:34,Card,0.0
6051,308,18,3,2025-06-22 19:02:50,Bank Transfer,0.0
6052,725,1,1,2024-04-18 10:49:49,Cash,0.0
6053,455,23,3,2025-04-13 09:24:47,Cash,0.0
6054,378,31,4,2024-04-18 17:20:30,Card,0.0
6055,,22,3,2024-03-30 17:41:48,Cash,0.0
6056,,10,2,2024-04-16 13:06:00,Bank Transfer,0.0
6057,829,8,1,2025-02-19 14:44:15,Mobile Payment,9500.0
6058,,15,2,2025-12-19 17:45:01,Card,107300.0
6059,978,19,3,2024-06-21 09:28:15,Bank Transfer,0.0
6060,222,37,5,2025-08-13 13:53:23,Bank Transfer,0.0
6061,,8,1,2024-03-08 16:15:51,Cash,0.0
6062,581,24,3,2025-02-18 14:39:32,Card,270600.0
6063,491,7,1,2025-08-26 15:06:12,Mobile Payment,0.0
6064,407,3,1,2024-08-22 13:28:29,Card,0.0
6065,147,34,5,2025-10-26 12:36:45,Card,0.0
6066,299,2,1,2024-10-12 13:02:53,Mobile Payment,168800.0
6067,552,10,2,2024-09-18 17:18:24,Cash,0.0
6068,105,12,2,2024-02-22 16:08:30,Cash,0.0
6069,504,38,5,2025-02-04 10:16:10,Mobile Payment,386000.0
6070,539,4,1,2025-08-26 15:50:07,Cash,0.0
6071,916,5,1,2025-02-12 19:11:37,Bank Transfer,0.0
6072,771,26,4,2024-03-22 15:18:33,Card,245300.0
6073,318,20,3,2025-09-21 15:20:48,Cash,0.0
6074,,7,1,2025-07-02 17:05:40,Mobile Payment,0.0
6075,,30,4,2025-10-14 09:40:58,Bank Transfer,0.0
6076,577,4,1,2025-10-01 13:12:18,Bank Transfer,60900.0
6077,660,36,5,2025-10-25 15:31:22,Cash,0.0
6078,966,10,2,2025-10-16 19:12:58,Card,76500.0
6079,234,34,5,2025-12-14 15:18:51,Cash,313100.0
6080,821,1,1,2025-12-23 18:53:03,Mobile Payment,0.0
6081,,33,5,2025-08-30 11:40:43,Mobile Payment,0.0
6082,16,5,1,2025-04-19 11:56:49,Cash,154400.0
6083,507,4,1,2024-09-21 15:21:32,Bank Transfer,277600.0
6084,,17,3,2025-07-29 15:49:50,Mobile Payment,0.0
6085,985,29,4,2025-09-01 16:35:45,Bank Transfer,0.0
6086,806,21,3,2024-10-19 14:10:34,Bank Transfer,0.0
6087,706,6,1,2025-05-13 18:06:39,Cash,0.0
6088,124,2,1,2024-02-09 09:28:39,Mobile Payment,123800.0
6089,623,27,4,2025-10-08 16:51:07,Cash,122700.0
6090,630,19,3,2025-03-02 09:11:58,Card,71500.0
6091,133,27,4,2024-08-27 11:50:56,Cash,311400.0
6092,,13,2,2024-05-26 12:23:52,Cash,0.0
6093,61,27,4,2024-07-31 09:59:38,Card,0.0
6094,535,33,5,2025-01-23 12:46:51,Card,0.0
6095,333,14,2,2024-04-30 10:10:26,Cash,99100.0
6096,765,34,5,2024-02-15 15:20:04,Bank Transfer,0.0
6097,471,7,1,2024-10-17 18:11:28,Mobile Payment,83400.0
6098,650,14,2,2025-10-31 16:55:32,Mobile Payment,0.0
6099,253,28,4,2025-09-14 14:25:40,Mobile Payment,0.0
6100,613,2,1,2025-02-11 17:32:44,Mobile Payment,0.0
6101,572,40,5,2024-07-13 13:58:18,Mobile Payment,0.0
6102,790,10,2,2025-05-20 17:21:37,Bank Transfer,148500.0
6103,200,37,5,2024-01-17 14:37:48,Cash,0.0
6104,111,4,1,2025-01-16 16:33:11,Bank Transfer,0.0
6105,894,33,5,2025-08-01 13:55:38,Mobile Payment,38100.0
6106,403,35,5,2025-12-26 11:31:28,Mobile Payment,0.0
6107,,5,1,2025-05-19 09:14:50,Card,0.0
6108,813,21,3,2024-07-09 13:27:28,Mobile Payment,77700.0
6109,927,24,3,2025-10-17 13:51:34,Mobile Payment,154900.0
6110,,4,1,2025-01-01 19:16:13,Card,0.0
6111,220,24,3,2025-03-13 18:49:04,Cash,253100.0
6112,,35,5,2025-01-26 19:38:26,Bank Transfer,0.0
6113,748,32,4,2025-08-13 11:28:45,Cash,0.0
6114,606,23,3,2024-06-06 12:51:33,Bank Transfer,173900.0
6115,536,3,1,2024-01-26 13:28:19,Cash,94600.0
6116,644,25,4,2024-08-01 17:00:33,Cash,73700.0
6117,,21,3,2025-09-11 16:40:23,Mobile Payment,0.0
6118,187,24,3,2024-10-02 09:00:58,Cash,24300.0
6119,902,9,2,2025-09-30 11:35:32,Cash,0.0
6120,901,34,5,2025-05-27 16:52:44,Bank Transfer,0.0
6121,4,7,1,2024-07-01 10:30:15,Cash,0.0
6122,599,14,2,2024-09-07 17:17:18,Cash,304100.0
6123,535,4,1,2024-09-10 09:40:57,Bank Transfer,0.0
6124,27,14,2,2024-04-16 16:34:45,Bank Transfer,0.0
6125,323,10,2,2025-09-08 17:08:49,Bank Transfer,0.0
6126,644,39,5,2024-07-14 18:40:32,Card,0.0
6127,215,1,1,2024-08-25 14:27:30,Cash,0.0
6128,780,19,3,2025-05-24 14:25:05,Cash,0.0
6129,240,24,3,2025-06-17 10:57:38,Cash,82200.0
6130,86,3,1,2024-11-22 10:58:10,Bank Transfer,0.0
6131,464,37,5,2025-05-11 16:28:15,Cash,0.0
6132,425,39,5,2025-03-10 09:25:16,Mobile Payment,0.0
6133,410,17,3,2025-04-06 18:44:12,Cash,0.0
6134,259,35,5,2025-11-27 09:25:45,Card,22200.0
6135,180,22,3,2025-05-12 18:35:30,Mobile Payment,0.0
6136,346,14,2,2025-01-12 18:35:35,Mobile Payment,0.0
6137,472,29,4,2025-01-31 15:25:03,Card,0.0
6138,642,14,2,2025-04-02 17:51:51,Cash,0.0
6139,,18,3,2024-08-13 13:22:14,Bank Transfer,0.0
6140,429,15,2,2025-11-30 11:54:54,Cash,0.0
6141,945,2,1,2024-01-05 17:20:28,Mobile Payment,0.0
6142,90,36,5,2024-10-08 10:38:38,Card,0.0
6143,719,19,3,2024-09-13 13:47:34,Card,331500.0
6144,331,17,3,2025-02-12 16:42:32,Cash,0.0
6145,987,19,3,2024-09-25 17:41:22,Mobile Payment,0.0
6146,,3,1,2025-07-18 17:51:55,Mobile Payment,0.0
6147,915,35,5,2024-11-05 10:31:36,Mobile Payment,0.0
6148,578,12,2,2024-01-04 14:57:14,Cash,87600.0
6149,174,11,2,2024-08-26 09:34:32,Mobile Payment,44000.0
6150,,38,5,2025-09-06 19:29:20,Cash,516800.0
6151,,25,4,2024-07-04 13:09:02,Card,0.0
6152,435,15,2,2024-07-30 15:00:58,Card,22800.0
6153,716,18,3,2024-04-25 10:56:42,Card,0.0
6154,358,12,2,2025-11-27 19:22:35,Cash,0.0
6155,566,28,4,2025-01-16 12:52:00,Card,0.0
6156,438,13,2,2024-05-30 18:17:50,Mobile Payment,111700.0
6157,680,19,3,2024-12-24 18:09:39,Cash,0.0
6158,,12,2,2024-06-17 18:16:42,Mobile Payment,318500.0
6159,,6,1,2024-01-07 16:33:13,Cash,0.0
6160,812,27,4,2025-08-18 12:26:15,Mobile Payment,0.0
6161,772,35,5,2025-10-27 12:53:39,Cash,0.0
6162,494,3,1,2025-10-15 14:51:48,Cash,0.0
6163,,28,4,2025-04-16 10:06:24,Cash,0.0
6164,840,25,4,2024-08-06 11:18:00,Card,113100.0
6165,20,10,2,2024-10-03 15:56:31,Card,0.0
6166,930,12,2,2025-06-09 18:28:02,Bank Transfer,202300.0
6167,,17,3,2025-10-21 09:58:51,Mobile Payment,204700.0
6168,832,31,4,2024-03-15 17:07:35,Bank Transfer,0.0
6169,511,34,5,2024-01-15 19:15:20,Cash,0.0
6170,,8,1,2024-08-19 12:59:00,Mobile Payment,0.0
6171,697,10,2,2025-01-27 12:57:01,Cash,0.0
6172,948,36,5,2025-02-15 13:42:20,Card,0.0
6173,615,38,5,2025-07-02 15:42:06,Bank Transfer,0.0
6174,7,9,2,2024-07-12 14:38:36,Mobile Payment,292200.0
6175,96,33,5,2025-12-16 14:43:33,Mobile Payment,0.0
6176,423,17,3,2024-04-24 13:43:54,Cash,0.0
6177,174,32,4,2025-12-15 10:10:12,Card,0.0
6178,521,40,5,2025-10-18 19:55:42,Cash,0.0
6179,223,22,3,2025-09-24 09:55:03,Mobile Payment,0.0
6180,155,32,4,2025-05-15 19:52:51,Mobile Payment,0.0
6181,149,7,1,2025-04-20 11:45:38,Cash,185300.0
6182,574,9,2,2025-02-07 16:38:18,Cash,0.0
6183,313,37,5,2025-02-07 15:07:52,Bank Transfer,0.0
6184,227,36,5,2025-05-04 17:46:39,Cash,0.0
6185,806,31,4,2024-09-05 17:31:11,Cash,0.0
6186,658,34,5,2024-08-28 11:47:43,Bank Transfer,0.0
6187,199,27,4,2025-02-08 14:18:56,Card,36500.0
6188,,16,2,2024-09-10 12:49:24,Cash,0.0
6189,348,8,1,2024-08-10 12:37:56,Cash,0.0
6190,402,16,2,2025-05-14 15:43:15,Cash,0.0
6191,401,7,1,2024-02-14 13:24:29,Cash,959200.0
6192,215,18,3,2024-07-22 13:39:03,Card,0.0
6193,375,7,1,2024-04-05 14:42:49,Mobile Payment,269100.0
6194,292,1,1,2024-06-03 11:51:41,Mobile Payment,0.0
6195,876,4,1,2024-01-02 09:34:24,Card,0.0
6196,66,34,5,2025-05-27 14:49:43,Bank Transfer,258200.0
6197,548,23,3,2025-05-09 19:21:06,Cash,64100.0
6198,120,8,1,2025-02-11 17:35:16,Card,0.0
6199,312,7,1,2024-09-24 14:16:25,Cash,0.0
6200,999,3,1,2025-01-15 19:07:05,Cash,0.0
6201,,3,1,2024-11-12 18:51:08,Mobile Payment,20500.0
6202,836,1,1,2025-11-03 19:31:52,Cash,62800.0
6203,90,33,5,2024-01-22 18:14:28,Cash,556200.0
6204,62,11,2,2024-12-13 19:13:40,Cash,444900.0
6205,188,25,4,2025-01-29 13:57:47,Card,126800.0
6206,986,25,4,2024-06-20 19:09:36,Bank Transfer,60700.0
6207,948,31,4,2025-04-08 10:57:55,Card,0.0
6208,325,34,5,2025-04-26 11:56:32,Mobile Payment,37900.0
6209,128,4,1,2024-09-02 11:49:35,Bank Transfer,0.0
6210,201,10,2,2025-05-18 10:17:51,Cash,20600.0
6211,,35,5,2024-05-11 16:47:43,Bank Transfer,0.0
6212,808,11,2,2024-05-09 09:52:15,Mobile Payment,0.0
6213,265,18,3,2025-03-26 18:10:08,Cash,161700.0
6214,158,24,3,2024-09-22 09:39:53,Card,0.0
6215,198,13,2,2025-02-01 17:08:01,Cash,0.0
6216,838,22,3,2025-02-25 17:25:01,Cash,0.0
6217,40,12,2,2025-04-18 09:32:35,Cash,381600.0
6218,458,13,2,2025-12-30 11:00:13,Cash,0.0
6219,984,24,3,2025-03-08 11:51:32,Card,59200.0
6220,,18,3,2025-02-26 13:11:31,Mobile Payment,237700.0
6221,960,30,4,2025-11-18 18:24:32,Card,0.0
6222,7,2,1,2024-10-29 18:34:50,Cash,0.0
6223,487,23,3,2024-12-31 10:50:50,Cash,0.0
6224,,20,3,2025-08-19 19:56:18,Mobile Payment,143500.0
6225,781,11,2,2024-01-19 18:15:04,Cash,0.0
6226,985,11,2,2024-08-20 19:02:02,Bank Transfer,267000.0
6227,,26,4,2025-01-27 19:16:30,Bank Transfer,1164800.0
6228,578,30,4,2024-07-02 14:24:46,Cash,122000.0
6229,856,4,1,2025-12-14 19:03:36,Bank Transfer,0.0
6230,683,15,2,2024-08-27 14:10:31,Mobile Payment,113500.0
6231,968,26,4,2024-08-18 11:38:46,Mobile Payment,110000.0
6232,871,26,4,2024-02-18 14:48:55,Mobile Payment,0.0
6233,52,3,1,2025-10-18 18:39:01,Cash,0.0
6234,390,31,4,2025-12-09 09:38:21,Cash,0.0
6235,62,28,4,2025-05-07 11:18:14,Bank Transfer,0.0
6236,210,28,4,2025-11-25 13:58:15,Card,99400.0
6237,471,3,1,2024-12-08 17:48:47,Mobile Payment,0.0
6238,48,35,5,2025-06-08 10:55:40,Card,583700.0
6239,110,11,2,2024-03-22 12:41:05,Mobile Payment,0.0
6240,414,37,5,2025-05-05 17:43:07,Mobile Payment,0.0
6241,217,15,2,2025-12-25 19:02:32,Bank Transfer,26000.0
6242,483,37,5,2025-02-21 15:44:38,Bank Transfer,0.0
6243,594,40,5,2024-10-07 10:15:36,Cash,0.0
6244,698,26,4,2024-11-08 18:43:02,Cash,0.0
6245,910,20,3,2024-12-20 13:01:03,Cash,0.0
6246,953,23,3,2024-12-30 09:07:24,Mobile Payment,0.0
6247,373,24,3,2025-12-07 09:35:06,Cash,385200.0
6248,712,11,2,2024-12-18 15:53:59,Mobile Payment,121300.0
6249,68,4,1,2024-11-05 15:34:43,Bank Transfer,53100.0
6250,,15,2,2025-05-17 15:40:43,Cash,79700.0
6251,140,18,3,2024-08-07 10:26:51,Cash,81100.0
6252,359,3,1,2024-11-07 17:38:33,Cash,0.0
6253,837,14,2,2024-11-07 13:17:01,Card,658700.0
6254,332,33,5,2025-08-21 09:52:39,Bank Transfer,0.0
6255,213,8,1,2024-04-24 16:06:34,Cash,0.0
6256,180,32,4,2025-11-05 17:52:31,Cash,242500.0
6257,577,33,5,2025-12-19 11:24:42,Cash,0.0
6258,360,20,3,2025-07-21 15:41:15,Cash,0.0
6259,386,1,1,2025-02-19 13:30:52,Bank Transfer,0.0
6260,1,22,3,2024-01-29 18:03:10,Card,432800.0
6261,733,17,3,2025-06-28 19:39:46,Mobile Payment,0.0
6262,408,39,5,2024-11-07 12:10:10,Mobile Payment,48800.0
6263,,24,3,2024-02-13 13:03:33,Cash,0.0
6264,896,27,4,2024-03-21 11:39:50,Mobile Payment,0.0
6265,735,33,5,2024-05-17 18:25:23,Mobile Payment,450100.0
6266,666,36,5,2024-02-16 15:40:24,Bank Transfer,390000.0
6267,147,35,5,2024-10-05 10:17:58,Cash,314000.0
6268,131,16,2,2024-09-08 17:44:44,Card,0.0
6269,716,23,3,2024-12-29 17:00:32,Cash,0.0
6270,452,15,2,2024-11-11 11:57:22,Mobile Payment,241200.0
6271,,32,4,2024-01-07 09:25:39,Card,0.0
6272,,15,2,2025-07-01 16:28:45,Cash,0.0
6273,,17,3,2025-10-10 18:13:52,Cash,50100.0
6274,513,36,5,2024-05-25 13:21:09,Cash,0.0
6275,484,24,3,2024-11-01 18:18:27,Card,0.0
6276,,24,3,2024-05-03 12:33:07,Cash,0.0
6277,922,2,1,2025-01-14 12:16:07,Cash,0.0
6278,152,36,5,2024-03-15 17:50:12,Bank Transfer,393800.0
6279,159,13,2,2025-12-05 18:47:19,Card,0.0
6280,552,14,2,2024-10-02 14:10:23,Cash,28500.0
6281,700,40,5,2024-06-15 14:17:11,Mobile Payment,252800.0
6282,228,27,4,2024-07-17 10:37:12,Bank Transfer,22500.0
6283,182,7,1,2025-07-11 13:47:36,Bank Transfer,648000.0
6284,141,11,2,2025-02-20 15:49:36,Card,100000.0
6285,828,11,2,2025-02-23 14:20:47,Mobile Payment,0.0
6286,719,25,4,2025-05-21 19:09:28,Mobile Payment,0.0
6287,,7,1,2024-03-05 09:54:25,Card,0.0
6288,344,29,4,2024-06-08 11:04:34,Cash,0.0
6289,865,26,4,2024-01-18 15:41:21,Card,0.0
6290,260,36,5,2024-10-27 19:18:44,Card,608100.0
6291,421,1,1,2025-12-23 12:10:53,Mobile Payment,0.0
6292,,7,1,2024-10-22 09:25:41,Card,0.0
6293,437,24,3,2024-12-07 11:51:47,Card,0.0
6294,96,15,2,2025-05-24 12:46:14,Cash,0.0
6295,101,1,1,2025-10-17 16:06:44,Card,0.0
6296,375,30,4,2024-02-20 14:27:58,Bank Transfer,34000.0
6297,678,20,3,2024-07-05 13:12:35,Cash,0.0
6298,778,19,3,2024-07-29 15:28:36,Cash,125300.0
6299,1,27,4,2025-04-04 15:02:10,Bank Transfer,0.0
6300,25,10,2,2025-05-20 16:34:04,Mobile Payment,0.0
6301,886,31,4,2025-05-06 19:39:24,Cash,0.0
6302,484,7,1,2024-01-02 12:38:41,Card,0.0
6303,569,33,5,2025-10-24 19:29:05,Card,0.0
6304,885,12,2,2025-11-12 09:24:58,Mobile Payment,368600.0
6305,673,22,3,2024-07-05 10:19:54,Card,0.0
6306,967,33,5,2024-12-13 12:43:57,Cash,36600.0
6307,495,26,4,2025-08-30 15:45:34,Mobile Payment,0.0
6308,587,32,4,2025-02-16 14:32:05,Card,0.0
6309,230,40,5,2025-12-22 18:49:09,Mobile Payment,107400.0
6310,602,40,5,2024-09-29 18:23:33,Cash,0.0
6311,497,2,1,2024-12-18 10:32:54,Mobile Payment,0.0
6312,264,32,4,2025-06-15 15:32:54,Bank Transfer,0.0
6313,502,12,2,2025-09-10 12:00:37,Card,172500.0
6314,823,4,1,2025-02-16 19:45:51,Mobile Payment,98300.0
6315,922,10,2,2024-06-12 19:01:49,Card,165200.0
6316,264,12,2,2025-03-19 12:16:32,Mobile Payment,0.0
6317,724,13,2,2025-12-03 12:43:59,Mobile Payment,0.0
6318,155,15,2,2025-01-11 19:05:19,Cash,0.0
6319,18,22,3,2024-11-22 19:25:14,Mobile Payment,846700.0
6320,860,6,1,2025-05-07 12:44:22,Bank Transfer,121500.0
6321,525,35,5,2025-10-06 12:33:00,Cash,0.0
6322,877,7,1,2025-11-17 16:35:11,Card,0.0
6323,748,14,2,2024-03-01 18:50:40,Mobile Payment,0.0
6324,641,37,5,2024-12-16 13:51:42,Card,0.0
6325,217,7,1,2024-06-30 14:19:29,Card,233000.0
6326,5,13,2,2025-05-07 10:37:25,Bank Transfer,73000.0
6327,538,1,1,2025-03-03 18:48:24,Card,0.0
6328,931,7,1,2025-05-21 11:53:10,Mobile Payment,0.0
6329,98,29,4,2025-10-02 15:21:58,Bank Transfer,0.0
6330,666,23,3,2024-06-23 11:20:19,Mobile Payment,0.0
6331,726,25,4,2025-02-17 15:42:51,Mobile Payment,0.0
6332,365,20,3,2024-02-14 17:47:27,Cash,0.0
6333,455,18,3,2025-09-23 17:58:57,Bank Transfer,0.0
6334,570,5,1,2025-05-21 13:20:52,Cash,0.0
6335,188,2,1,2024-01-13 10:03:00,Card,0.0
6336,283,32,4,2025-04-14 16:04:04,Cash,0.0
6337,,28,4,2024-08-27 11:25:26,Cash,0.0
6338,987,30,4,2024-03-23 14:57:15,Card,0.0
6339,983,7,1,2025-07-27 15:26:07,Cash,135600.0
6340,920,27,4,2025-10-07 17:38:43,Card,0.0
6341,340,28,4,2024-09-29 18:29:20,Card,668000.0
6342,476,25,4,2025-05-12 19:05:07,Cash,10400.0
6343,217,37,5,2025-05-04 11:35:16,Card,0.0
6344,698,1,1,2024-03-14 18:35:13,Mobile Payment,0.0
6345,439,34,5,2024-03-25 16:45:51,Bank Transfer,0.0
6346,533,6,1,2025-09-13 14:22:16,Cash,0.0
6347,17,34,5,2024-04-04 09:37:01,Mobile Payment,0.0
6348,739,40,5,2025-07-09 16:11:35,Cash,0.0
6349,721,15,2,2025-03-29 15:05:07,Bank Transfer,34200.0
6350,59,26,4,2025-06-15 16:07:35,Cash,0.0
6351,753,21,3,2024-11-17 18:24:05,Cash,0.0
6352,,22,3,2024-04-27 17:32:22,Mobile Payment,0.0
6353,493,36,5,2024-04-12 10:31:30,Mobile Payment,0.0
6354,579,29,4,2024-09-13 09:44:12,Mobile Payment,0.0
6355,348,26,4,2024-03-04 12:20:11,Cash,82700.0
6356,80,13,2,2025-07-15 09:15:30,Cash,44300.0
6357,606,34,5,2025-12-19 18:21:44,Mobile Payment,0.0
6358,531,22,3,2024-04-23 12:17:47,Mobile Payment,179800.0
6359,713,31,4,2025-11-26 17:52:14,Card,202500.0
6360,298,30,4,2024-01-10 19:54:45,Cash,0.0
6361,738,22,3,2025-03-05 14:43:32,Card,0.0
6362,896,38,5,2024-06-19 12:12:27,Card,0.0
6363,747,8,1,2025-04-14 11:26:57,Cash,0.0
6364,877,4,1,2025-05-19 14:49:09,Mobile Payment,0.0
6365,164,8,1,2025-09-08 19:23:43,Bank Transfer,0.0
6366,236,5,1,2024-02-22 09:51:08,Cash,0.0
6367,155,34,5,2025-05-31 15:46:33,Mobile Payment,0.0
6368,796,9,2,2024-12-29 11:35:21,Bank Transfer,0.0
6369,661,12,2,2024-06-18 12:33:34,Card,0.0
6370,816,18,3,2025-04-11 09:36:07,Cash,132600.0
6371,302,27,4,2024-05-27 10:39:26,Mobile Payment,549700.0
6372,208,38,5,2025-07-27 13:27:29,Mobile Payment,0.0
6373,294,35,5,2024-12-16 09:58:29,Cash,96400.0
6374,273,12,2,2025-01-01 16:18:41,Mobile Payment,94300.0
6375,15,33,5,2025-01-17 09:17:42,Cash,0.0
6376,403,6,1,2025-08-21 18:28:23,Mobile Payment,0.0
6377,27,35,5,2024-02-10 11:23:18,Cash,0.0
6378,,26,4,2025-02-17 13:42:44,Cash,48300.0
6379,,19,3,2025-05-12 16:34:05,Cash,0.0
6380,613,36,5,2024-04-13 09:55:35,Cash,0.0
6381,804,18,3,2025-12-23 18:05:13,Cash,0.0
6382,148,36,5,2024-12-28 18:37:41,Cash,0.0
6383,854,30,4,2025-04-26 18:12:31,Bank Transfer,398400.0
6384,50,36,5,2025-01-23 13:27:24,Cash,0.0
6385,615,12,2,2024-10-02 15:08:36,Card,113500.0
6386,83,31,4,2025-12-23 09:00:39,Bank Transfer,58300.0
6387,280,22,3,2024-11-07 13:05:27,Bank Transfer,0.0
6388,32,19,3,2024-04-10 13:45:03,Cash,0.0
6389,348,15,2,2024-04-01 11:44:33,Cash,0.0
6390,393,29,4,2025-04-14 14:12:16,Card,580400.0
6391,,12,2,2025-06-16 19:48:17,Card,0.0
6392,831,6,1,2025-10-08 18:35:25,Bank Transfer,0.0
6393,,18,3,2024-10-29 16:27:09,Cash,256700.0
6394,901,10,2,2024-01-09 11:14:24,Bank Transfer,0.0
6395,157,25,4,2025-10-30 15:00:50,Cash,0.0
6396,266,35,5,2024-08-29 17:20:22,Card,18500.0
6397,32,13,2,2025-02-16 15:36:21,Card,0.0
6398,180,7,1,2024-11-05 12:35:02,Card,33000.0
6399,840,9,2,2025-07-09 12:00:03,Cash,0.0
6400,450,37,5,2024-09-28 13:44:21,Cash,0.0
6401,837,13,2,2024-09-17 13:35:48,Cash,0.0
6402,637,18,3,2025-02-23 18:27:00,Cash,0.0
6403,172,17,3,2024-12-05 11:56:09,Cash,152100.0
6404,387,16,2,2024-12-06 11:51:44,Mobile Payment,80500.0
6405,,12,2,2025-10-13 16:45:50,Card,84600.0
6406,642,37,5,2024-04-12 15:49:13,Card,401100.0
6407,900,40,5,2025-09-21 12:01:58,Card,80900.0
6408,510,24,3,2024-04-03 16:14:57,Card,325900.0
6409,854,32,4,2024-08-23 13:31:20,Mobile Payment,27800.0
6410,616,26,4,2025-06-04 12:50:13,Cash,0.0
6411,744,40,5,2024-01-09 15:23:11,Bank Transfer,0.0
6412,,9,2,2024-07-21 18:08:59,Cash,382700.0
6413,454,31,4,2025-08-01 13:20:42,Bank Transfer,21600.0
6414,854,7,1,2024-10-30 14:33:06,Bank Transfer,14200.0
6415,133,7,1,2024-03-28 11:45:43,Cash,0.0
6416,432,16,2,2025-03-30 12:50:06,Cash,68100.0
6417,,14,2,2024-12-19 19:21:51,Mobile Payment,208200.0
6418,154,9,2,2025-02-01 14:41:57,Mobile Payment,0.0
6419,749,15,2,2024-04-06 12:52:35,Mobile Payment,0.0
6420,358,29,4,2024-02-25 12:49:16,Cash,0.0
6421,590,36,5,2024-07-31 12:04:56,Cash,318200.0
6422,506,39,5,2025-04-19 15:44:19,Bank Transfer,854600.0
6423,205,2,1,2024-01-16 15:34:55,Cash,161700.0
6424,264,38,5,2025-04-11 16:17:19,Cash,0.0
6425,,12,2,2024-05-02 12:35:29,Mobile Payment,0.0
6426,854,18,3,2024-10-23 19:02:39,Card,0.0
6427,,4,1,2024-08-26 18:44:01,Card,0.0
6428,,40,5,2024-12-27 13:25:19,Mobile Payment,0.0
6429,780,31,4,2025-01-23 12:37:28,Card,0.0
6430,13,37,5,2025-04-05 18:02:33,Mobile Payment,0.0
6431,139,18,3,2024-06-28 09:42:55,Cash,0.0
6432,408,11,2,2024-05-14 09:00:56,Cash,0.0
6433,887,29,4,2025-11-02 15:56:26,Card,0.0
6434,651,32,4,2024-08-19 16:22:47,Card,375700.0
6435,,25,4,2024-02-22 19:34:13,Card,65500.0
6436,969,4,1,2024-10-16 17:10:31,Card,0.0
6437,844,40,5,2025-02-28 13:00:31,Card,464500.0
6438,966,3,1,2025-03-01 13:43:04,Card,0.0
6439,39,26,4,2024-12-19 18:55:10,Card,419200.0
6440,366,31,4,2025-07-04 09:39:27,Mobile Payment,0.0
6441,254,11,2,2024-06-03 12:19:36,Mobile Payment,0.0
6442,423,15,2,2024-02-17 11:02:53,Mobile Payment,35600.0
6443,,35,5,2024-05-06 19:45:07,Mobile Payment,0.0
6444,640,7,1,2025-09-09 10:38:12,Cash,277800.0
6445,501,10,2,2024-05-09 15:31:50,Bank Transfer,0.0
6446,381,22,3,2025-02-09 10:10:35,Card,197800.0
6447,338,19,3,2024-01-26 10:07:30,Card,0.0
6448,333,34,5,2024-08-10 13:10:55,Cash,0.0
6449,931,11,2,2024-09-07 19:07:51,Cash,179600.0
6450,137,14,2,2025-09-22 16:42:17,Bank Transfer,0.0
6451,731,35,5,2024-12-20 10:23:52,Cash,0.0
6452,669,7,1,2024-09-25 18:34:42,Card,0.0
6453,,7,1,2024-05-14 14:45:49,Cash,0.0
6454,686,35,5,2024-09-20 11:04:04,Mobile Payment,0.0
6455,383,28,4,2024-08-18 15:17:20,Bank Transfer,0.0
6456,236,7,1,2024-07-09 14:04:01,Cash,0.0
6457,939,19,3,2024-02-02 09:00:37,Card,0.0
6458,995,40,5,2024-05-04 11:56:30,Cash,0.0
6459,582,38,5,2024-07-22 16:26:34,Mobile Payment,28000.0
6460,896,28,4,2025-04-27 16:16:20,Cash,436500.0
6461,828,24,3,2025-07-09 13:25:29,Card,79300.0
6462,59,33,5,2024-05-20 10:04:14,Cash,0.0
6463,853,17,3,2024-06-05 16:19:42,Mobile Payment,0.0
6464,620,30,4,2025-08-10 09:35:35,Cash,0.0
6465,,32,4,2025-07-09 11:25:32,Bank Transfer,0.0
6466,334,29,4,2024-12-03 14:13:36,Cash,0.0
6467,535,27,4,2025-06-26 10:11:09,Card,0.0
6468,923,37,5,2024-05-30 13:31:59,Cash,313700.0
6469,439,3,1,2024-08-18 13:13:48,Cash,626100.0
6470,,4,1,2024-04-14 10:26:38,Cash,209700.0
6471,74,1,1,2025-06-12 14:20:22,Mobile Payment,0.0
6472,804,36,5,2025-09-24 15:15:49,Cash,0.0
6473,133,15,2,2025-05-24 18:39:04,Bank Transfer,0.0
6474,112,36,5,2025-12-01 10:05:28,Cash,0.0
6475,622,25,4,2025-08-02 09:07:45,Cash,0.0
6476,971,17,3,2025-09-26 09:13:32,Cash,35900.0
6477,509,11,2,2024-04-07 19:57:46,Card,231600.0
6478,239,22,3,2025-10-11 17:49:08,Card,0.0
6479,551,8,1,2024-04-16 19:00:07,Bank Transfer,10800.0
6480,415,16,2,2024-06-12 10:41:41,Cash,0.0
6481,848,30,4,2024-12-08 11:04:23,Mobile Payment,0.0
6482,245,26,4,2025-08-08 17:17:38,Mobile Payment,0.0
6483,,9,2,2024-09-18 13:44:24,Cash,358900.0
6484,,19,3,2025-06-28 18:29:27,Card,71500.0
6485,65,17,3,2025-10-08 12:52:59,Mobile Payment,0.0
6486,681,2,1,2024-06-29 17:40:03,Bank Transfer,53200.0
6487,392,14,2,2024-03-21 11:19:09,Card,240300.0
6488,250,31,4,2025-05-02 10:52:53,Bank Transfer,197700.0
6489,99,14,2,2025-12-06 10:19:57,Mobile Payment,0.0
6490,855,26,4,2024-03-22 18:52:38,Mobile Payment,0.0
6491,808,29,4,2025-12-02 19:49:49,Mobile Payment,0.0
6492,772,32,4,2024-03-14 13:08:29,Cash,0.0
6493,535,28,4,2024-09-23 13:22:59,Bank Transfer,544600.0
6494,949,12,2,2024-10-22 11:51:11,Card,0.0
6495,927,25,4,2024-12-16 09:28:52,Cash,0.0
6496,210,21,3,2024-06-18 17:28:20,Card,703700.0
6497,471,33,5,2024-08-24 18:04:20,Bank Transfer,0.0
6498,65,20,3,2024-12-26 10:27:29,Cash,0.0
6499,835,19,3,2024-09-10 17:33:55,Cash,587800.0
6500,689,31,4,2024-08-21 11:53:03,Cash,0.0
6501,303,11,2,2024-11-22 14:12:51,Mobile Payment,0.0
6502,265,28,4,2024-04-13 11:01:16,Mobile Payment,0.0
6503,,37,5,2025-02-23 18:57:25,Cash,24500.0
6504,220,7,1,2024-06-12 19:18:56,Card,17800.0
6505,918,23,3,2025-02-25 09:57:58,Card,176800.0
6506,,23,3,2025-01-17 16:45:01,Cash,0.0
6507,505,3,1,2024-09-08 14:49:35,Cash,0.0
6508,964,17,3,2025-06-03 14:38:43,Cash,72900.0
6509,258,27,4,2025-08-27 19:56:32,Bank Transfer,556600.0
6510,,17,3,2024-12-29 14:56:10,Bank Transfer,765500.0
6511,433,38,5,2024-06-02 17:04:36,Cash,0.0
6512,642,26,4,2024-10-09 19:15:52,Mobile Payment,0.0
6513,613,7,1,2025-05-19 13:58:05,Mobile Payment,0.0
6514,70,15,2,2024-03-01 15:19:16,Cash,0.0
6515,741,23,3,2024-03-24 13:52:31,Card,0.0
6516,728,20,3,2024-06-06 11:00:29,Mobile Payment,554400.0
6517,589,33,5,2025-11-03 19:06:29,Card,0.0
6518,168,33,5,2025-02-08 16:56:53,Mobile Payment,0.0
6519,245,11,2,2024-09-02 18:49:04,Cash,0.0
6520,820,24,3,2025-08-30 09:25:51,Cash,0.0
6521,203,2,1,2025-08-07 17:42:47,Cash,105000.0
6522,34,12,2,2025-12-02 11:00:17,Card,1125100.0
6523,777,32,4,2024-05-03 12:52:58,Card,240500.0
6524,76,12,2,2025-06-29 18:12:26,Mobile Payment,6800.0
6525,600,6,1,2025-04-25 11:21:05,Cash,0.0
6526,183,24,3,2025-11-30 09:27:20,Cash,0.0
6527,,34,5,2024-10-11 16:37:49,Cash,39700.0
6528,214,16,2,2024-03-24 16:10:19,Cash,0.0
6529,476,1,1,2024-12-19 12:12:03,Cash,52400.0
6530,379,35,5,2025-08-14 09:04:00,Card,0.0
6531,744,13,2,2024-06-11 11:51:03,Mobile Payment,136900.0
6532,476,32,4,2025-12-27 16:22:36,Cash,0.0
6533,68,11,2,2025-12-31 12:28:15,Cash,115800.0
6534,704,26,4,2025-11-03 14:47:19,Cash,0.0
6535,430,16,2,2025-10-04 15:57:19,Card,109400.0
6536,346,23,3,2024-12-22 12:19:51,Mobile Payment,0.0
6537,481,4,1,2024-02-07 09:28:05,Cash,0.0
6538,,13,2,2025-10-08 13:54:24,Card,381500.0
6539,370,37,5,2025-05-04 13:59:35,Card,1378600.0
6540,310,9,2,2025-06-22 18:52:46,Cash,464900.0
6541,526,40,5,2024-05-24 13:35:01,Mobile Payment,371400.0
6542,636,15,2,2025-02-20 09:47:07,Cash,193200.0
6543,,25,4,2024-04-17 13:46:07,Card,163500.0
6544,359,27,4,2024-01-03 12:56:50,Cash,0.0
6545,,33,5,2024-07-13 18:18:34,Bank Transfer,34000.0
6546,99,6,1,2024-04-21 14:34:23,Mobile Payment,0.0
6547,,34,5,2024-07-20 09:06:00,Card,0.0
6548,,4,1,2025-02-22 12:40:29,Cash,0.0
6549,751,27,4,2025-08-09 12:36:58,Bank Transfer,275700.0
6550,452,6,1,2025-10-29 11:23:18,Mobile Payment,0.0
6551,381,33,5,2024-07-01 19:50:29,Cash,0.0
6552,727,13,2,2024-05-21 10:17:09,Card,0.0
6553,367,6,1,2025-07-15 11:17:50,Cash,0.0
6554,916,15,2,2025-09-18 11:08:24,Cash,40800.0
6555,505,24,3,2025-11-15 18:29:39,Cash,0.0
6556,341,11,2,2024-05-26 09:16:29,Bank Transfer,0.0
6557,584,7,1,2025-04-30 18:25:31,Cash,0.0
6558,110,23,3,2024-06-02 11:47:07,Cash,280500.0
6559,848,34,5,2024-10-09 15:10:06,Cash,0.0
6560,842,8,1,2025-02-11 15:41:36,Card,0.0
6561,769,26,4,2024-11-05 14:34:50,Mobile Payment,16800.0
6562,724,23,3,2024-01-19 15:42:03,Cash,454800.0
6563,881,19,3,2024-05-05 12:20:59,Mobile Payment,114700.0
6564,536,23,3,2024-03-26 11:49:40,Cash,0.0
6565,378,40,5,2025-07-12 10:59:04,Bank Transfer,0.0
6566,360,11,2,2025-10-18 12:50:09,Card,152500.0
6567,,35,5,2024-01-11 15:07:50,Cash,125400.0
6568,,3,1,2025-01-17 14:41:45,Cash,0.0
6569,538,25,4,2025-08-23 10:45:41,Cash,0.0
6570,835,2,1,2024-07-25 12:38:54,Cash,457600.0
6571,832,23,3,2024-10-27 09:24:14,Card,249300.0
6572,,4,1,2025-02-06 10:26:29,Card,0.0
6573,389,36,5,2025-10-09 11:18:58,Card,0.0
6574,794,16,2,2025-12-08 10:36:07,Cash,0.0
6575,,8,1,2025-07-30 11:33:26,Mobile Payment,0.0
6576,781,11,2,2024-01-11 18:22:03,Mobile Payment,0.0
6577,903,34,5,2025-10-05 14:47:33,Mobile Payment,0.0
6578,161,30,4,2024-06-02 10:00:33,Card,0.0
6579,,2,1,2025-02-21 09:57:37,Cash,0.0
6580,288,16,2,2024-01-26 17:27:52,Card,601400.0
6581,128,39,5,2025-12-12 13:40:33,Mobile Payment,0.0
6582,580,5,1,2025-02-09 14:48:59,Mobile Payment,0.0
6583,700,35,5,2025-06-16 10:37:46,Card,46800.0
6584,,13,2,2025-07-07 16:42:51,Bank Transfer,0.0
6585,531,34,5,2025-11-17 13:29:38,Cash,0.0
6586,1000,28,4,2025-07-24 19:52:27,Mobile Payment,0.0
6587,,33,5,2025-04-16 18:02:55,Card,183300.0
6588,311,18,3,2025-03-20 16:24:50,Cash,0.0
6589,,4,1,2025-01-08 18:05:04,Mobile Payment,284700.0
6590,706,21,3,2024-02-28 13:32:35,Mobile Payment,79500.0
6591,,12,2,2025-05-17 15:30:30,Bank Transfer,0.0
6592,414,9,2,2024-11-30 13:58:35,Card,0.0
6593,651,21,3,2024-01-14 17:51:15,Card,86900.0
6594,205,21,3,2025-11-18 10:27:08,Cash,0.0
6595,,38,5,2024-09-14 16:28:46,Mobile Payment,511400.0
6596,923,24,3,2024-02-16 18:34:08,Cash,0.0
6597,953,34,5,2024-01-21 19:43:51,Cash,0.0
6598,667,21,3,2024-09-18 18:51:59,Mobile Payment,0.0
6599,173,13,2,2025-04-15 09:36:28,Cash,468500.0
6600,1,38,5,2024-06-22 11:34:59,Bank Transfer,0.0
6601,496,28,4,2025-12-26 15:24:55,Cash,150300.0
6602,249,8,1,2025-03-06 18:23:57,Mobile Payment,0.0
6603,,28,4,2024-07-04 15:37:30,Mobile Payment,0.0
6604,649,38,5,2025-09-26 09:59:30,Mobile Payment,993600.0
6605,,25,4,2024-08-14 13:00:21,Mobile Payment,0.0
6606,850,35,5,2025-10-01 16:01:41,Cash,0.0
6607,767,4,1,2025-12-24 10:14:02,Card,0.0
6608,159,23,3,2025-08-15 17:30:14,Card,0.0
6609,837,23,3,2024-08-23 12:32:58,Cash,0.0
6610,401,8,1,2024-04-17 09:31:09,Cash,0.0
6611,639,27,4,2025-03-24 09:16:26,Card,0.0
6612,594,19,3,2024-08-02 15:12:52,Cash,0.0
6613,273,3,1,2025-08-31 17:55:20,Cash,0.0
6614,822,11,2,2025-02-20 16:36:25,Card,0.0
6615,705,24,3,2024-04-06 10:11:20,Cash,56800.0
6616,972,20,3,2025-08-04 19:40:26,Card,0.0
6617,822,7,1,2024-04-02 11:52:52,Cash,0.0
6618,189,35,5,2025-10-18 19:40:58,Cash,0.0
6619,520,39,5,2024-12-04 14:21:07,Cash,0.0
6620,446,37,5,2024-04-28 12:41:00,Mobile Payment,445200.0
6621,,27,4,2025-02-07 10:57:11,Cash,201900.0
6622,251,13,2,2024-12-20 13:33:19,Cash,63100.0
6623,357,12,2,2024-08-30 13:51:21,Bank Transfer,190400.0
6624,999,4,1,2024-08-23 11:50:40,Cash,0.0
6625,676,25,4,2025-06-30 15:12:32,Mobile Payment,262100.0
6626,266,32,4,2024-06-30 10:05:06,Cash,0.0
6627,678,1,1,2024-03-16 18:44:27,Card,77100.0
6628,471,34,5,2024-11-12 12:45:40,Cash,716300.0
6629,70,14,2,2024-09-26 12:09:25,Mobile Payment,0.0
6630,225,32,4,2025-01-28 12:01:48,Card,89100.0
6631,317,8,1,2025-10-27 09:35:51,Cash,8900.0
6632,491,8,1,2024-09-05 17:25:13,Mobile Payment,156900.0
6633,586,39,5,2024-04-02 09:52:30,Card,0.0
6634,,36,5,2025-04-07 10:04:43,Cash,0.0
6635,289,30,4,2024-03-29 12:33:56,Mobile Payment,951100.0
6636,,30,4,2025-04-25 14:18:00,Mobile Payment,59900.0
6637,,21,3,2024-05-20 10:19:06,Card,0.0
6638,,30,4,2024-06-07 12:09:04,Cash,418900.0
6639,758,20,3,2025-01-12 17:06:25,Mobile Payment,0.0
6640,,7,1,2024-05-30 15:07:52,Cash,55100.0
6641,722,38,5,2024-05-02 19:07:25,Cash,203400.0
6642,525,4,1,2024-12-31 09:03:32,Card,472400.0
6643,,13,2,2024-08-08 19:21:17,Card,0.0
6644,,8,1,2024-03-12 18:57:11,Mobile Payment,0.0
6645,,35,5,2024-07-30 17:26:42,Bank Transfer,0.0
6646,859,7,1,2025-09-15 14:47:58,Mobile Payment,310400.0
6647,905,8,1,2024-10-07 12:06:20,Bank Transfer,406000.0
6648,427,7,1,2025-02-13 18:38:19,Bank Transfer,0.0
6649,497,10,2,2025-12-07 09:56:16,Cash,0.0
6650,161,36,5,2024-02-20 17:08:25,Mobile Payment,0.0
6651,724,20,3,2025-06-06 14:13:07,Cash,0.0
6652,460,39,5,2025-12-01 12:53:17,Cash,790700.0
6653,392,32,4,2024-06-16 15:16:07,Cash,0.0
6654,,3,1,2024-03-14 12:59:30,Cash,0.0
6655,174,3,1,2024-03-10 14:42:26,Cash,0.0
6656,,23,3,2025-05-05 10:55:48,Card,0.0
6657,485,6,1,2025-03-28 19:19:48,Card,0.0
6658,47,27,4,2024-07-06 15:57:26,Card,0.0
6659,,11,2,2024-01-04 10:37:01,Cash,0.0
6660,468,31,4,2025-05-24 10:17:47,Cash,117100.0
6661,10,3,1,2025-12-17 14:07:42,Mobile Payment,0.0
6662,15,9,2,2025-09-09 17:45:52,Cash,144600.0
6663,395,38,5,2025-09-30 19:26:14,Mobile Payment,0.0
6664,260,1,1,2025-06-03 11:33:54,Card,0.0
6665,,29,4,2025-03-17 17:10:04,Cash,0.0
6666,215,13,2,2025-01-04 16:17:52,Bank Transfer,137800.0
6667,40,30,4,2025-05-08 15:04:02,Mobile Payment,0.0
6668,708,13,2,2024-03-20 17:27:34,Cash,203300.0
6669,552,26,4,2025-10-26 13:14:54,Mobile Payment,0.0
6670,616,1,1,2025-01-24 18:19:26,Bank Transfer,0.0
6671,187,39,5,2025-02-19 17:38:59,Bank Transfer,0.0
6672,649,14,2,2024-05-16 19:02:11,Cash,0.0
6673,836,27,4,2025-03-08 13:12:47,Cash,0.0
6674,196,3,1,2025-04-08 12:12:24,Cash,0.0
6675,379,35,5,2025-06-20 19:34:13,Bank Transfer,672600.0
6676,,34,5,2024-09-19 17:38:03,Bank Transfer,0.0
6677,727,19,3,2025-05-28 18:24:24,Mobile Payment,0.0
6678,378,24,3,2024-03-17 15:44:30,Cash,24900.0
6679,953,35,5,2025-02-09 09:19:41,Card,0.0
6680,987,39,5,2024-12-03 14:38:37,Card,650500.0
6681,434,40,5,2025-05-03 16:56:15,Card,0.0
6682,,38,5,2025-05-28 19:33:26,Card,0.0
6683,393,7,1,2024-09-17 17:55:16,Mobile Payment,0.0
6684,423,36,5,2024-12-29 19:50:03,Mobile Payment,0.0
6685,506,15,2,2025-08-26 10:01:02,Bank Transfer,0.0
6686,754,7,1,2025-04-01 11:54:08,Card,0.0
6687,108,2,1,2024-11-26 09:08:15,Card,360100.0
6688,908,21,3,2024-02-27 10:54:07,Cash,295200.0
6689,312,5,1,2025-11-07 18:11:42,Cash,0.0
6690,857,12,2,2025-04-29 17:03:07,Cash,0.0
6691,761,19,3,2025-11-02 14:37:34,Mobile Payment,0.0
6692,319,36,5,2025-04-25 13:57:25,Card,0.0
6693,695,23,3,2024-12-21 10:12:07,Cash,88400.0
6694,772,15,2,2024-02-12 12:34:18,Cash,0.0
6695,621,11,2,2025-12-22 11:08:45,Cash,0.0
6696,,40,5,2024-12-02 15:41:53,Cash,90000.0
6697,,27,4,2025-08-01 19:28:48,Cash,0.0
6698,222,11,2,2025-04-26 11:58:38,Card,0.0
6699,723,22,3,2024-07-23 17:58:41,Mobile Payment,0.0
6700,743,21,3,2024-02-22 11:27:18,Mobile Payment,173400.0
6701,233,16,2,2024-07-18 12:27:33,Cash,0.0
6702,,5,1,2024-04-22 10:01:47,Cash,0.0
6703,683,6,1,2024-02-14 16:11:45,Cash,1091600.0
6704,186,38,5,2024-06-06 11:28:17,Mobile Payment,0.0
6705,,35,5,2024-03-23 11:45:32,Bank Transfer,103400.0
6706,862,4,1,2024-07-17 19:36:54,Card,0.0
6707,103,30,4,2024-08-26 15:16:47,Bank Transfer,0.0
6708,339,26,4,2025-01-03 09:55:35,Cash,0.0
6709,303,28,4,2025-03-24 13:25:42,Card,962900.0
6710,15,34,5,2024-12-11 13:24:58,Card,0.0
6711,922,16,2,2024-06-09 11:00:01,Card,0.0
6712,567,29,4,2025-03-15 16:22:11,Cash,45700.0
6713,268,30,4,2025-04-17 19:37:44,Card,63600.0
6714,409,22,3,2025-03-17 17:06:10,Bank Transfer,0.0
6715,180,33,5,2025-01-17 12:32:43,Mobile Payment,0.0
6716,339,24,3,2025-11-21 16:50:31,Cash,0.0
6717,,3,1,2024-06-23 13:46:23,Bank Transfer,0.0
6718,403,3,1,2025-05-29 10:04:25,Mobile Payment,110600.0
6719,380,31,4,2024-07-04 15:13:52,Card,169400.0
6720,,12,2,2024-04-29 10:15:11,Card,0.0
6721,427,31,4,2025-09-01 12:34:05,Cash,0.0
6722,591,39,5,2024-04-26 15:06:33,Cash,493600.0
6723,401,1,1,2025-06-15 10:21:49,Mobile Payment,0.0
6724,821,32,4,2024-09-07 10:24:18,Mobile Payment,754400.0
6725,490,13,2,2024-01-17 18:17:32,Cash,0.0
6726,494,40,5,2025-07-20 14:13:12,Mobile Payment,0.0
6727,841,24,3,2025-02-06 12:41:37,Cash,110300.0
6728,720,29,4,2025-03-10 15:19:38,Cash,0.0
6729,182,31,4,2024-03-05 18:09:44,Cash,12400.0
6730,487,20,3,2024-07-26 15:43:00,Cash,492200.0
6731,749,14,2,2024-11-01 14:04:19,Mobile Payment,0.0
6732,708,10,2,2025-03-09 09:59:40,Cash,637500.0
6733,228,14,2,2025-10-31 12:51:56,Card,0.0
6734,218,16,2,2024-11-26 14:33:57,Cash,45300.0
6735,724,9,2,2025-08-11 19:13:01,Mobile Payment,0.0
6736,768,37,5,2025-08-12 12:31:01,Mobile Payment,0.0
6737,619,37,5,2024-10-04 13:17:02,Cash,904900.0
6738,780,14,2,2024-07-11 13:55:47,Mobile Payment,194400.0
6739,,27,4,2025-05-11 09:34:07,Cash,178000.0
6740,570,27,4,2024-08-23 16:17:03,Card,0.0
6741,829,24,3,2025-04-22 09:50:51,Cash,8800.0
6742,386,28,4,2024-03-09 17:40:11,Bank Transfer,287100.0
6743,382,32,4,2025-01-07 10:48:47,Card,242100.0
6744,124,8,1,2024-05-27 12:49:49,Bank Transfer,243600.0
6745,250,9,2,2025-09-24 13:30:37,Bank Transfer,0.0
6746,280,3,1,2024-08-15 14:21:59,Card,326300.0
6747,,6,1,2024-01-06 18:06:47,Cash,129100.0
6748,720,20,3,2024-02-25 13:16:22,Cash,0.0
6749,,1,1,2025-08-26 13:23:03,Cash,0.0
6750,,16,2,2024-11-15 10:03:14,Bank Transfer,414500.0
6751,909,22,3,2025-05-14 15:38:26,Bank Transfer,50700.0
6752,141,12,2,2024-01-24 11:50:29,Mobile Payment,0.0
6753,778,14,2,2025-09-12 10:11:37,Mobile Payment,0.0
6754,,10,2,2025-07-08 17:21:27,Bank Transfer,0.0
6755,962,27,4,2025-04-19 10:21:34,Bank Transfer,186700.0
6756,735,9,2,2024-12-22 13:16:49,Cash,53100.0
6757,30,21,3,2024-05-30 11:03:15,Mobile Payment,0.0
6758,683,11,2,2024-09-20 14:55:45,Card,0.0
6759,716,36,5,2025-09-15 11:32:21,Mobile Payment,0.0
6760,13,32,4,2025-10-19 11:31:58,Mobile Payment,0.0
6761,952,27,4,2025-12-03 15:41:15,Card,0.0
6762,695,5,1,2024-01-19 18:49:12,Mobile Payment,89300.0
6763,452,35,5,2025-10-06 18:43:19,Mobile Payment,407400.0
6764,88,40,5,2025-06-21 09:52:18,Mobile Payment,127500.0
6765,305,31,4,2025-10-13 13:57:23,Bank Transfer,0.0
6766,,8,1,2025-04-03 09:05:32,Cash,0.0
6767,860,3,1,2024-07-24 19:34:30,Card,0.0
6768,,3,1,2024-09-12 10:21:24,Bank Transfer,0.0
6769,449,1,1,2025-06-25 10:56:23,Mobile Payment,45500.0
6770,290,34,5,2025-09-16 09:24:31,Cash,0.0
6771,830,2,1,2024-08-12 17:42:57,Cash,0.0
6772,83,29,4,2025-12-10 14:20:18,Mobile Payment,0.0
6773,,31,4,2025-11-27 15:12:47,Bank Transfer,0.0
6774,70,4,1,2024-06-02 09:52:22,Cash,0.0
6775,,37,5,2024-04-03 13:32:02,Cash,0.0
6776,777,31,4,2024-10-29 15:05:05,Card,312500.0
6777,,33,5,2024-01-21 16:40:47,Cash,306800.0
6778,531,33,5,2024-08-06 17:00:26,Mobile Payment,0.0
6779,21,10,2,2024-04-27 09:14:06,Cash,306500.0
6780,912,31,4,2024-03-14 12:33:25,Mobile Payment,0.0
6781,,1,1,2024-11-21 18:24:51,Cash,0.0
6782,,6,1,2025-05-29 17:16:35,Cash,66600.0
6783,531,17,3,2024-08-19 16:21:19,Card,0.0
6784,544,13,2,2025-05-17 18:52:52,Cash,379400.0
6785,177,10,2,2024-12-10 12:07:05,Bank Transfer,0.0
6786,669,22,3,2024-03-22 14:14:41,Cash,298300.0
6787,336,10,2,2025-10-05 12:32:43,Mobile Payment,0.0
6788,648,40,5,2024-12-01 16:29:52,Bank Transfer,122500.0
6789,584,1,1,2024-02-28 18:37:22,Cash,26000.0
6790,773,25,4,2024-08-01 13:35:17,Mobile Payment,0.0
6791,276,24,3,2024-03-13 11:40:25,Card,39600.0
6792,578,23,3,2025-01-22 17:02:31,Mobile Payment,0.0
6793,558,2,1,2025-02-16 17:51:18,Mobile Payment,0.0
6794,452,24,3,2024-11-04 10:38:25,Cash,106900.0
6795,869,1,1,2025-09-05 18:56:23,Cash,133200.0
6796,236,16,2,2024-05-06 16:22:39,Mobile Payment,0.0
6797,534,36,5,2024-10-23 13:10:44,Bank Transfer,0.0
6798,303,39,5,2025-10-14 10:16:05,Cash,0.0
6799,,19,3,2024-05-18 10:34:22,Cash,0.0
6800,723,28,4,2025-05-24 15:55:05,Mobile Payment,0.0
6801,723,36,5,2025-11-11 19:39:03,Card,0.0
6802,517,26,4,2024-02-15 11:02:04,Bank Transfer,0.0
6803,906,10,2,2024-10-03 10:23:22,Cash,0.0
6804,,6,1,2025-08-06 19:58:56,Bank Transfer,811300.0
6805,859,9,2,2024-05-23 10:58:51,Card,72400.0
6806,60,24,3,2025-05-08 10:09:54,Mobile Payment,0.0
6807,587,12,2,2024-06-21 12:32:21,Cash,0.0
6808,547,8,1,2025-01-29 15:24:17,Cash,0.0
6809,58,5,1,2025-01-01 13:45:17,Card,0.0
6810,288,12,2,2025-01-17 09:16:52,Cash,0.0
6811,,24,3,2024-05-15 15:09:26,Card,481300.0
6812,171,7,1,2025-12-30 11:36:44,Card,117100.0
6813,328,35,5,2025-07-05 09:31:38,Mobile Payment,0.0
6814,663,18,3,2025-08-15 18:07:30,Cash,0.0
6815,751,16,2,2025-08-07 17:59:34,Bank Transfer,0.0
6816,33,20,3,2024-08-31 15:14:46,Cash,0.0
6817,693,30,4,2024-02-05 10:56:27,Cash,696800.0
6818,784,11,2,2024-03-24 14:54:00,Cash,1050000.0
6819,865,17,3,2024-12-07 16:29:51,Mobile Payment,0.0
6820,657,35,5,2025-05-22 09:22:53,Card,0.0
6821,322,22,3,2025-08-11 13:59:41,Card,33200.0
6822,356,5,1,2025-09-04 13:14:56,Cash,0.0
6823,664,6,1,2024-06-29 16:09:31,Cash,0.0
6824,956,8,1,2025-02-27 14:46:22,Cash,0.0
6825,138,1,1,2024-07-09 12:48:51,Cash,0.0
6826,918,30,4,2024-12-28 10:57:18,Cash,0.0
6827,303,37,5,2025-01-23 09:37:44,Bank Transfer,212900.0
6828,611,31,4,2025-08-16 13:05:53,Card,0.0
6829,928,26,4,2024-04-20 17:49:05,Card,380300.0
6830,,18,3,2024-05-17 13:18:15,Cash,0.0
6831,109,39,5,2025-09-01 12:52:18,Mobile Payment,5300.0
6832,198,1,1,2025-09-05 16:46:58,Cash,0.0
6833,,40,5,2024-01-09 09:52:59,Card,0.0
6834,874,5,1,2025-01-16 11:51:01,Bank Transfer,0.0
6835,477,38,5,2024-05-04 18:45:22,Cash,70100.0
6836,727,17,3,2025-09-30 17:55:30,Bank Transfer,158400.0
6837,183,29,4,2025-04-15 19:47:29,Cash,0.0
6838,686,34,5,2024-04-09 19:34:51,Bank Transfer,0.0
6839,,2,1,2025-11-04 18:15:52,Cash,0.0
6840,632,5,1,2025-05-21 15:52:34,Cash,0.0
6841,437,20,3,2024-08-13 13:29:00,Cash,0.0
6842,506,28,4,2024-06-04 10:04:52,Cash,449100.0
6843,353,16,2,2025-06-13 13:53:20,Mobile Payment,245400.0
6844,388,39,5,2024-04-08 18:19:46,Card,0.0
6845,416,37,5,2025-01-11 09:55:24,Bank Transfer,44100.0
6846,61,13,2,2025-02-02 16:16:35,Cash,0.0
6847,809,23,3,2024-04-04 13:30:25,Cash,0.0
6848,,20,3,2025-08-19 12:36:12,Cash,353500.0
6849,41,13,2,2025-11-20 15:16:29,Cash,0.0
6850,445,8,1,2025-10-05 09:29:35,Mobile Payment,0.0
6851,157,12,2,2024-09-26 19:59:03,Cash,0.0
6852,,30,4,2024-02-11 18:18:15,Cash,304000.0
6853,15,39,5,2024-10-22 15:59:37,Mobile Payment,0.0
6854,,39,5,2025-02-16 11:26:42,Cash,0.0
6855,506,12,2,2025-05-12 16:32:31,Bank Transfer,0.0
6856,902,38,5,2025-07-22 13:11:45,Cash,0.0
6857,902,20,3,2024-01-05 09:20:43,Cash,185800.0
6858,423,4,1,2025-05-08 14:53:36,Cash,0.0
6859,107,5,1,2024-02-16 12:28:11,Bank Transfer,0.0
6860,203,20,3,2024-10-14 15:38:57,Card,0.0
6861,438,19,3,2025-06-10 09:33:16,Cash,0.0
6862,345,10,2,2025-12-10 10:15:28,Bank Transfer,0.0
6863,832,21,3,2025-12-28 18:36:23,Mobile Payment,0.0
6864,592,6,1,2024-02-24 12:50:07,Bank Transfer,0.0
6865,,7,1,2025-12-01 17:06:22,Card,0.0
6866,505,7,1,2024-02-24 13:44:40,Card,0.0
6867,616,2,1,2024-01-30 11:27:38,Bank Transfer,288500.0
6868,,3,1,2025-06-21 13:18:15,Bank Transfer,149400.0
6869,989,36,5,2025-02-10 12:26:19,Mobile Payment,0.0
6870,628,14,2,2025-01-29 10:10:01,Cash,108900.0
6871,624,21,3,2024-12-12 13:02:10,Cash,0.0
6872,,35,5,2024-03-16 19:34:00,Mobile Payment,0.0
6873,717,34,5,2025-01-15 11:08:51,Cash,27500.0
6874,985,37,5,2025-03-04 14:42:42,Bank Transfer,189500.0
6875,70,18,3,2025-08-13 18:05:06,Card,0.0
6876,,40,5,2024-08-23 09:23:07,Card,0.0
6877,212,10,2,2024-09-19 10:09:30,Cash,0.0
6878,671,5,1,2024-10-01 14:48:44,Mobile Payment,0.0
6879,,38,5,2024-04-10 16:35:31,Mobile Payment,0.0
6880,,37,5,2025-01-05 12:35:06,Card,146100.0
6881,110,17,3,2025-09-06 17:55:30,Mobile Payment,0.0
6882,826,7,1,2025-06-10 18:18:47,Mobile Payment,0.0
6883,228,7,1,2024-05-19 16:19:43,Mobile Payment,0.0
6884,92,20,3,2025-03-10 13:21:54,Cash,0.0
6885,49,34,5,2024-05-17 13:28:35,Mobile Payment,0.0
6886,663,25,4,2024-03-24 10:00:19,Mobile Payment,0.0
6887,260,18,3,2024-09-23 18:33:29,Mobile Payment,0.0
6888,589,33,5,2025-04-11 19:53:27,Cash,98600.0
6889,,7,1,2025-02-08 13:40:01,Mobile Payment,0.0
6890,33,14,2,2024-09-21 11:10:25,Mobile Payment,0.0
6891,257,27,4,2025-06-15 13:37:59,Mobile Payment,0.0
6892,756,7,1,2025-11-20 11:32:49,Mobile Payment,0.0
6893,853,7,1,2024-06-30 18:32:20,Cash,0.0
6894,972,7,1,2025-09-09 16:16:15,Cash,51700.0
6895,112,36,5,2024-06-04 13:02:55,Card,0.0
6896,163,24,3,2024-11-09 11:51:33,Cash,169300.0
6897,941,32,4,2025-02-27 09:09:13,Cash,6900.0
6898,548,13,2,2024-08-02 15:55:03,Cash,9000.0
6899,344,28,4,2024-05-08 14:52:27,Mobile Payment,786300.0
6900,,18,3,2024-01-12 12:02:54,Bank Transfer,0.0
6901,817,11,2,2025-05-25 11:15:46,Bank Transfer,527700.0
6902,287,29,4,2024-12-11 09:57:35,Card,0.0
6903,,35,5,2024-10-30 16:16:55,Cash,0.0
6904,752,15,2,2024-12-06 13:16:13,Cash,346700.0
6905,479,18,3,2025-11-19 16:16:48,Cash,42200.0
6906,704,20,3,2024-10-18 12:37:51,Cash,0.0
6907,40,2,1,2025-01-03 16:53:29,Mobile Payment,354400.0
6908,544,26,4,2024-08-05 18:50:00,Card,3800.0
6909,961,15,2,2025-09-19 19:30:36,Cash,97800.0
6910,617,19,3,2024-12-09 15:19:38,Card,19700.0
6911,559,8,1,2024-02-22 14:57:43,Cash,0.0
6912,531,12,2,2024-02-29 14:56:03,Mobile Payment,0.0
6913,,14,2,2024-07-29 11:22:34,Bank Transfer,263000.0
6914,,36,5,2025-05-30 17:05:36,Mobile Payment,0.0
6915,248,8,1,2024-09-08 19:38:46,Cash,0.0
6916,350,18,3,2024-03-29 16:03:54,Card,0.0
6917,86,34,5,2024-09-28 14:11:20,Bank Transfer,0.0
6918,769,2,1,2025-04-14 15:16:31,Mobile Payment,0.0
6919,414,5,1,2025-09-04 17:41:31,Bank Transfer,203300.0
6920,693,11,2,2024-02-20 15:37:03,Mobile Payment,1561000.0
6921,166,19,3,2025-06-12 10:05:35,Card,0.0
6922,598,36,5,2025-02-16 18:20:24,Bank Transfer,644200.0
6923,350,19,3,2024-08-11 12:33:18,Card,0.0
6924,930,7,1,2025-05-17 15:18:22,Mobile Payment,0.0
6925,207,29,4,2025-05-15 10:43:47,Cash,158700.0
6926,424,2,1,2024-09-10 15:53:22,Card,0.0
6927,322,35,5,2025-05-17 09:49:56,Mobile Payment,428000.0
6928,800,33,5,2025-02-02 18:03:30,Cash,0.0
6929,,37,5,2025-03-30 17:41:20,Card,0.0
6930,87,11,2,2025-12-17 12:13:56,Mobile Payment,284300.0
6931,488,19,3,2024-04-26 11:56:02,Cash,0.0
6932,329,13,2,2025-11-12 13:46:59,Mobile Payment,1100700.0
6933,876,31,4,2025-10-09 11:46:11,Mobile Payment,126600.0
6934,,37,5,2024-08-25 14:07:55,Cash,0.0
6935,24,35,5,2024-06-08 16:44:02,Bank Transfer,0.0
6936,269,2,1,2024-06-21 17:27:37,Cash,0.0
6937,842,35,5,2025-11-28 16:26:40,Cash,395900.0
6938,,22,3,2024-06-25 13:06:17,Mobile Payment,527300.0
6939,525,2,1,2024-10-31 19:20:07,Mobile Payment,0.0
6940,285,26,4,2025-03-11 12:20:03,Cash,0.0
6941,750,5,1,2025-09-21 15:02:37,Cash,160900.0
6942,358,18,3,2024-03-19 12:14:08,Cash,0.0
6943,,5,1,2025-06-24 11:57:01,Mobile Payment,0.0
6944,962,25,4,2024-07-17 19:19:59,Card,0.0
6945,437,3,1,2025-10-06 10:58:05,Card,0.0
6946,853,13,2,2025-08-26 10:00:54,Cash,0.0
6947,525,27,4,2025-03-17 19:29:37,Card,28500.0
6948,885,36,5,2025-12-04 18:25:01,Bank Transfer,0.0
6949,390,13,2,2024-10-08 18:50:08,Mobile Payment,0.0
6950,491,28,4,2025-05-02 19:20:26,Bank Transfer,33800.0
6951,613,31,4,2024-10-29 19:13:19,Cash,143500.0
6952,964,28,4,2025-12-28 16:37:08,Bank Transfer,0.0
6953,609,19,3,2024-07-24 15:52:19,Mobile Payment,99600.0
6954,452,4,1,2024-12-21 10:08:19,Mobile Payment,0.0
6955,357,25,4,2025-07-02 19:26:36,Cash,0.0
6956,120,1,1,2024-12-01 12:00:13,Cash,0.0
6957,537,20,3,2024-07-10 09:32:33,Card,73200.0
6958,133,19,3,2024-01-01 18:03:26,Cash,824500.0
6959,813,20,3,2025-02-16 17:47:09,Mobile Payment,85800.0
6960,968,9,2,2025-11-06 18:09:20,Mobile Payment,0.0
6961,,25,4,2025-05-07 12:02:12,Mobile Payment,58400.0
6962,269,39,5,2024-03-29 17:19:34,Card,145900.0
6963,,12,2,2025-01-11 15:42:30,Cash,2205100.0
6964,108,9,2,2025-09-26 18:25:22,Bank Transfer,0.0
6965,765,38,5,2024-02-03 19:03:44,Cash,0.0
6966,588,29,4,2025-08-18 11:29:21,Cash,881400.0
6967,,15,2,2025-12-27 16:35:46,Cash,0.0
6968,458,39,5,2024-07-23 15:28:02,Cash,355000.0
6969,722,23,3,2024-06-01 11:55:39,Cash,0.0
6970,324,7,1,2024-10-15 13:38:04,Cash,0.0
6971,796,32,4,2025-01-30 09:07:28,Bank Transfer,48700.0
6972,519,10,2,2025-03-20 14:57:45,Card,0.0
6973,143,16,2,2025-01-02 16:47:25,Card,0.0
6974,106,11,2,2025-01-15 14:14:16,Bank Transfer,0.0
6975,766,22,3,2025-04-17 18:17:29,Card,0.0
6976,313,39,5,2025-05-23 10:28:53,Cash,0.0
6977,724,27,4,2024-09-20 12:13:21,Mobile Payment,562400.0
6978,877,35,5,2025-09-16 13:08:36,Mobile Payment,0.0
6979,717,14,2,2025-09-18 16:43:42,Bank Transfer,223700.0
6980,766,35,5,2024-12-06 18:34:15,Mobile Payment,42600.0
6981,,16,2,2024-06-26 17:24:00,Mobile Payment,110000.0
6982,65,34,5,2025-03-09 10:37:43,Cash,0.0
6983,155,29,4,2024-08-19 09:05:02,Card,0.0
6984,350,40,5,2024-01-30 11:46:25,Mobile Payment,0.0
6985,71,32,4,2024-05-10 13:34:49,Bank Transfer,204000.0
6986,231,19,3,2024-09-15 19:53:01,Mobile Payment,42900.0
6987,,13,2,2024-10-28 16:19:56,Mobile Payment,0.0
6988,491,19,3,2025-11-24 17:51:29,Mobile Payment,40400.0
6989,144,1,1,2024-01-11 16:07:39,Mobile Payment,0.0
6990,,8,1,2025-03-29 12:19:37,Bank Transfer,24600.0
6991,425,38,5,2024-10-19 09:21:40,Bank Transfer,33400.0
6992,767,37,5,2024-03-23 11:39:34,Bank Transfer,0.0
6993,737,10,2,2025-12-04 19:31:30,Cash,300000.0
6994,892,1,1,2025-05-04 09:37:50,Mobile Payment,0.0
6995,415,8,1,2025-11-24 19:36:49,Mobile Payment,20500.0
6996,350,15,2,2025-11-22 13:48:13,Card,0.0
6997,939,8,1,2024-02-17 16:41:41,Cash,0.0
6998,932,22,3,2025-12-16 10:48:32,Card,0.0
6999,779,37,5,2025-06-16 14:47:19,Cash,0.0
7000,653,20,3,2024-01-22 14:58:11,Bank Transfer,0.0
7001,931,10,2,2024-04-21 10:21:23,Cash,50600.0
7002,169,12,2,2025-11-19 16:12:00,Cash,62200.0
7003,689,23,3,2025-11-04 17:48:55,Mobile Payment,267800.0
7004,974,26,4,2024-03-22 19:50:59,Bank Transfer,39000.0
7005,365,6,1,2025-09-13 11:47:05,Mobile Payment,151400.0
7006,204,10,2,2024-08-26 11:50:35,Bank Transfer,0.0
7007,532,18,3,2024-09-06 13:17:00,Cash,0.0
7008,697,32,4,2025-03-19 12:18:17,Cash,0.0
7009,401,26,4,2025-10-22 12:39:43,Card,1037400.0
7010,827,27,4,2025-04-16 11:08:38,Mobile Payment,0.0
7011,,17,3,2025-01-19 16:09:41,Cash,280800.0
7012,265,35,5,2024-09-18 17:14:56,Bank Transfer,110800.0
7013,279,22,3,2025-09-24 15:42:25,Bank Transfer,395300.0
7014,196,9,2,2024-08-07 10:23:33,Cash,0.0
7015,48,2,1,2024-11-18 18:47:11,Mobile Payment,0.0
7016,999,14,2,2025-10-24 19:19:48,Card,0.0
7017,781,4,1,2024-01-12 15:41:54,Bank Transfer,0.0
7018,85,35,5,2025-11-24 11:39:30,Mobile Payment,0.0
7019,565,27,4,2025-09-15 18:33:58,Cash,481800.0
7020,859,32,4,2024-11-23 14:53:28,Mobile Payment,453900.0
7021,746,1,1,2025-08-04 10:40:44,Card,0.0
7022,,16,2,2025-03-04 13:50:46,Mobile Payment,231900.0
7023,532,19,3,2024-03-04 18:55:52,Bank Transfer,342400.0
7024,856,7,1,2024-05-04 17:38:03,Card,0.0
7025,414,31,4,2024-03-18 14:56:48,Cash,21100.0
7026,807,31,4,2024-11-20 16:32:44,Cash,0.0
7027,448,40,5,2025-06-27 19:32:52,Cash,393800.0
7028,630,17,3,2024-12-07 15:55:30,Mobile Payment,0.0
7029,178,30,4,2025-02-19 19:10:22,Mobile Payment,474500.0
7030,955,20,3,2024-12-30 12:19:52,Cash,0.0
7031,187,5,1,2025-12-28 16:03:43,Bank Transfer,0.0
7032,893,18,3,2024-01-25 15:26:34,Cash,22300.0
7033,408,30,4,2025-08-16 15:02:08,Cash,0.0
7034,,12,2,2025-01-10 16:03:20,Bank Transfer,0.0
7035,451,36,5,2025-05-02 11:37:01,Mobile Payment,0.0
7036,708,17,3,2025-11-27 12:53:49,Cash,52100.0
7037,239,10,2,2025-10-06 10:59:30,Cash,0.0
7038,,17,3,2025-09-11 17:00:31,Cash,0.0
7039,974,18,3,2024-01-07 16:44:21,Bank Transfer,0.0
7040,,32,4,2025-10-14 19:24:08,Card,332500.0
7041,169,21,3,2025-08-10 10:53:33,Card,0.0
7042,279,36,5,2025-06-18 13:56:16,Card,0.0
7043,461,10,2,2024-03-23 11:07:16,Card,206900.0
7044,418,4,1,2024-07-07 13:08:27,Bank Transfer,0.0
7045,544,39,5,2024-10-12 16:26:53,Cash,0.0
7046,312,13,2,2025-03-18 16:24:43,Cash,0.0
7047,455,5,1,2024-07-27 16:35:44,Cash,0.0
7048,927,27,4,2025-02-01 16:17:40,Cash,87700.0
7049,115,33,5,2025-01-07 14:09:27,Cash,0.0
7050,220,7,1,2024-01-24 15:39:56,Cash,0.0
7051,739,9,2,2025-06-20 10:48:12,Cash,0.0
7052,103,39,5,2024-10-07 18:20:45,Mobile Payment,0.0
7053,659,31,4,2024-08-07 16:39:31,Cash,0.0
7054,823,25,4,2025-09-16 09:34:13,Mobile Payment,98900.0
7055,434,16,2,2025-05-15 18:46:36,Card,0.0
7056,743,15,2,2024-04-03 18:17:25,Mobile Payment,0.0
7057,163,28,4,2024-03-11 14:01:56,Mobile Payment,0.0
7058,,32,4,2025-04-19 17:41:05,Cash,30200.0
7059,,26,4,2025-09-28 19:58:37,Bank Transfer,0.0
7060,922,19,3,2024-03-17 14:40:08,Card,0.0
7061,,10,2,2024-04-18 17:42:59,Cash,0.0
7062,316,39,5,2024-09-14 11:53:22,Mobile Payment,28800.0
7063,432,35,5,2024-10-14 15:15:16,Card,0.0
7064,310,38,5,2025-12-10 12:12:46,Bank Transfer,0.0
7065,73,25,4,2025-07-04 19:25:55,Cash,0.0
7066,779,38,5,2025-07-30 19:50:52,Cash,0.0
7067,107,12,2,2025-10-14 13:22:51,Cash,0.0
7068,,15,2,2024-08-26 12:37:43,Cash,0.0
7069,,13,2,2024-01-04 10:05:50,Cash,0.0
7070,376,26,4,2025-06-23 18:14:28,Mobile Payment,141600.0
7071,762,36,5,2025-02-25 16:22:26,Bank Transfer,0.0
7072,165,17,3,2024-04-26 11:50:28,Cash,47500.0
7073,365,28,4,2024-04-02 12:22:04,Cash,0.0
7074,618,27,4,2024-10-17 09:40:25,Card,0.0
7075,887,34,5,2025-11-14 10:38:37,Bank Transfer,290500.0
7076,67,10,2,2025-01-25 16:29:07,Bank Transfer,0.0
7077,564,37,5,2025-10-25 13:11:57,Mobile Payment,0.0
7078,495,32,4,2025-01-28 09:55:58,Card,0.0
7079,686,35,5,2025-06-24 15:10:34,Cash,0.0
7080,126,11,2,2024-10-10 11:39:46,Mobile Payment,0.0
7081,,24,3,2024-06-19 09:27:09,Bank Transfer,534800.0
7082,726,19,3,2025-02-20 16:32:52,Cash,151300.0
7083,143,5,1,2024-03-10 16:34:32,Cash,1015800.0
7084,903,35,5,2025-07-19 17:24:34,Cash,0.0
7085,153,33,5,2024-04-23 19:16:55,Cash,99000.0
7086,976,10,2,2024-07-28 16:32:49,Mobile Payment,0.0
7087,728,20,3,2024-12-23 19:49:47,Mobile Payment,0.0
7088,136,19,3,2024-02-04 17:42:13,Bank Transfer,1044100.0
7089,299,25,4,2025-02-09 17:24:16,Cash,0.0
7090,156,23,3,2025-02-07 19:26:18,Cash,765700.0
7091,832,12,2,2025-10-18 12:31:50,Mobile Payment,0.0
7092,107,39,5,2025-05-18 11:28:25,Card,0.0
7093,,38,5,2024-09-30 14:43:23,Cash,0.0
7094,569,19,3,2024-02-14 09:50:53,Card,439200.0
7095,352,38,5,2025-07-01 14:14:17,Mobile Payment,248600.0
7096,448,2,1,2025-07-10 10:49:43,Mobile Payment,0.0
7097,176,18,3,2024-11-06 12:38:39,Mobile Payment,0.0
7098,688,26,4,2024-10-03 10:44:45,Card,0.0
7099,512,12,2,2025-11-28 17:33:34,Mobile Payment,0.0
7100,286,31,4,2025-09-16 14:27:58,Bank Transfer,0.0
7101,695,29,4,2024-02-19 13:07:50,Cash,268300.0
7102,746,8,1,2024-04-26 13:38:28,Card,89700.0
7103,253,34,5,2024-03-01 16:20:24,Cash,0.0
7104,215,40,5,2024-02-04 11:00:32,Card,0.0
7105,603,3,1,2024-06-30 10:25:22,Cash,0.0
7106,315,9,2,2024-11-20 19:14:40,Card,0.0
7107,972,1,1,2024-12-03 15:47:11,Card,0.0
7108,476,8,1,2024-10-04 09:59:58,Card,0.0
7109,380,11,2,2025-04-14 10:44:53,Card,29100.0
7110,172,11,2,2025-09-13 14:50:36,Bank Transfer,97000.0
7111,395,34,5,2025-05-16 10:23:26,Cash,0.0
7112,61,10,2,2024-02-01 09:39:20,Cash,0.0
7113,955,15,2,2024-06-06 19:27:06,Card,0.0
7114,327,29,4,2024-01-23 15:16:05,Cash,361700.0
7115,,20,3,2025-10-20 16:14:34,Bank Transfer,50600.0
7116,39,1,1,2024-03-22 13:39:13,Card,0.0
7117,39,1,1,2024-12-30 18:56:41,Cash,219200.0
7118,81,5,1,2025-02-27 16:36:24,Card,0.0
7119,962,19,3,2025-05-09 15:38:56,Cash,0.0
7120,,24,3,2024-07-25 13:55:21,Mobile Payment,0.0
7121,459,40,5,2025-03-17 17:30:14,Bank Transfer,168200.0
7122,92,21,3,2025-10-27 14:56:32,Mobile Payment,0.0
7123,164,11,2,2024-12-24 19:23:23,Card,0.0
7124,,25,4,2024-05-06 11:21:35,Card,0.0
7125,719,23,3,2024-11-23 14:54:46,Mobile Payment,0.0
7126,844,20,3,2024-10-01 18:54:42,Card,0.0
7127,13,20,3,2024-11-23 09:11:10,Card,0.0
7128,664,16,2,2025-03-26 18:12:22,Card,0.0
7129,,5,1,2025-09-02 10:11:17,Bank Transfer,0.0
7130,207,36,5,2024-05-05 15:37:29,Cash,135500.0
7131,389,9,2,2025-03-12 13:55:43,Mobile Payment,1167200.0
7132,283,17,3,2025-03-19 18:35:52,Cash,0.0
7133,,9,2,2024-08-19 11:59:52,Mobile Payment,0.0
7134,74,27,4,2025-02-19 12:42:09,Mobile Payment,0.0
7135,717,33,5,2025-08-26 17:16:53,Mobile Payment,0.0
7136,402,12,2,2025-03-29 15:10:36,Mobile Payment,0.0
7137,477,21,3,2024-04-28 15:23:32,Cash,67300.0
7138,305,2,1,2024-11-10 12:35:31,Mobile Payment,56600.0
7139,845,24,3,2024-11-15 19:40:17,Bank Transfer,0.0
7140,385,1,1,2025-09-13 12:29:00,Mobile Payment,495600.0
7141,153,38,5,2024-04-06 15:36:53,Card,103600.0
7142,695,11,2,2024-07-30 10:23:47,Cash,121400.0
7143,388,37,5,2024-10-30 14:24:51,Cash,0.0
7144,3,40,5,2025-12-11 19:44:04,Bank Transfer,0.0
7145,893,19,3,2024-03-04 18:18:04,Cash,0.0
7146,714,14,2,2024-07-23 09:26:34,Cash,0.0
7147,,31,4,2025-12-13 11:07:38,Mobile Payment,0.0
7148,,39,5,2024-08-25 16:25:45,Bank Transfer,120700.0
7149,240,33,5,2025-07-11 14:31:59,Cash,0.0
7150,481,5,1,2024-09-15 10:41:02,Cash,904100.0
7151,862,40,5,2024-07-01 18:08:30,Bank Transfer,0.0
7152,431,22,3,2024-12-31 16:48:10,Cash,459000.0
7153,829,13,2,2025-10-02 18:18:46,Cash,188700.0
7154,571,13,2,2024-03-22 12:41:40,Card,0.0
7155,,28,4,2025-11-05 16:52:14,Card,717400.0
7156,,19,3,2024-06-13 18:49:38,Mobile Payment,0.0
7157,776,27,4,2025-10-22 11:55:08,Cash,0.0
7158,134,17,3,2024-10-28 19:37:30,Cash,28500.0
7159,966,27,4,2024-08-12 18:35:20,Card,0.0
7160,702,34,5,2025-12-25 09:02:26,Mobile Payment,39900.0
7161,119,32,4,2025-04-28 17:39:44,Cash,0.0
7162,456,25,4,2024-07-15 13:52:04,Card,0.0
7163,712,30,4,2024-12-27 18:44:16,Cash,271900.0
7164,362,11,2,2025-02-24 16:32:56,Bank Transfer,0.0
7165,801,26,4,2025-03-21 18:21:55,Card,639300.0
7166,,32,4,2024-09-07 18:35:23,Mobile Payment,0.0
7167,11,29,4,2025-01-29 11:38:10,Bank Transfer,0.0
7168,718,31,4,2024-12-26 10:51:34,Mobile Payment,0.0
7169,,22,3,2024-05-09 11:21:16,Bank Transfer,0.0
7170,156,6,1,2024-07-19 10:39:58,Bank Transfer,81200.0
7171,48,26,4,2025-10-20 18:30:28,Cash,105000.0
7172,591,2,1,2025-08-05 19:20:27,Cash,0.0
7173,,25,4,2024-07-30 19:52:19,Bank Transfer,0.0
7174,559,8,1,2025-02-20 09:45:07,Cash,507800.0
7175,996,18,3,2025-03-03 19:59:24,Mobile Payment,0.0
7176,614,3,1,2024-02-03 16:24:05,Mobile Payment,0.0
7177,759,5,1,2024-10-31 17:59:56,Mobile Payment,0.0
7178,880,21,3,2025-06-16 18:01:40,Mobile Payment,300700.0
7179,974,23,3,2025-01-16 17:49:24,Bank Transfer,0.0
7180,276,27,4,2024-12-01 11:25:30,Mobile Payment,404400.0
7181,730,40,5,2024-02-23 10:05:33,Cash,85900.0
7182,624,37,5,2024-09-10 15:18:21,Bank Transfer,267300.0
7183,,10,2,2024-02-13 09:46:19,Cash,137700.0
7184,266,13,2,2025-02-01 18:02:04,Bank Transfer,24200.0
7185,202,29,4,2024-04-26 10:12:51,Card,0.0
7186,,19,3,2024-02-25 09:37:22,Cash,0.0
7187,416,5,1,2025-06-06 14:50:16,Mobile Payment,101800.0
7188,497,2,1,2024-10-11 15:09:04,Cash,481200.0
7189,46,15,2,2025-10-16 16:43:36,Cash,54100.0
7190,414,36,5,2024-03-20 18:39:58,Cash,0.0
7191,81,10,2,2025-01-21 18:47:53,Cash,0.0
7192,819,34,5,2025-07-19 13:24:44,Cash,0.0
7193,772,7,1,2025-06-27 09:52:24,Card,0.0
7194,295,7,1,2025-01-10 19:10:30,Card,0.0
7195,733,33,5,2025-01-27 15:48:45,Mobile Payment,0.0
7196,823,24,3,2024-12-25 13:42:35,Mobile Payment,39700.0
7197,187,18,3,2024-10-02 11:21:55,Cash,0.0
7198,188,8,1,2024-09-15 19:52:55,Card,136000.0
7199,997,17,3,2025-10-14 18:43:57,Cash,75900.0
7200,438,22,3,2025-04-09 09:58:46,Mobile Payment,536300.0
7201,,12,2,2024-02-21 12:14:25,Bank Transfer,247400.0
7202,324,7,1,2024-05-13 18:17:56,Mobile Payment,0.0
7203,340,11,2,2024-10-17 15:55:19,Bank Transfer,340000.0
7204,856,40,5,2025-06-08 19:59:00,Mobile Payment,0.0
7205,491,39,5,2024-02-05 09:30:04,Card,0.0
7206,958,40,5,2025-08-19 15:26:42,Cash,178100.0
7207,587,14,2,2025-03-06 18:56:43,Cash,64000.0
7208,853,31,4,2024-06-17 19:11:15,Cash,387700.0
7209,875,37,5,2024-11-06 18:02:38,Cash,0.0
7210,566,35,5,2025-02-03 19:57:13,Mobile Payment,0.0
7211,,14,2,2025-01-15 15:54:40,Mobile Payment,216300.0
7212,444,14,2,2024-07-29 13:31:07,Cash,0.0
7213,535,33,5,2024-10-16 16:07:29,Cash,274300.0
7214,587,17,3,2025-03-19 09:16:15,Card,321000.0
7215,574,9,2,2025-01-03 18:57:00,Cash,0.0
7216,613,29,4,2025-12-09 19:04:25,Bank Transfer,0.0
7217,975,40,5,2025-03-10 16:43:39,Card,656700.0
7218,913,3,1,2024-01-25 18:04:18,Bank Transfer,33400.0
7219,163,1,1,2024-01-24 11:28:53,Mobile Payment,223000.0
7220,,30,4,2024-06-20 17:24:23,Card,251000.0
7221,289,9,2,2025-07-17 09:45:28,Cash,0.0
7222,13,39,5,2024-06-12 09:07:51,Cash,0.0
7223,5,32,4,2024-07-30 16:49:18,Cash,226100.0
7224,866,18,3,2025-03-01 19:07:40,Cash,0.0
7225,475,39,5,2024-07-07 17:57:53,Mobile Payment,0.0
7226,285,39,5,2025-08-28 19:29:31,Cash,475900.0
7227,654,1,1,2024-05-08 14:12:37,Card,0.0
7228,203,38,5,2024-07-13 17:28:50,Cash,389600.0
7229,3,40,5,2025-05-05 13:49:43,Cash,0.0
7230,11,4,1,2024-04-03 10:33:06,Bank Transfer,0.0
7231,433,39,5,2025-09-17 11:48:33,Mobile Payment,0.0
7232,537,17,3,2024-10-09 11:17:56,Cash,381500.0
7233,,37,5,2025-11-21 12:08:30,Card,106500.0
7234,683,21,3,2025-07-07 17:12:41,Cash,559700.0
7235,476,26,4,2024-08-05 14:42:41,Cash,87100.0
7236,894,21,3,2025-07-14 12:44:02,Bank Transfer,481600.0
7237,124,1,1,2024-04-16 18:48:59,Cash,99000.0
7238,453,3,1,2025-04-06 14:46:23,Cash,0.0
7239,,25,4,2025-02-12 19:25:27,Bank Transfer,0.0
7240,682,22,3,2025-08-12 19:53:56,Bank Transfer,0.0
7241,494,5,1,2025-08-01 13:45:59,Mobile Payment,0.0
7242,,24,3,2025-05-24 10:38:50,Card,220300.0
7243,727,37,5,2025-07-19 15:24:14,Mobile Payment,213600.0
7244,530,24,3,2024-08-27 17:58:52,Cash,0.0
7245,744,19,3,2024-05-24 16:16:04,Cash,0.0
7246,203,6,1,2025-05-24 17:48:23,Mobile Payment,0.0
7247,751,13,2,2025-09-27 17:30:26,Bank Transfer,51000.0
7248,619,4,1,2025-10-20 17:31:57,Mobile Payment,0.0
7249,752,1,1,2024-11-21 09:37:19,Card,0.0
7250,881,35,5,2025-09-23 12:33:43,Mobile Payment,0.0
7251,905,34,5,2024-01-23 11:50:28,Bank Transfer,0.0
7252,614,31,4,2024-05-09 17:39:56,Card,0.0
7253,974,40,5,2025-07-01 15:53:08,Bank Transfer,0.0
7254,404,27,4,2024-08-07 16:41:15,Cash,0.0
7255,,14,2,2024-12-25 11:32:48,Mobile Payment,0.0
7256,161,6,1,2024-12-11 13:18:42,Cash,26300.0
7257,93,6,1,2024-08-14 12:50:20,Cash,257100.0
7258,448,30,4,2025-02-13 15:43:11,Card,0.0
7259,832,9,2,2024-09-29 14:56:48,Cash,0.0
7260,442,36,5,2024-05-04 15:54:00,Mobile Payment,0.0
7261,722,20,3,2025-12-17 11:24:20,Bank Transfer,102700.0
7262,615,40,5,2024-06-25 11:06:11,Cash,0.0
7263,922,33,5,2024-03-22 12:42:31,Cash,115000.0
7264,725,39,5,2024-07-08 19:39:49,Mobile Payment,0.0
7265,249,36,5,2025-07-27 11:52:03,Cash,0.0
7266,499,8,1,2025-08-04 15:56:16,Mobile Payment,57700.0
7267,836,37,5,2024-03-20 18:37:17,Card,0.0
7268,103,24,3,2024-02-10 18:55:06,Bank Transfer,0.0
7269,773,16,2,2024-06-11 13:29:22,Bank Transfer,21500.0
7270,113,11,2,2024-10-28 09:28:19,Mobile Payment,0.0
7271,757,32,4,2024-02-03 15:49:51,Mobile Payment,479100.0
7272,989,24,3,2025-03-01 17:22:50,Mobile Payment,0.0
7273,201,12,2,2025-08-08 14:28:42,Cash,0.0
7274,,24,3,2025-07-28 13:01:36,Cash,49200.0
7275,680,33,5,2025-05-17 18:40:50,Bank Transfer,0.0
7276,167,8,1,2024-09-25 14:39:55,Card,260700.0
7277,,24,3,2024-10-02 17:16:05,Card,0.0
7278,928,17,3,2025-11-20 18:51:04,Cash,10600.0
7279,884,14,2,2024-04-27 14:15:26,Cash,0.0
7280,76,35,5,2025-04-16 13:50:55,Cash,165400.0
7281,197,37,5,2024-10-13 11:21:57,Mobile Payment,0.0
7282,832,8,1,2024-03-20 14:37:40,Card,0.0
7283,435,27,4,2024-07-30 17:22:15,Cash,0.0
7284,,14,2,2024-01-10 11:15:28,Mobile Payment,134700.0
7285,992,6,1,2025-07-04 09:34:05,Cash,0.0
7286,152,15,2,2024-01-22 18:02:25,Mobile Payment,441000.0
7287,641,29,4,2025-08-12 12:51:26,Bank Transfer,0.0
7288,,12,2,2024-11-06 12:43:03,Mobile Payment,0.0
7289,105,14,2,2024-02-20 11:39:54,Card,0.0
7290,790,22,3,2024-01-23 19:23:25,Cash,1027300.0
7291,322,25,4,2024-02-26 15:56:09,Mobile Payment,0.0
7292,598,29,4,2025-02-16 16:35:43,Cash,0.0
7293,134,23,3,2025-03-08 18:40:28,Card,0.0
7294,511,38,5,2024-04-06 12:12:11,Mobile Payment,0.0
7295,519,34,5,2024-09-10 17:21:08,Cash,0.0
7296,302,29,4,2025-05-04 10:28:12,Cash,186200.0
7297,179,9,2,2024-05-02 09:17:39,Bank Transfer,0.0
7298,659,14,2,2025-07-14 09:57:20,Mobile Payment,0.0
7299,239,33,5,2025-07-01 18:28:07,Bank Transfer,122600.0
7300,433,28,4,2024-05-27 14:16:47,Cash,169400.0
7301,949,7,1,2025-04-07 16:49:48,Bank Transfer,0.0
7302,993,6,1,2024-01-29 16:18:47,Cash,205900.0
7303,322,39,5,2024-08-31 09:41:18,Bank Transfer,0.0
7304,283,10,2,2024-07-11 16:33:54,Mobile Payment,213300.0
7305,495,19,3,2025-08-15 10:41:59,Mobile Payment,50300.0
7306,296,17,3,2024-07-04 17:50:35,Mobile Payment,0.0
7307,,39,5,2024-02-17 12:12:50,Cash,145100.0
7308,983,20,3,2025-07-07 14:27:42,Bank Transfer,803600.0
7309,347,15,2,2025-03-08 15:20:13,Cash,85600.0
7310,78,8,1,2024-03-19 10:48:42,Cash,364400.0
7311,826,16,2,2024-06-25 19:53:42,Mobile Payment,0.0
7312,147,30,4,2025-08-09 12:33:51,Cash,0.0
7313,754,27,4,2025-04-02 15:01:38,Card,337400.0
7314,249,6,1,2024-01-28 11:51:28,Cash,0.0
7315,397,38,5,2025-06-18 14:32:11,Cash,0.0
7316,577,20,3,2025-01-24 17:46:54,Card,928900.0
7317,8,12,2,2025-08-27 09:10:53,Mobile Payment,0.0
7318,,21,3,2024-04-21 13:39:06,Card,0.0
7319,704,20,3,2024-04-30 18:57:08,Mobile Payment,0.0
7320,103,20,3,2024-02-12 18:17:55,Bank Transfer,0.0
7321,137,33,5,2024-02-02 09:53:40,Mobile Payment,0.0
7322,295,23,3,2025-10-24 11:57:52,Cash,0.0
7323,,4,1,2025-07-04 13:50:41,Card,0.0
7324,463,28,4,2024-10-08 12:02:49,Cash,0.0
7325,376,30,4,2025-10-12 13:22:55,Card,0.0
7326,290,17,3,2024-01-06 15:00:03,Cash,0.0
7327,385,6,1,2025-12-05 15:40:59,Cash,0.0
7328,,20,3,2024-10-30 17:53:34,Cash,0.0
7329,557,18,3,2024-09-07 09:08:20,Mobile Payment,0.0
7330,,37,5,2024-09-22 09:38:30,Card,49000.0
7331,523,1,1,2024-11-27 09:27:35,Mobile Payment,136900.0
7332,830,32,4,2024-11-26 16:25:46,Cash,429300.0
7333,877,26,4,2024-08-28 14:29:49,Cash,0.0
7334,459,30,4,2024-01-10 12:49:35,Bank Transfer,0.0
7335,,22,3,2025-04-21 14:09:48,Cash,0.0
7336,128,38,5,2025-10-11 16:07:51,Mobile Payment,0.0
7337,190,12,2,2024-01-17 11:09:06,Mobile Payment,120100.0
7338,988,8,1,2025-05-27 13:11:35,Bank Transfer,8400.0
7339,270,37,5,2025-05-18 10:15:15,Bank Transfer,114400.0
7340,822,25,4,2024-08-02 11:42:43,Card,0.0
7341,913,31,4,2025-08-18 12:11:26,Bank Transfer,0.0
7342,336,21,3,2024-11-05 09:23:14,Bank Transfer,0.0
7343,832,28,4,2025-09-05 14:14:35,Mobile Payment,0.0
7344,995,40,5,2024-07-20 15:37:04,Card,0.0
7345,,28,4,2025-10-10 09:49:35,Card,90700.0
7346,850,28,4,2025-08-12 11:58:56,Mobile Payment,0.0
7347,539,15,2,2024-07-18 09:26:13,Cash,0.0
7348,943,24,3,2024-10-21 17:58:41,Mobile Payment,0.0
7349,,27,4,2024-06-24 12:32:20,Cash,0.0
7350,,27,4,2025-05-30 16:29:44,Bank Transfer,70600.0
7351,766,11,2,2024-04-17 15:47:30,Mobile Payment,0.0
7352,196,21,3,2024-04-07 13:15:57,Bank Transfer,0.0
7353,952,9,2,2025-10-29 10:25:23,Cash,0.0
7354,428,12,2,2024-01-27 16:13:14,Card,72200.0
7355,,19,3,2025-07-20 11:43:43,Cash,525400.0
7356,,38,5,2025-09-05 12:59:57,Card,38900.0
7357,,21,3,2025-03-19 16:58:10,Cash,571400.0
7358,519,5,1,2024-07-16 17:22:38,Mobile Payment,26900.0
7359,275,10,2,2025-09-15 17:01:52,Card,0.0
7360,,15,2,2024-04-28 19:35:03,Cash,270900.0
7361,,4,1,2025-08-24 18:23:23,Mobile Payment,0.0
7362,536,16,2,2024-09-09 18:47:46,Mobile Payment,52100.0
7363,145,24,3,2024-12-26 14:23:58,Mobile Payment,0.0
7364,648,39,5,2025-09-24 13:04:05,Mobile Payment,348300.0
7365,487,20,3,2024-06-02 09:01:22,Cash,0.0
7366,784,11,2,2024-01-31 16:49:36,Mobile Payment,0.0
7367,369,23,3,2024-05-20 14:42:31,Bank Transfer,0.0
7368,,13,2,2025-12-25 15:22:45,Card,0.0
7369,598,39,5,2025-05-28 13:53:22,Mobile Payment,178000.0
7370,314,32,4,2024-11-24 16:15:04,Cash,0.0
7371,111,15,2,2024-04-14 18:13:26,Cash,0.0
7372,774,12,2,2024-10-09 12:15:22,Cash,227100.0
7373,105,17,3,2024-10-30 17:09:08,Bank Transfer,0.0
7374,909,3,1,2025-12-23 17:55:50,Cash,0.0
7375,360,27,4,2024-05-07 15:36:39,Cash,260200.0
7376,,30,4,2025-12-21 11:59:59,Card,119800.0
7377,737,10,2,2025-12-11 12:02:18,Cash,0.0
7378,609,16,2,2025-01-01 10:20:47,Card,0.0
7379,717,17,3,2025-11-02 16:45:52,Card,333700.0
7380,298,3,1,2025-03-15 17:40:02,Cash,0.0
7381,197,27,4,2024-11-19 12:50:11,Cash,0.0
7382,,38,5,2025-04-15 14:53:24,Cash,43100.0
7383,119,5,1,2024-06-20 15:14:17,Cash,86900.0
7384,,26,4,2025-10-26 18:04:53,Bank Transfer,351300.0
7385,,12,2,2025-11-28 11:02:25,Card,49500.0
7386,568,35,5,2025-08-12 09:04:36,Bank Transfer,0.0
7387,434,21,3,2025-06-19 10:46:37,Card,783100.0
7388,,26,4,2024-12-03 10:05:49,Bank Transfer,0.0
7389,185,24,3,2025-07-13 12:14:22,Card,0.0
7390,837,8,1,2024-08-03 17:17:07,Card,0.0
7391,988,2,1,2025-06-19 10:58:54,Mobile Payment,320400.0
7392,44,28,4,2025-02-12 14:21:35,Bank Transfer,0.0
7393,381,15,2,2024-09-12 12:45:15,Mobile Payment,312000.0
7394,269,30,4,2025-03-03 11:21:19,Cash,476600.0
7395,699,6,1,2025-09-06 10:11:21,Card,0.0
7396,2,19,3,2024-10-11 13:47:57,Card,117400.0
7397,,27,4,2025-10-29 13:18:25,Mobile Payment,0.0
7398,730,14,2,2024-01-01 18:07:11,Mobile Payment,0.0
7399,188,25,4,2025-11-14 15:29:37,Card,0.0
7400,235,7,1,2025-12-01 09:14:27,Mobile Payment,0.0
7401,631,9,2,2025-08-29 17:22:22,Cash,16600.0
7402,447,27,4,2024-07-10 18:58:09,Mobile Payment,0.0
7403,446,18,3,2025-07-26 09:11:42,Bank Transfer,0.0
7404,978,2,1,2024-07-19 19:07:09,Mobile Payment,0.0
7405,41,31,4,2024-01-12 11:11:47,Mobile Payment,0.0
7406,488,21,3,2024-12-26 15:44:39,Mobile Payment,86600.0
7407,333,36,5,2025-01-06 18:33:25,Mobile Payment,84200.0
7408,,18,3,2025-12-08 19:05:38,Cash,0.0
7409,17,17,3,2025-02-16 09:55:23,Mobile Payment,0.0
7410,183,11,2,2025-11-10 13:18:05,Cash,0.0
7411,47,31,4,2025-02-14 15:26:01,Mobile Payment,0.0
7412,995,5,1,2025-03-08 13:27:47,Cash,97200.0
7413,925,18,3,2024-07-08 12:00:18,Cash,0.0
7414,7,40,5,2024-02-18 16:40:34,Cash,0.0
7415,772,19,3,2024-04-02 16:07:47,Mobile Payment,0.0
7416,828,3,1,2025-09-05 11:09:27,Cash,0.0
7417,910,6,1,2024-08-31 19:22:46,Mobile Payment,333000.0
7418,,34,5,2024-10-22 19:44:16,Card,0.0
7419,150,27,4,2025-06-01 12:03:22,Cash,0.0
7420,622,3,1,2025-09-07 11:41:59,Cash,0.0
7421,,17,3,2025-12-28 12:05:26,Cash,0.0
7422,,31,4,2025-09-21 14:49:29,Mobile Payment,0.0
7423,197,27,4,2025-02-11 17:17:56,Cash,0.0
7424,564,38,5,2025-04-25 10:44:42,Mobile Payment,0.0
7425,,9,2,2025-04-10 09:55:37,Mobile Payment,0.0
7426,,14,2,2025-06-24 16:17:29,Cash,0.0
7427,686,39,5,2025-09-04 11:40:34,Bank Transfer,0.0
7428,958,40,5,2024-08-02 12:50:25,Cash,0.0
7429,456,31,4,2025-02-11 14:46:10,Cash,0.0
7430,509,3,1,2024-05-24 09:40:55,Mobile Payment,249300.0
7431,219,13,2,2024-10-27 18:41:26,Card,0.0
7432,202,30,4,2024-12-24 13:23:34,Mobile Payment,0.0
7433,508,3,1,2025-11-11 19:34:36,Cash,162300.0
7434,316,34,5,2024-10-14 10:19:14,Cash,35300.0
7435,62,16,2,2024-01-02 13:02:13,Cash,27000.0
7436,,40,5,2024-02-25 17:37:41,Card,0.0
7437,24,14,2,2025-11-29 10:44:42,Bank Transfer,53300.0
7438,938,9,2,2025-01-31 11:42:29,Cash,45700.0
7439,401,1,1,2024-04-18 18:15:18,Bank Transfer,0.0
7440,509,28,4,2025-10-29 18:16:44,Cash,0.0
7441,325,33,5,2024-04-14 13:20:19,Cash,0.0
7442,,36,5,2024-01-06 12:57:29,Mobile Payment,122300.0
7443,784,11,2,2025-10-27 11:04:26,Cash,73500.0
7444,67,4,1,2025-10-30 14:26:45,Card,0.0
7445,,6,1,2024-08-01 17:58:46,Bank Transfer,0.0
7446,723,15,2,2024-11-26 18:09:15,Cash,0.0
7447,597,1,1,2024-01-23 11:03:36,Mobile Payment,0.0
7448,465,13,2,2025-05-07 09:35:08,Bank Transfer,186000.0
7449,800,33,5,2025-10-01 10:42:30,Cash,0.0
7450,148,32,4,2024-10-20 10:18:20,Cash,0.0
7451,801,3,1,2025-08-25 17:50:41,Cash,0.0
7452,,33,5,2025-05-25 10:54:30,Cash,314800.0
7453,,35,5,2025-07-13 13:53:30,Mobile Payment,285500.0
7454,398,6,1,2025-04-21 09:08:14,Card,0.0
7455,705,18,3,2025-06-02 12:49:31,Cash,196800.0
7456,373,6,1,2025-03-04 16:15:58,Cash,0.0
7457,334,4,1,2025-04-09 11:43:52,Card,0.0
7458,984,15,2,2025-12-08 13:44:08,Mobile Payment,0.0
7459,,20,3,2024-10-25 12:21:32,Cash,110200.0
7460,15,32,4,2024-05-16 13:53:16,Cash,0.0
7461,,29,4,2025-04-10 09:38:35,Mobile Payment,0.0
7462,589,26,4,2024-03-15 16:23:51,Bank Transfer,0.0
7463,651,14,2,2024-08-29 15:16:08,Cash,0.0
7464,756,6,1,2025-08-27 10:55:32,Cash,0.0
7465,462,18,3,2024-11-21 16:27:19,Cash,38600.0
7466,830,9,2,2025-07-03 11:42:12,Mobile Payment,0.0
7467,58,1,1,2025-10-31 19:54:23,Mobile Payment,287700.0
7468,246,21,3,2024-07-15 17:28:41,Card,0.0
7469,903,1,1,2025-10-16 11:49:06,Card,0.0
7470,545,3,1,2024-12-17 11:39:24,Cash,1024500.0
7471,765,5,1,2025-09-05 12:07:53,Card,0.0
7472,,7,1,2024-05-13 09:53:43,Mobile Payment,180200.0
7473,295,12,2,2025-01-26 10:17:26,Card,0.0
7474,358,36,5,2025-02-12 17:59:07,Bank Transfer,0.0
7475,524,9,2,2024-02-09 12:51:54,Bank Transfer,17900.0
7476,,23,3,2025-04-05 19:35:48,Mobile Payment,0.0
7477,11,16,2,2024-04-17 10:42:42,Cash,71800.0
7478,350,6,1,2025-06-08 18:48:02,Mobile Payment,0.0
7479,662,3,1,2025-12-21 13:01:22,Card,0.0
7480,851,38,5,2025-11-09 14:12:29,Cash,0.0
7481,339,22,3,2024-04-14 17:24:23,Mobile Payment,212500.0
7482,446,29,4,2024-06-17 11:00:31,Card,218600.0
7483,550,39,5,2024-05-10 12:19:21,Mobile Payment,0.0
7484,,26,4,2024-07-16 18:02:45,Card,0.0
7485,182,14,2,2024-12-22 10:00:34,Cash,0.0
7486,697,32,4,2024-03-12 19:04:06,Cash,0.0
7487,189,33,5,2025-06-21 17:39:32,Card,0.0
7488,491,26,4,2025-02-06 13:31:06,Cash,25600.0
7489,627,13,2,2025-09-03 10:16:58,Cash,0.0
7490,,33,5,2025-07-29 13:27:29,Card,0.0
7491,,6,1,2024-05-19 15:08:58,Cash,0.0
7492,876,23,3,2025-07-16 13:28:54,Card,113400.0
7493,255,11,2,2024-09-08 15:43:00,Cash,0.0
7494,,39,5,2024-07-21 17:07:11,Mobile Payment,78800.0
7495,840,32,4,2025-09-28 09:10:02,Cash,0.0
7496,242,36,5,2024-04-29 13:58:27,Cash,0.0
7497,773,36,5,2025-09-21 15:17:24,Cash,0.0
7498,548,1,1,2024-10-15 19:14:27,Mobile Payment,0.0
7499,755,2,1,2025-12-24 18:26:37,Bank Transfer,344300.0
7500,378,31,4,2025-10-02 18:37:49,Bank Transfer,36100.0
7501,555,36,5,2025-02-23 11:30:54,Cash,108700.0
7502,320,3,1,2024-10-05 17:13:00,Cash,0.0
7503,395,20,3,2024-10-03 11:17:57,Cash,0.0
7504,3,29,4,2024-03-22 09:13:25,Mobile Payment,0.0
7505,,18,3,2024-10-20 14:19:35,Card,0.0
7506,562,37,5,2025-05-27 14:31:03,Mobile Payment,75200.0
7507,,9,2,2025-07-12 13:19:37,Card,103200.0
7508,912,28,4,2025-03-23 15:55:43,Cash,284700.0
7509,416,21,3,2025-01-03 11:12:22,Cash,0.0
7510,706,37,5,2025-06-26 17:18:15,Card,0.0
7511,510,28,4,2024-10-20 10:00:38,Cash,462300.0
7512,656,24,3,2025-05-20 12:47:22,Cash,0.0
7513,985,40,5,2025-06-20 16:51:23,Cash,0.0
7514,838,20,3,2024-04-20 17:37:59,Cash,0.0
7515,546,32,4,2024-11-08 16:07:48,Mobile Payment,0.0
7516,323,33,5,2024-06-03 12:08:21,Card,0.0
7517,148,1,1,2025-12-03 18:59:10,Mobile Payment,0.0
7518,929,7,1,2024-07-17 19:41:44,Cash,103200.0
7519,463,2,1,2024-08-07 19:01:09,Cash,0.0
7520,23,13,2,2025-07-01 10:34:56,Bank Transfer,52900.0
7521,901,21,3,2024-07-11 14:57:54,Mobile Payment,0.0
7522,765,7,1,2024-09-05 09:37:44,Cash,29600.0
7523,831,11,2,2024-04-20 09:59:32,Cash,834500.0
7524,,28,4,2024-03-21 13:11:52,Mobile Payment,46900.0
7525,96,25,4,2024-02-05 15:34:09,Cash,0.0
7526,300,22,3,2025-02-08 11:47:04,Cash,27600.0
7527,103,37,5,2024-10-25 13:00:17,Cash,0.0
7528,111,10,2,2025-06-24 11:20:46,Cash,0.0
7529,70,2,1,2025-12-27 11:04:43,Mobile Payment,0.0
7530,369,39,5,2025-06-03 09:14:58,Cash,422600.0
7531,182,21,3,2025-10-06 11:14:28,Mobile Payment,0.0
7532,201,5,1,2024-08-11 14:42:48,Card,0.0
7533,510,1,1,2024-10-18 14:08:15,Cash,0.0
7534,917,24,3,2024-07-14 12:26:25,Card,172300.0
7535,413,35,5,2025-11-19 11:24:41,Bank Transfer,0.0
7536,390,4,1,2024-09-25 18:43:02,Cash,51000.0
7537,413,9,2,2025-06-18 14:34:20,Mobile Payment,0.0
7538,821,14,2,2024-12-13 10:28:27,Mobile Payment,52200.0
7539,827,24,3,2024-06-05 18:14:51,Bank Transfer,0.0
7540,334,36,5,2025-12-10 19:12:27,Cash,0.0
7541,10,36,5,2025-09-01 17:45:53,Bank Transfer,456800.0
7542,558,28,4,2025-12-29 18:56:16,Cash,0.0
7543,552,20,3,2024-04-20 13:13:58,Card,531100.0
7544,357,1,1,2025-02-22 12:05:30,Bank Transfer,0.0
7545,193,32,4,2024-10-21 16:52:22,Bank Transfer,0.0
7546,118,29,4,2025-08-04 19:28:13,Cash,0.0
7547,895,32,4,2025-07-09 13:18:18,Bank Transfer,0.0
7548,783,29,4,2025-03-13 10:50:18,Bank Transfer,0.0
7549,,22,3,2025-01-06 10:16:32,Cash,0.0
7550,556,32,4,2025-12-12 15:35:08,Card,0.0
7551,658,16,2,2024-03-08 12:19:15,Cash,0.0
7552,450,7,1,2024-07-28 16:02:51,Bank Transfer,0.0
7553,438,10,2,2024-03-08 16:26:41,Mobile Payment,0.0
7554,251,6,1,2025-03-24 13:17:17,Mobile Payment,142700.0
7555,720,13,2,2024-05-23 19:52:54,Mobile Payment,0.0
7556,952,4,1,2024-12-19 18:17:34,Card,0.0
7557,833,6,1,2024-09-16 12:44:48,Cash,0.0
7558,246,27,4,2024-12-04 14:11:37,Card,0.0
7559,835,27,4,2025-05-04 09:10:55,Cash,83700.0
7560,,3,1,2024-09-01 13:17:59,Mobile Payment,99700.0
7561,5,34,5,2025-12-04 12:00:47,Bank Transfer,446100.0
7562,,28,4,2024-05-06 13:57:29,Card,371700.0
7563,827,38,5,2025-04-21 17:42:00,Card,0.0
7564,808,34,5,2024-07-06 13:24:52,Mobile Payment,0.0
7565,992,27,4,2024-08-23 16:33:03,Cash,0.0
7566,461,2,1,2024-04-24 14:40:27,Bank Transfer,0.0
7567,109,2,1,2024-10-08 15:13:25,Mobile Payment,0.0
7568,251,17,3,2024-09-12 15:19:03,Cash,0.0
7569,466,21,3,2025-08-02 15:33:27,Card,0.0
7570,227,20,3,2025-08-21 11:04:31,Mobile Payment,0.0
7571,165,4,1,2024-07-14 17:13:09,Card,0.0
7572,347,6,1,2025-03-06 12:16:16,Card,0.0
7573,179,9,2,2025-07-03 14:28:33,Bank Transfer,0.0
7574,331,38,5,2025-03-28 15:30:29,Cash,0.0
7575,159,5,1,2025-05-13 13:29:07,Cash,0.0
7576,761,10,2,2024-04-04 18:22:13,Bank Transfer,11200.0
7577,273,21,3,2024-10-19 13:08:04,Bank Transfer,0.0
7578,39,28,4,2024-01-15 14:20:24,Mobile Payment,0.0
7579,69,31,4,2024-04-11 19:49:21,Cash,68900.0
7580,,9,2,2025-01-23 13:36:20,Cash,0.0
7581,674,23,3,2025-10-13 12:38:36,Cash,0.0
7582,,20,3,2025-02-14 14:47:59,Cash,214300.0
7583,35,30,4,2024-09-19 16:27:51,Bank Transfer,0.0
7584,213,20,3,2024-09-08 10:05:45,Card,31700.0
7585,,6,1,2024-08-04 18:24:20,Card,389100.0
7586,386,7,1,2025-04-13 18:01:32,Cash,40600.0
7587,,28,4,2025-12-11 16:39:57,Cash,0.0
7588,,28,4,2025-02-24 19:59:07,Mobile Payment,0.0
7589,212,22,3,2024-08-04 15:14:40,Cash,0.0
7590,754,6,1,2024-03-10 18:08:12,Cash,0.0
7591,512,39,5,2024-10-17 11:33:00,Mobile Payment,0.0
7592,737,12,2,2024-08-29 17:05:52,Cash,0.0
7593,618,24,3,2025-07-22 11:00:55,Bank Transfer,0.0
7594,,24,3,2025-05-16 11:15:22,Bank Transfer,0.0
7595,30,23,3,2024-01-22 10:53:48,Cash,106800.0
7596,745,2,1,2024-01-25 19:08:05,Mobile Payment,0.0
7597,,21,3,2025-10-17 19:47:42,Cash,0.0
7598,485,22,3,2024-12-01 09:15:12,Bank Transfer,22300.0
7599,725,6,1,2025-07-16 16:04:20,Bank Transfer,0.0
7600,298,16,2,2025-04-06 11:09:13,Bank Transfer,0.0
7601,384,9,2,2024-11-08 17:02:59,Cash,349700.0
7602,404,32,4,2025-01-06 09:17:12,Card,0.0
7603,939,11,2,2024-02-07 18:46:24,Cash,0.0
7604,727,27,4,2025-06-27 13:10:29,Cash,0.0
7605,,5,1,2025-02-22 10:49:28,Card,0.0
7606,763,2,1,2025-12-26 14:33:30,Mobile Payment,0.0
7607,156,19,3,2025-12-01 14:34:17,Cash,371200.0
7608,438,8,1,2024-01-11 10:44:59,Mobile Payment,0.0
7609,280,13,2,2024-02-09 10:35:21,Card,0.0
7610,393,20,3,2025-03-27 15:13:00,Bank Transfer,416900.0
7611,182,21,3,2025-01-10 14:02:05,Cash,139700.0
7612,,31,4,2024-07-14 15:29:43,Bank Transfer,0.0
7613,508,7,1,2025-03-22 17:43:01,Cash,0.0
7614,419,22,3,2024-04-21 14:22:13,Cash,239200.0
7615,999,3,1,2024-02-16 18:35:59,Bank Transfer,75300.0
7616,368,20,3,2025-07-03 19:53:52,Card,69100.0
7617,294,11,2,2024-03-16 17:08:00,Mobile Payment,96200.0
7618,567,28,4,2025-08-10 18:56:21,Bank Transfer,80700.0
7619,305,32,4,2025-02-02 13:58:15,Card,0.0
7620,413,37,5,2025-04-07 19:39:46,Bank Transfer,0.0
7621,393,15,2,2025-06-01 13:51:58,Cash,0.0
7622,,4,1,2024-06-17 16:40:38,Cash,516100.0
7623,358,14,2,2025-05-23 17:51:49,Card,182100.0
7624,17,16,2,2024-02-12 14:11:13,Cash,0.0
7625,354,35,5,2024-08-25 18:32:57,Card,0.0
7626,509,38,5,2024-11-28 11:57:09,Cash,278000.0
7627,845,27,4,2025-02-14 18:02:53,Cash,0.0
7628,158,30,4,2025-04-01 11:02:18,Card,0.0
7629,,18,3,2024-09-05 18:21:25,Card,0.0
7630,,40,5,2024-01-30 14:48:26,Cash,0.0
7631,882,31,4,2024-05-13 12:59:37,Bank Transfer,0.0
7632,333,6,1,2024-04-21 19:24:58,Cash,0.0
7633,356,26,4,2025-03-22 17:44:46,Mobile Payment,91600.0
7634,615,12,2,2025-01-20 16:22:15,Cash,0.0
7635,579,37,5,2024-05-18 16:29:36,Cash,0.0
7636,376,11,2,2024-08-05 16:59:39,Bank Transfer,142700.0
7637,495,26,4,2024-10-29 13:43:42,Cash,0.0
7638,,8,1,2024-10-09 16:45:02,Cash,0.0
7639,,36,5,2025-08-22 10:11:29,Card,0.0
7640,121,16,2,2025-07-28 16:59:35,Mobile Payment,0.0
7641,952,22,3,2024-03-06 11:06:45,Mobile Payment,0.0
7642,651,23,3,2025-09-23 16:28:42,Cash,590200.0
7643,814,22,3,2025-07-25 18:36:51,Card,0.0
7644,265,25,4,2024-01-22 19:57:49,Cash,319500.0
7645,16,34,5,2025-11-19 15:51:44,Cash,0.0
7646,446,33,5,2024-03-31 13:03:57,Card,157000.0
7647,,16,2,2025-05-20 17:02:07,Card,0.0
7648,300,10,2,2024-05-10 09:23:40,Card,613600.0
7649,772,16,2,2024-08-24 15:16:30,Bank Transfer,198400.0
7650,64,13,2,2025-12-05 16:39:35,Bank Transfer,0.0
7651,876,40,5,2024-05-09 16:29:45,Mobile Payment,0.0
7652,362,26,4,2025-02-02 14:19:54,Cash,0.0
7653,604,39,5,2024-12-31 11:47:24,Mobile Payment,0.0
7654,53,10,2,2024-09-19 15:58:27,Cash,258400.0
7655,763,28,4,2025-05-31 10:32:30,Cash,0.0
7656,882,21,3,2024-07-27 16:26:27,Mobile Payment,0.0
7657,170,38,5,2025-07-24 15:35:45,Cash,12100.0
7658,41,21,3,2024-12-27 16:05:19,Mobile Payment,0.0
7659,,16,2,2024-05-08 11:35:35,Card,28200.0
7660,702,5,1,2025-04-19 15:13:45,Cash,255900.0
7661,133,9,2,2025-12-01 15:09:20,Cash,195700.0
7662,902,30,4,2024-08-07 10:32:45,Mobile Payment,95900.0
7663,620,18,3,2025-08-02 12:20:26,Cash,0.0
7664,593,13,2,2024-10-11 11:54:49,Mobile Payment,0.0
7665,481,40,5,2024-01-03 10:00:33,Card,0.0
7666,286,32,4,2024-12-13 17:54:08,Bank Transfer,539100.0
7667,267,15,2,2025-09-01 19:20:56,Cash,0.0
7668,958,4,1,2024-06-11 13:46:49,Cash,0.0
7669,51,2,1,2025-03-10 17:18:04,Mobile Payment,0.0
7670,901,39,5,2024-04-03 10:41:33,Cash,0.0
7671,122,29,4,2024-10-11 09:49:50,Mobile Payment,515000.0
7672,432,17,3,2025-05-27 09:16:04,Mobile Payment,253400.0
7673,17,5,1,2025-12-08 12:10:18,Mobile Payment,301000.0
7674,915,20,3,2024-01-24 19:30:43,Mobile Payment,0.0
7675,,34,5,2024-01-07 12:33:26,Card,68800.0
7676,,9,2,2024-12-21 15:04:55,Bank Transfer,0.0
7677,114,18,3,2025-04-21 15:36:04,Card,0.0
7678,807,11,2,2025-11-27 10:28:23,Mobile Payment,80300.0
7679,935,16,2,2025-03-18 09:49:37,Cash,101000.0
7680,444,14,2,2024-01-21 19:19:48,Mobile Payment,0.0
7681,463,17,3,2025-11-11 17:57:54,Card,0.0
7682,,38,5,2025-07-06 19:59:01,Mobile Payment,0.0
7683,528,9,2,2024-07-20 13:46:58,Cash,96600.0
7684,652,1,1,2024-07-18 16:27:06,Card,0.0
7685,105,4,1,2025-07-03 09:52:54,Cash,0.0
7686,531,25,4,2024-08-20 16:33:08,Bank Transfer,0.0
7687,713,27,4,2025-06-17 11:22:17,Cash,0.0
7688,525,5,1,2025-05-10 19:56:30,Card,0.0
7689,,22,3,2025-03-29 14:53:52,Cash,0.0
7690,359,34,5,2024-06-08 14:41:04,Cash,57800.0
7691,,26,4,2024-02-02 12:55:02,Mobile Payment,43000.0
7692,,1,1,2024-11-26 19:45:42,Cash,0.0
7693,,31,4,2024-02-22 11:32:22,Mobile Payment,0.0
7694,386,32,4,2025-02-18 15:42:33,Card,0.0
7695,253,1,1,2025-10-23 12:12:16,Cash,0.0
7696,637,4,1,2025-03-28 18:49:18,Mobile Payment,52000.0
7697,907,37,5,2025-06-14 15:00:35,Cash,249700.0
7698,158,40,5,2024-10-14 12:56:47,Card,117900.0
7699,,18,3,2024-11-06 17:04:00,Mobile Payment,0.0
7700,719,19,3,2025-09-05 13:23:24,Mobile Payment,0.0
7701,428,17,3,2024-10-11 14:35:48,Mobile Payment,0.0
7702,149,14,2,2025-08-06 10:56:37,Card,0.0
7703,703,29,4,2025-09-23 19:57:11,Cash,0.0
7704,102,37,5,2025-07-06 09:12:44,Card,47400.0
7705,21,3,1,2024-09-16 11:13:36,Bank Transfer,0.0
7706,836,22,3,2025-02-22 09:46:25,Cash,171300.0
7707,452,22,3,2024-06-02 13:22:13,Cash,0.0
7708,734,23,3,2024-12-23 16:17:15,Bank Transfer,366100.0
7709,194,26,4,2024-03-05 19:32:17,Cash,0.0
7710,273,4,1,2025-03-29 19:51:17,Mobile Payment,0.0
7711,82,16,2,2024-01-27 19:24:21,Bank Transfer,185300.0
7712,342,38,5,2024-06-02 15:16:36,Cash,0.0
7713,196,35,5,2024-11-01 15:18:49,Cash,74400.0
7714,817,26,4,2025-06-27 09:38:06,Cash,0.0
7715,726,16,2,2024-09-14 17:08:05,Cash,402500.0
7716,995,3,1,2025-01-30 17:58:49,Mobile Payment,0.0
7717,804,36,5,2025-12-19 12:19:49,Bank Transfer,61700.0
7718,497,5,1,2025-07-20 13:22:59,Card,0.0
7719,325,31,4,2025-12-03 11:09:03,Cash,800000.0
7720,278,8,1,2025-09-11 15:14:32,Card,0.0
7721,,14,2,2025-05-01 10:19:00,Cash,0.0
7722,,35,5,2024-09-18 13:45:43,Cash,0.0
7723,186,39,5,2024-10-13 09:38:15,Cash,0.0
7724,381,22,3,2024-11-27 16:12:59,Cash,0.0
7725,907,32,4,2024-05-15 19:40:44,Card,0.0
7726,,22,3,2025-02-17 19:19:49,Cash,0.0
7727,346,8,1,2024-01-09 12:18:48,Card,0.0
7728,649,24,3,2025-09-16 18:18:59,Cash,0.0
7729,186,8,1,2024-07-25 13:16:46,Bank Transfer,0.0
7730,,14,2,2025-09-11 09:38:48,Card,0.0
7731,249,32,4,2024-08-18 19:18:35,Mobile Payment,375300.0
7732,909,22,3,2025-04-09 16:41:40,Card,0.0
7733,559,14,2,2025-09-02 16:56:14,Cash,512100.0
7734,533,1,1,2024-03-23 15:42:09,Bank Transfer,0.0
7735,,21,3,2025-12-01 11:53:18,Cash,16400.0
7736,190,39,5,2024-02-21 17:18:36,Cash,0.0
7737,886,10,2,2025-02-28 09:32:10,Card,0.0
7738,,8,1,2025-05-12 17:39:57,Cash,0.0
7739,67,31,4,2024-09-22 10:48:38,Card,0.0
7740,784,6,1,2025-10-17 09:51:11,Cash,0.0
7741,536,27,4,2025-07-20 18:59:38,Mobile Payment,0.0
7742,891,5,1,2025-07-30 11:00:43,Card,0.0
7743,194,4,1,2025-06-06 19:24:04,Card,241000.0
7744,555,38,5,2025-07-03 10:29:20,Mobile Payment,4500.0
7745,322,40,5,2025-10-06 16:41:55,Cash,420000.0
7746,533,8,1,2025-05-01 19:03:34,Cash,0.0
7747,134,2,1,2025-12-30 14:04:26,Cash,0.0
7748,,30,4,2025-11-16 19:03:10,Cash,0.0
7749,,17,3,2024-02-16 09:42:24,Cash,0.0
7750,909,14,2,2024-05-09 17:00:39,Mobile Payment,59000.0
7751,702,31,4,2024-06-22 16:03:41,Card,0.0
7752,912,24,3,2024-01-24 12:18:48,Mobile Payment,35100.0
7753,680,4,1,2024-11-04 14:14:47,Bank Transfer,0.0
7754,529,32,4,2025-03-17 16:17:44,Card,622500.0
7755,517,5,1,2024-02-15 19:43:38,Card,0.0
7756,,30,4,2024-06-29 10:11:59,Mobile Payment,0.0
7757,185,13,2,2024-05-30 16:35:27,Bank Transfer,0.0
7758,163,15,2,2025-07-24 12:15:28,Cash,0.0
7759,,29,4,2025-01-13 15:02:03,Bank Transfer,0.0
7760,928,38,5,2024-01-20 11:47:13,Bank Transfer,0.0
7761,,3,1,2024-03-06 18:12:58,Cash,0.0
7762,437,36,5,2025-03-08 19:40:36,Card,98200.0
7763,615,17,3,2025-07-13 15:58:18,Mobile Payment,8300.0
7764,222,40,5,2024-12-22 12:59:25,Card,0.0
7765,56,34,5,2025-11-25 18:09:46,Cash,0.0
7766,288,3,1,2024-04-19 19:05:24,Card,87600.0
7767,910,20,3,2024-08-19 19:10:27,Mobile Payment,0.0
7768,324,37,5,2025-06-06 10:27:05,Cash,0.0
7769,,24,3,2025-03-24 17:11:08,Cash,35500.0
7770,858,1,1,2025-03-10 15:39:56,Mobile Payment,0.0
7771,836,16,2,2024-09-28 19:13:32,Bank Transfer,0.0
7772,257,11,2,2025-02-15 10:34:23,Bank Transfer,125500.0
7773,37,3,1,2024-01-25 15:00:36,Card,0.0
7774,992,33,5,2025-03-25 10:03:33,Cash,0.0
7775,980,7,1,2025-05-18 19:23:47,Card,417100.0
7776,168,20,3,2025-06-01 12:45:55,Cash,787900.0
7777,953,32,4,2025-04-27 19:54:29,Mobile Payment,0.0
7778,,13,2,2024-11-05 19:01:06,Cash,0.0
7779,949,2,1,2025-12-19 17:48:08,Bank Transfer,234700.0
7780,689,12,2,2024-10-03 17:00:46,Cash,12200.0
7781,938,31,4,2025-03-22 16:25:42,Cash,0.0
7782,101,35,5,2025-06-08 12:03:50,Cash,0.0
7783,,16,2,2025-07-21 13:37:09,Cash,0.0
7784,761,38,5,2024-06-24 10:20:58,Mobile Payment,0.0
7785,,33,5,2025-02-05 15:32:48,Cash,0.0
7786,,7,1,2025-04-15 18:30:57,Cash,343700.0
7787,583,27,4,2025-05-25 19:00:18,Mobile Payment,104400.0
7788,564,1,1,2024-04-06 12:47:42,Cash,0.0
7789,357,32,4,2024-03-06 15:28:20,Mobile Payment,0.0
7790,294,38,5,2024-04-03 18:31:13,Cash,0.0
7791,,36,5,2025-08-23 13:18:45,Cash,411500.0
7792,113,24,3,2025-04-26 12:20:18,Cash,0.0
7793,971,9,2,2025-04-29 11:51:08,Bank Transfer,0.0
7794,177,1,1,2024-07-16 14:58:18,Cash,453900.0
7795,511,35,5,2025-07-05 11:11:52,Cash,0.0
7796,545,15,2,2025-10-21 11:17:20,Cash,0.0
7797,126,7,1,2024-09-13 16:58:44,Cash,0.0
7798,551,28,4,2024-05-08 18:19:33,Mobile Payment,391300.0
7799,62,33,5,2025-11-03 17:52:01,Cash,186500.0
7800,463,34,5,2024-01-12 09:27:14,Cash,580500.0
7801,334,23,3,2025-11-05 19:59:10,Cash,0.0
7802,150,10,2,2025-11-13 12:31:03,Cash,0.0
7803,988,5,1,2025-04-26 19:01:55,Cash,356500.0
7804,903,36,5,2025-12-18 16:24:20,Mobile Payment,0.0
7805,914,10,2,2025-06-01 09:20:13,Mobile Payment,387700.0
7806,,16,2,2025-10-10 12:41:05,Cash,121900.0
7807,671,14,2,2025-02-04 10:43:09,Mobile Payment,0.0
7808,877,2,1,2025-01-23 11:22:02,Bank Transfer,0.0
7809,262,36,5,2024-08-08 15:25:06,Cash,88600.0
7810,570,28,4,2024-09-22 14:22:25,Card,0.0
7811,785,14,2,2024-10-16 14:41:09,Bank Transfer,0.0
7812,161,20,3,2025-07-01 15:06:48,Bank Transfer,0.0
7813,794,3,1,2024-08-17 14:08:25,Cash,0.0
7814,53,14,2,2025-07-30 17:51:14,Cash,0.0
7815,388,28,4,2025-09-07 16:15:25,Bank Transfer,0.0
7816,422,24,3,2024-08-24 09:29:16,Cash,158000.0
7817,141,37,5,2024-05-19 14:07:56,Cash,66200.0
7818,,36,5,2025-10-04 14:56:09,Mobile Payment,0.0
7819,634,21,3,2025-06-07 18:59:47,Card,333500.0
7820,651,17,3,2024-02-05 13:37:09,Bank Transfer,139100.0
7821,389,30,4,2024-05-01 17:33:10,Bank Transfer,0.0
7822,255,40,5,2025-01-15 10:57:03,Mobile Payment,716600.0
7823,455,16,2,2025-06-18 18:01:16,Cash,0.0
7824,,11,2,2025-10-20 09:47:16,Card,55200.0
7825,724,28,4,2025-04-13 09:27:27,Cash,0.0
7826,,15,2,2025-07-20 14:14:16,Mobile Payment,0.0
7827,877,31,4,2025-11-06 11:29:30,Bank Transfer,248100.0
7828,955,34,5,2024-10-13 19:48:25,Cash,0.0
7829,215,9,2,2025-04-06 18:27:38,Bank Transfer,0.0
7830,350,37,5,2025-06-26 16:03:50,Card,0.0
7831,634,36,5,2025-05-23 15:40:36,Mobile Payment,0.0
7832,15,32,4,2024-03-04 15:10:37,Card,0.0
7833,592,17,3,2024-09-13 16:58:23,Cash,0.0
7834,,20,3,2024-08-16 19:28:40,Cash,0.0
7835,311,29,4,2025-12-23 09:26:48,Bank Transfer,0.0
7836,64,17,3,2024-04-07 18:10:08,Cash,0.0
7837,695,5,1,2025-11-04 16:56:19,Bank Transfer,0.0
7838,198,38,5,2025-05-12 19:54:04,Bank Transfer,574800.0
7839,788,37,5,2025-09-16 19:17:17,Cash,371000.0
7840,657,8,1,2025-10-04 17:33:19,Cash,0.0
7841,597,10,2,2024-03-15 09:06:48,Bank Transfer,403000.0
7842,298,12,2,2025-04-26 13:12:08,Mobile Payment,74600.0
7843,714,17,3,2025-02-27 10:30:43,Cash,0.0
7844,177,12,2,2024-03-11 09:15:26,Mobile Payment,0.0
7845,649,38,5,2025-05-29 19:42:12,Mobile Payment,0.0
7846,212,23,3,2024-02-27 10:42:29,Card,43500.0
7847,345,3,1,2025-09-30 11:12:09,Cash,0.0
7848,268,14,2,2025-03-25 11:42:30,Cash,0.0
7849,761,4,1,2024-02-29 13:11:27,Mobile Payment,25400.0
7850,253,21,3,2024-06-20 14:45:02,Card,0.0
7851,900,34,5,2025-01-18 10:23:31,Cash,0.0
7852,563,31,4,2025-09-09 19:30:49,Cash,0.0
7853,212,34,5,2025-02-12 19:06:43,Mobile Payment,0.0
7854,547,32,4,2024-11-07 17:35:28,Cash,148600.0
7855,404,27,4,2025-01-15 09:10:06,Mobile Payment,0.0
7856,526,26,4,2024-04-30 14:00:15,Mobile Payment,0.0
7857,589,18,3,2024-04-21 09:24:53,Bank Transfer,0.0
7858,286,38,5,2025-06-18 17:58:22,Mobile Payment,0.0
7859,,25,4,2024-10-09 17:12:33,Mobile Payment,0.0
7860,782,10,2,2024-05-27 14:54:34,Cash,97900.0
7861,427,8,1,2024-06-18 19:23:36,Cash,0.0
7862,140,35,5,2024-06-09 11:53:31,Cash,234700.0
7863,,10,2,2025-12-22 18:01:26,Cash,0.0
7864,433,15,2,2024-08-11 16:32:18,Mobile Payment,50800.0
7865,69,8,1,2025-09-26 09:46:39,Cash,0.0
7866,678,2,1,2025-02-21 11:10:49,Mobile Payment,0.0
7867,526,32,4,2024-02-27 12:09:43,Card,0.0
7868,781,32,4,2025-01-12 12:17:49,Mobile Payment,177900.0
7869,566,29,4,2025-07-02 10:23:48,Mobile Payment,0.0
7870,635,39,5,2025-10-01 18:20:37,Mobile Payment,265100.0
7871,93,1,1,2024-07-03 11:56:17,Cash,0.0
7872,926,20,3,2025-11-30 19:32:58,Cash,0.0
7873,366,14,2,2024-02-18 18:40:33,Cash,0.0
7874,306,6,1,2024-10-20 19:25:39,Mobile Payment,8400.0
7875,917,12,2,2025-01-26 14:21:52,Cash,0.0
7876,338,19,3,2024-12-08 10:17:57,Mobile Payment,0.0
7877,826,2,1,2025-07-14 17:12:58,Cash,0.0
7878,948,32,4,2025-12-23 11:30:18,Mobile Payment,492000.0
7879,,17,3,2024-11-15 18:10:25,Bank Transfer,0.0
7880,,36,5,2025-01-03 10:27:17,Cash,115400.0
7881,327,28,4,2024-06-09 18:06:17,Bank Transfer,0.0
7882,766,27,4,2025-02-19 11:36:31,Card,0.0
7883,525,24,3,2024-10-27 18:39:08,Cash,222100.0
7884,447,23,3,2025-05-20 12:39:50,Cash,207400.0
7885,319,4,1,2025-03-10 14:35:16,Bank Transfer,86000.0
7886,800,26,4,2024-05-13 12:26:01,Mobile Payment,252900.0
7887,,7,1,2024-01-20 17:00:38,Card,0.0
7888,858,15,2,2024-03-25 10:36:48,Mobile Payment,0.0
7889,690,8,1,2025-05-02 17:24:02,Bank Transfer,0.0
7890,161,34,5,2024-12-01 09:33:14,Cash,0.0
7891,379,29,4,2025-07-27 16:23:21,Card,0.0
7892,976,3,1,2024-11-11 11:06:59,Cash,73900.0
7893,187,6,1,2025-02-01 16:19:03,Cash,115300.0
7894,955,38,5,2025-10-19 14:06:13,Cash,421000.0
7895,154,17,3,2025-04-06 16:46:25,Mobile Payment,0.0
7896,185,28,4,2024-12-20 11:41:59,Bank Transfer,0.0
7897,,18,3,2025-02-04 13:07:58,Cash,0.0
7898,360,35,5,2025-08-07 11:37:01,Card,0.0
7899,327,21,3,2025-08-06 12:56:05,Bank Transfer,63100.0
7900,78,19,3,2025-09-09 14:53:03,Cash,0.0
7901,503,12,2,2025-12-29 15:43:37,Bank Transfer,149400.0
7902,741,4,1,2024-10-07 19:31:13,Cash,43300.0
7903,58,18,3,2024-03-08 17:09:48,Mobile Payment,0.0
7904,337,2,1,2025-09-11 16:31:05,Mobile Payment,0.0
7905,24,1,1,2025-11-26 11:35:11,Cash,0.0
7906,428,9,2,2024-09-07 16:10:57,Cash,0.0
7907,115,32,4,2025-08-10 18:04:14,Cash,391800.0
7908,662,11,2,2025-09-18 16:20:01,Card,0.0
7909,597,13,2,2024-10-29 17:12:13,Bank Transfer,239800.0
7910,898,28,4,2025-05-16 10:06:48,Cash,0.0
7911,326,25,4,2024-11-26 12:50:22,Bank Transfer,702700.0
7912,357,17,3,2024-01-05 16:17:15,Mobile Payment,0.0
7913,666,16,2,2025-06-06 18:21:33,Mobile Payment,0.0
7914,,30,4,2024-01-27 14:35:03,Mobile Payment,0.0
7915,144,25,4,2025-09-16 09:37:04,Mobile Payment,313600.0
7916,192,30,4,2024-11-05 15:51:32,Card,0.0
7917,916,24,3,2024-12-31 09:36:25,Card,0.0
7918,436,23,3,2025-10-01 14:46:03,Mobile Payment,0.0
7919,372,27,4,2025-12-29 12:28:56,Bank Transfer,0.0
7920,821,23,3,2025-03-24 09:42:32,Cash,0.0
7921,134,24,3,2025-04-06 11:26:23,Mobile Payment,0.0
7922,407,22,3,2025-07-14 10:39:58,Mobile Payment,0.0
7923,428,14,2,2025-09-16 13:27:20,Cash,0.0
7924,782,7,1,2024-05-25 14:20:25,Cash,0.0
7925,10,34,5,2025-05-22 15:09:27,Cash,0.0
7926,956,15,2,2025-04-21 11:55:47,Bank Transfer,0.0
7927,426,23,3,2024-01-02 09:55:39,Card,0.0
7928,867,34,5,2024-03-02 14:50:03,Cash,0.0
7929,282,12,2,2025-10-29 10:25:41,Cash,0.0
7930,509,24,3,2025-05-21 09:36:10,Cash,339500.0
7931,59,36,5,2024-06-13 15:27:56,Mobile Payment,0.0
7932,572,20,3,2024-05-31 09:47:21,Card,0.0
7933,682,35,5,2025-09-25 17:57:48,Card,0.0
7934,521,36,5,2025-10-12 15:13:07,Mobile Payment,346600.0
7935,515,15,2,2025-11-05 15:40:30,Cash,0.0
7936,20,19,3,2024-10-02 16:59:26,Card,0.0
7937,,27,4,2024-07-02 16:43:00,Card,72300.0
7938,,33,5,2025-10-11 14:44:56,Mobile Payment,61500.0
7939,126,31,4,2025-04-18 17:57:27,Cash,0.0
7940,155,37,5,2024-10-14 10:52:06,Cash,0.0
7941,23,37,5,2024-07-15 17:41:16,Cash,435300.0
7942,,28,4,2025-06-08 09:10:36,Bank Transfer,0.0
7943,318,21,3,2025-01-23 14:24:44,Mobile Payment,0.0
7944,689,13,2,2024-10-18 12:20:45,Bank Transfer,42400.0
7945,312,10,2,2024-02-23 17:59:56,Card,0.0
7946,526,11,2,2025-01-10 17:27:22,Mobile Payment,0.0
7947,,8,1,2024-12-03 17:16:24,Cash,0.0
7948,699,38,5,2025-04-26 15:40:41,Mobile Payment,0.0
7949,413,26,4,2024-04-03 15:19:52,Cash,0.0
7950,978,14,2,2024-07-02 18:11:24,Cash,315400.0
7951,923,22,3,2024-01-01 15:05:10,Card,0.0
7952,807,10,2,2025-10-27 18:52:50,Cash,0.0
7953,331,36,5,2024-11-26 11:36:09,Cash,0.0
7954,825,40,5,2024-07-12 13:08:57,Cash,0.0
7955,926,39,5,2024-06-28 17:39:13,Mobile Payment,200200.0
7956,657,19,3,2024-03-12 13:44:34,Mobile Payment,405500.0
7957,401,9,2,2024-05-27 11:08:18,Card,0.0
7958,546,1,1,2025-12-19 17:54:15,Mobile Payment,0.0
7959,648,39,5,2025-07-07 13:04:22,Mobile Payment,531300.0
7960,,36,5,2025-05-30 18:57:00,Cash,1040900.0
7961,275,24,3,2025-05-24 14:01:49,Cash,0.0
7962,209,24,3,2024-05-30 15:52:21,Cash,30400.0
7963,131,10,2,2025-05-01 14:02:32,Cash,237200.0
7964,,19,3,2025-03-30 18:04:37,Mobile Payment,0.0
7965,553,35,5,2025-06-22 10:55:20,Mobile Payment,0.0
7966,,8,1,2024-08-16 17:24:09,Cash,45800.0
7967,467,37,5,2024-02-14 10:48:05,Card,74700.0
7968,623,2,1,2025-10-18 14:48:08,Bank Transfer,0.0
7969,,16,2,2024-09-04 19:05:42,Cash,95700.0
7970,806,14,2,2024-08-13 15:16:59,Mobile Payment,0.0
7971,275,30,4,2025-08-04 11:27:29,Cash,197000.0
7972,3,19,3,2025-07-03 11:54:50,Cash,0.0
7973,468,25,4,2025-09-27 10:33:38,Card,0.0
7974,,13,2,2024-07-27 17:56:51,Mobile Payment,0.0
7975,676,5,1,2025-12-19 17:17:49,Card,122100.0
7976,,11,2,2024-02-26 18:17:04,Cash,0.0
7977,432,25,4,2025-05-21 14:32:34,Mobile Payment,380600.0
7978,,19,3,2025-11-14 14:23:47,Card,0.0
7979,915,18,3,2025-12-29 16:34:44,Mobile Payment,95300.0
7980,16,10,2,2024-11-06 17:23:19,Bank Transfer,0.0
7981,156,32,4,2024-12-09 17:46:05,Cash,0.0
7982,851,26,4,2024-11-30 13:06:49,Cash,0.0
7983,255,15,2,2024-08-08 19:40:46,Mobile Payment,36200.0
7984,769,12,2,2025-08-12 16:35:15,Card,0.0
7985,626,30,4,2025-01-02 18:44:17,Cash,619300.0
7986,,19,3,2024-10-12 10:32:39,Cash,0.0
7987,514,19,3,2024-09-07 19:36:19,Cash,0.0
7988,113,2,1,2024-04-12 09:57:52,Bank Transfer,0.0
7989,88,3,1,2025-04-09 19:58:19,Card,230600.0
7990,111,27,4,2025-06-06 17:31:49,Bank Transfer,0.0
7991,113,32,4,2024-06-28 12:34:22,Cash,0.0
7992,694,10,2,2025-09-07 16:04:33,Mobile Payment,56400.0
7993,,12,2,2025-11-22 09:29:00,Mobile Payment,0.0
7994,,7,1,2025-09-17 12:44:05,Mobile Payment,0.0
7995,326,20,3,2024-04-09 13:36:00,Card,280400.0
7996,992,34,5,2024-11-29 11:20:27,Cash,0.0
7997,763,34,5,2024-12-13 18:41:38,Cash,152700.0
7998,257,20,3,2024-11-29 13:24:37,Card,0.0
7999,43,10,2,2025-11-10 15:00:33,Cash,0.0
8000,724,29,4,2024-11-02 13:48:36,Cash,0.0
8001,739,19,3,2025-04-05 11:52:01,Mobile Payment,0.0
8002,,7,1,2024-11-24 13:51:46,Card,0.0
8003,236,7,1,2024-07-19 16:43:26,Cash,0.0
8004,841,34,5,2024-06-01 09:31:27,Bank Transfer,0.0
8005,700,7,1,2025-09-09 11:31:01,Cash,0.0
8006,941,3,1,2025-05-17 15:16:24,Bank Transfer,0.0
8007,328,31,4,2024-01-09 16:34:05,Mobile Payment,0.0
8008,70,14,2,2025-06-23 16:38:48,Mobile Payment,145200.0
8009,138,1,1,2025-04-18 16:49:13,Bank Transfer,0.0
8010,895,25,4,2025-09-15 12:17:36,Cash,16700.0
8011,566,31,4,2024-08-16 12:14:51,Mobile Payment,0.0
8012,232,3,1,2025-08-20 12:47:39,Cash,0.0
8013,52,5,1,2024-12-03 09:38:01,Card,0.0
8014,,18,3,2025-12-29 11:57:06,Cash,351600.0
8015,128,29,4,2025-01-23 09:40:43,Bank Transfer,0.0
8016,177,36,5,2025-12-24 14:10:27,Cash,0.0
8017,1,25,4,2025-03-01 19:21:42,Bank Transfer,0.0
8018,990,37,5,2025-10-03 11:05:23,Bank Transfer,0.0
8019,988,23,3,2025-01-17 14:36:04,Cash,0.0
8020,429,24,3,2025-06-09 17:14:52,Cash,0.0
8021,348,31,4,2024-11-19 16:08:50,Bank Transfer,90500.0
8022,,15,2,2025-04-22 19:51:59,Bank Transfer,238200.0
8023,823,10,2,2024-09-29 16:06:28,Mobile Payment,232500.0
8024,622,29,4,2025-05-28 11:09:32,Bank Transfer,0.0
8025,821,9,2,2024-04-29 19:21:44,Cash,0.0
8026,758,4,1,2024-04-04 18:58:17,Bank Transfer,0.0
8027,996,17,3,2024-10-24 10:04:57,Card,68600.0
8028,,13,2,2025-12-18 09:23:22,Cash,0.0
8029,484,37,5,2024-04-15 14:46:56,Mobile Payment,153900.0
8030,318,23,3,2025-08-27 17:17:00,Card,0.0
8031,21,7,1,2025-07-26 18:20:24,Card,147200.0
8032,673,15,2,2024-02-16 14:45:35,Cash,37700.0
8033,173,2,1,2024-11-19 09:31:59,Mobile Payment,0.0
8034,37,15,2,2024-11-24 17:49:03,Cash,0.0
8035,,24,3,2024-02-11 13:19:17,Mobile Payment,0.0
8036,,38,5,2024-07-30 12:58:02,Cash,333500.0
8037,963,7,1,2025-12-16 16:47:26,Mobile Payment,0.0
8038,99,4,1,2024-09-11 12:31:22,Cash,0.0
8039,849,26,4,2024-05-29 15:49:54,Cash,288200.0
8040,671,16,2,2025-05-10 16:44:15,Cash,468300.0
8041,572,22,3,2025-09-15 19:44:22,Mobile Payment,0.0
8042,632,38,5,2025-09-27 13:58:37,Bank Transfer,0.0
8043,44,40,5,2025-09-01 13:36:39,Mobile Payment,326100.0
8044,415,21,3,2024-09-07 12:27:12,Bank Transfer,0.0
8045,150,34,5,2024-12-09 16:50:07,Cash,0.0
8046,956,26,4,2024-07-10 15:38:37,Card,0.0
8047,51,12,2,2025-03-30 18:21:46,Cash,0.0
8048,538,14,2,2024-06-17 09:35:30,Bank Transfer,0.0
8049,27,10,2,2024-07-17 19:53:30,Bank Transfer,36900.0
8050,879,23,3,2024-12-30 15:30:02,Bank Transfer,111500.0
8051,63,36,5,2024-11-29 18:01:46,Bank Transfer,0.0
8052,9,15,2,2025-09-08 13:05:12,Cash,0.0
8053,,24,3,2024-03-08 15:48:20,Cash,136500.0
8054,,23,3,2025-07-29 09:03:18,Cash,19600.0
8055,393,31,4,2024-12-27 14:02:13,Cash,0.0
8056,448,22,3,2025-02-13 11:21:06,Bank Transfer,0.0
8057,926,21,3,2024-01-19 14:32:46,Bank Transfer,0.0
8058,,33,5,2025-11-27 16:29:52,Cash,378300.0
8059,201,25,4,2024-01-17 09:12:24,Cash,665400.0
8060,99,5,1,2024-02-29 19:25:43,Cash,271100.0
8061,547,25,4,2025-04-08 09:38:05,Card,475000.0
8062,864,29,4,2025-12-06 09:24:00,Mobile Payment,440000.0
8063,728,16,2,2025-06-22 14:08:06,Card,401000.0
8064,415,24,3,2024-03-14 09:59:54,Card,0.0
8065,229,32,4,2025-03-05 15:30:09,Cash,598900.0
8066,772,37,5,2024-04-09 11:59:26,Card,0.0
8067,,21,3,2024-12-26 09:02:28,Cash,0.0
8068,918,7,1,2025-07-24 15:08:38,Card,0.0
8069,552,10,2,2024-02-12 19:51:19,Mobile Payment,0.0
8070,443,19,3,2025-04-16 13:10:39,Mobile Payment,0.0
8071,593,9,2,2024-05-31 13:07:01,Cash,0.0
8072,227,16,2,2024-05-06 09:55:57,Card,0.0
8073,139,29,4,2024-04-08 16:00:11,Bank Transfer,514300.0
8074,252,19,3,2025-07-19 14:40:12,Mobile Payment,40900.0
8075,680,7,1,2025-02-24 12:19:37,Cash,0.0
8076,177,36,5,2025-03-01 18:23:10,Cash,0.0
8077,883,19,3,2025-09-07 18:35:15,Cash,0.0
8078,354,12,2,2024-10-15 15:43:58,Mobile Payment,0.0
8079,41,15,2,2025-10-17 16:46:33,Mobile Payment,13100.0
8080,552,35,5,2025-08-19 19:56:00,Mobile Payment,491500.0
8081,827,27,4,2025-01-12 11:22:15,Card,0.0
8082,116,17,3,2024-11-22 17:10:36,Bank Transfer,124500.0
8083,,14,2,2025-07-01 17:27:15,Cash,0.0
8084,200,15,2,2024-05-03 10:29:51,Bank Transfer,0.0
8085,,2,1,2024-08-27 19:47:03,Cash,15500.0
8086,151,40,5,2025-11-05 19:47:57,Cash,0.0
8087,621,25,4,2025-12-25 10:08:12,Cash,124200.0
8088,,2,1,2024-11-18 16:30:52,Card,0.0
8089,,9,2,2025-06-29 18:33:27,Bank Transfer,0.0
8090,803,7,1,2024-11-07 12:21:35,Cash,0.0
8091,577,9,2,2025-12-09 14:37:03,Mobile Payment,0.0
8092,,6,1,2025-06-26 11:13:28,Cash,141100.0
8093,388,32,4,2025-04-26 10:03:52,Bank Transfer,350000.0
8094,512,3,1,2025-07-29 10:30:32,Cash,0.0
8095,328,34,5,2025-07-29 15:17:23,Cash,74100.0
8096,908,3,1,2024-04-07 17:27:15,Mobile Payment,69400.0
8097,424,31,4,2025-03-23 16:00:38,Bank Transfer,0.0
8098,302,39,5,2025-05-17 16:10:55,Mobile Payment,0.0
8099,313,5,1,2025-09-22 15:48:04,Bank Transfer,591700.0
8100,548,12,2,2025-11-25 16:21:16,Cash,0.0
8101,547,16,2,2024-05-08 14:35:31,Card,0.0
8102,330,29,4,2025-05-31 16:20:36,Cash,109000.0
8103,810,22,3,2025-10-28 13:04:13,Bank Transfer,0.0
8104,725,7,1,2024-09-12 16:42:42,Card,0.0
8105,528,32,4,2025-10-07 13:58:33,Cash,228700.0
8106,760,19,3,2024-03-06 09:05:41,Card,0.0
8107,66,27,4,2024-11-29 14:35:29,Mobile Payment,0.0
8108,,3,1,2025-07-31 14:39:52,Card,0.0
8109,109,1,1,2025-02-01 18:51:02,Cash,0.0
8110,48,31,4,2025-05-22 11:44:44,Mobile Payment,0.0
8111,871,2,1,2025-01-27 11:44:17,Mobile Payment,0.0
8112,50,37,5,2025-01-17 16:20:19,Mobile Payment,0.0
8113,365,18,3,2025-12-17 10:11:57,Cash,0.0
8114,287,31,4,2025-07-06 12:23:10,Bank Transfer,7500.0
8115,864,18,3,2025-01-17 15:34:42,Mobile Payment,0.0
8116,240,2,1,2025-11-09 16:46:25,Mobile Payment,0.0
8117,,18,3,2024-02-19 13:09:56,Card,0.0
8118,627,20,3,2024-12-19 10:45:48,Cash,0.0
8119,173,40,5,2024-05-09 19:13:33,Bank Transfer,0.0
8120,390,23,3,2024-08-12 12:22:54,Cash,0.0
8121,698,8,1,2024-11-07 19:51:42,Mobile Payment,357500.0
8122,622,16,2,2025-12-28 12:44:59,Card,0.0
8123,830,36,5,2025-03-24 14:48:36,Cash,0.0
8124,,11,2,2025-07-20 14:46:18,Cash,0.0
8125,467,2,1,2024-06-14 16:23:58,Mobile Payment,28100.0
8126,501,24,3,2024-01-05 15:32:02,Cash,43700.0
8127,441,14,2,2024-05-27 10:39:04,Cash,0.0
8128,215,6,1,2025-11-25 13:50:58,Mobile Payment,0.0
8129,623,15,2,2025-11-02 15:26:24,Mobile Payment,0.0
8130,389,14,2,2025-12-11 19:32:21,Cash,20500.0
8131,481,12,2,2024-12-26 18:41:52,Cash,0.0
8132,853,23,3,2025-01-14 11:42:53,Mobile Payment,0.0
8133,652,39,5,2025-05-17 10:46:42,Mobile Payment,0.0
8134,380,40,5,2025-02-11 19:56:05,Cash,0.0
8135,680,16,2,2025-01-29 10:29:16,Cash,163400.0
8136,763,5,1,2024-11-17 19:30:46,Bank Transfer,0.0
8137,743,33,5,2024-08-25 18:03:44,Card,155100.0
8138,386,4,1,2024-10-13 19:55:19,Cash,0.0
8139,801,32,4,2024-02-01 19:51:53,Cash,0.0
8140,,1,1,2024-10-22 18:41:46,Card,0.0
8141,446,17,3,2024-01-04 10:08:58,Mobile Payment,116500.0
8142,356,40,5,2025-04-08 13:12:49,Bank Transfer,0.0
8143,,27,4,2025-12-07 16:16:24,Mobile Payment,0.0
8144,525,31,4,2024-02-22 11:06:11,Card,0.0
8145,544,21,3,2024-01-29 18:50:10,Cash,0.0
8146,58,24,3,2025-02-07 15:33:04,Cash,0.0
8147,,8,1,2025-06-09 15:40:10,Bank Transfer,0.0
8148,,18,3,2024-07-06 10:30:25,Cash,110800.0
8149,506,1,1,2024-09-25 12:36:20,Card,0.0
8150,439,10,2,2025-08-14 09:27:42,Mobile Payment,0.0
8151,567,2,1,2024-03-10 09:51:26,Cash,26000.0
8152,794,14,2,2025-01-06 11:38:00,Cash,74000.0
8153,746,4,1,2025-04-16 11:53:55,Cash,46600.0
8154,180,1,1,2025-12-04 16:55:36,Mobile Payment,0.0
8155,95,23,3,2025-02-01 18:55:09,Cash,0.0
8156,996,34,5,2025-04-26 15:49:22,Cash,0.0
8157,2,33,5,2024-02-07 09:57:49,Bank Transfer,0.0
8158,488,1,1,2025-02-03 09:41:19,Card,27700.0
8159,203,3,1,2025-10-25 19:53:39,Cash,118600.0
8160,,20,3,2025-07-08 16:27:59,Mobile Payment,0.0
8161,964,35,5,2024-11-19 18:13:01,Bank Transfer,46900.0
8162,,23,3,2025-12-24 10:12:07,Mobile Payment,553700.0
8163,316,11,2,2025-11-04 16:38:18,Cash,0.0
8164,5,31,4,2025-05-25 15:26:04,Cash,301800.0
8165,739,13,2,2025-01-02 17:02:43,Mobile Payment,0.0
8166,,30,4,2024-05-11 16:25:20,Cash,866000.0
8167,817,30,4,2024-08-19 11:26:07,Cash,392900.0
8168,271,26,4,2024-02-01 14:08:48,Cash,162600.0
8169,557,18,3,2024-05-12 14:50:05,Cash,0.0
8170,,25,4,2025-04-10 19:49:14,Cash,0.0
8171,,13,2,2025-08-31 09:46:18,Card,0.0
8172,993,9,2,2025-05-17 16:05:34,Mobile Payment,0.0
8173,813,5,1,2025-07-28 15:35:27,Cash,0.0
8174,207,40,5,2025-07-15 17:09:00,Cash,0.0
8175,432,21,3,2024-09-06 15:05:45,Mobile Payment,33000.0
8176,896,35,5,2024-03-09 16:01:38,Card,164200.0
8177,831,9,2,2024-09-28 15:03:23,Card,8800.0
8178,638,14,2,2024-08-08 12:06:07,Card,0.0
8179,761,25,4,2024-08-23 16:15:06,Mobile Payment,0.0
8180,115,27,4,2025-06-08 14:51:38,Cash,0.0
8181,,31,4,2024-08-31 12:40:22,Cash,0.0
8182,563,27,4,2025-11-26 16:39:31,Bank Transfer,0.0
8183,204,7,1,2024-12-31 16:45:27,Cash,586000.0
8184,529,27,4,2025-10-11 17:42:20,Cash,0.0
8185,213,26,4,2024-03-06 12:02:59,Cash,0.0
8186,564,9,2,2024-03-28 11:05:27,Mobile Payment,0.0
8187,622,9,2,2024-08-22 16:32:52,Mobile Payment,0.0
8188,990,10,2,2025-09-21 16:27:26,Mobile Payment,219000.0
8189,609,28,4,2024-06-10 16:12:41,Cash,0.0
8190,464,29,4,2025-09-24 10:52:48,Mobile Payment,0.0
8191,125,1,1,2025-04-17 10:06:11,Mobile Payment,0.0
8192,506,29,4,2025-10-19 09:03:23,Mobile Payment,166800.0
8193,,39,5,2024-09-12 12:38:58,Cash,315400.0
8194,616,25,4,2025-11-17 10:57:51,Bank Transfer,0.0
8195,972,26,4,2025-07-09 09:27:07,Mobile Payment,0.0
8196,572,9,2,2025-02-22 16:00:36,Mobile Payment,0.0
8197,945,13,2,2025-03-17 09:28:24,Cash,165800.0
8198,392,13,2,2024-10-20 09:29:43,Card,0.0
8199,493,23,3,2024-03-29 13:41:56,Mobile Payment,0.0
8200,201,17,3,2024-01-21 18:15:24,Bank Transfer,232200.0
8201,354,3,1,2024-07-13 13:00:15,Bank Transfer,0.0
8202,769,14,2,2025-12-22 16:39:42,Cash,280200.0
8203,,9,2,2024-09-20 11:46:09,Cash,16700.0
8204,268,10,2,2025-01-17 18:34:51,Mobile Payment,0.0
8205,774,16,2,2024-03-30 11:22:50,Cash,374500.0
8206,475,10,2,2025-02-08 09:23:00,Mobile Payment,0.0
8207,768,11,2,2025-01-06 17:53:27,Cash,0.0
8208,654,25,4,2025-10-31 19:11:54,Bank Transfer,0.0
8209,215,26,4,2025-01-14 16:28:17,Mobile Payment,0.0
8210,663,7,1,2025-04-23 18:53:02,Card,37500.0
8211,5,15,2,2024-09-22 18:35:23,Cash,1260100.0
8212,246,12,2,2025-01-14 19:23:08,Mobile Payment,0.0
8213,38,30,4,2025-05-11 12:51:14,Mobile Payment,0.0
8214,109,12,2,2025-04-17 17:10:49,Card,0.0
8215,1000,11,2,2025-10-05 15:35:06,Bank Transfer,8100.0
8216,,35,5,2025-10-26 13:56:44,Card,0.0
8217,570,20,3,2024-04-03 13:36:25,Cash,479000.0
8218,526,20,3,2025-10-21 18:17:40,Mobile Payment,1300500.0
8219,817,10,2,2024-10-05 10:48:14,Mobile Payment,0.0
8220,,34,5,2024-08-04 17:38:31,Cash,79300.0
8221,,16,2,2024-11-13 09:07:56,Cash,0.0
8222,424,33,5,2024-11-15 17:39:39,Cash,0.0
8223,,32,4,2025-03-28 18:10:00,Cash,0.0
8224,599,7,1,2024-12-24 12:28:22,Cash,0.0
8225,390,14,2,2025-09-08 09:11:24,Bank Transfer,0.0
8226,533,38,5,2024-08-13 10:35:23,Mobile Payment,0.0
8227,951,22,3,2025-01-10 16:20:55,Mobile Payment,0.0
8228,672,33,5,2025-09-11 10:04:49,Bank Transfer,67500.0
8229,13,33,5,2024-03-27 11:33:42,Cash,0.0
8230,484,15,2,2025-10-11 12:23:32,Bank Transfer,0.0
8231,362,23,3,2025-04-29 19:31:41,Bank Transfer,101100.0
8232,819,1,1,2024-08-02 16:41:43,Cash,0.0
8233,709,10,2,2025-05-26 17:23:51,Card,160700.0
8234,536,21,3,2024-03-23 11:29:15,Cash,0.0
8235,,21,3,2024-08-07 15:57:09,Card,250200.0
8236,337,3,1,2024-10-22 16:40:35,Bank Transfer,0.0
8237,7,12,2,2025-02-06 19:07:26,Card,0.0
8238,99,36,5,2025-09-25 14:17:23,Cash,363400.0
8239,725,21,3,2024-12-06 14:32:05,Bank Transfer,433000.0
8240,,23,3,2025-12-24 10:55:51,Mobile Payment,494500.0
8241,735,14,2,2025-12-03 17:21:13,Card,0.0
8242,,8,1,2025-04-19 14:14:13,Mobile Payment,92700.0
8243,,12,2,2024-02-10 17:13:39,Mobile Payment,0.0
8244,,31,4,2024-09-04 10:54:41,Mobile Payment,0.0
8245,211,1,1,2024-01-15 14:05:19,Mobile Payment,0.0
8246,99,2,1,2024-01-12 09:40:01,Cash,0.0
8247,219,13,2,2024-04-05 09:13:56,Mobile Payment,0.0
8248,494,14,2,2025-12-03 16:46:22,Mobile Payment,0.0
8249,803,12,2,2024-02-03 12:08:18,Cash,509300.0
8250,789,40,5,2024-08-06 12:28:51,Cash,0.0
8251,507,25,4,2024-11-19 10:37:23,Bank Transfer,0.0
8252,254,27,4,2025-07-31 10:30:02,Bank Transfer,364600.0
8253,658,40,5,2025-03-09 15:54:44,Bank Transfer,203800.0
8254,559,21,3,2025-04-18 10:13:06,Cash,742200.0
8255,174,34,5,2025-01-05 16:43:50,Cash,0.0
8256,457,40,5,2025-07-17 13:44:33,Mobile Payment,0.0
8257,245,22,3,2024-07-31 09:55:28,Mobile Payment,0.0
8258,735,19,3,2025-10-04 10:16:17,Cash,0.0
8259,861,26,4,2025-02-01 11:35:17,Card,0.0
8260,172,35,5,2025-01-09 09:01:21,Card,20900.0
8261,921,6,1,2024-02-05 13:58:45,Cash,0.0
8262,550,30,4,2025-05-20 19:21:27,Cash,205000.0
8263,58,37,5,2025-08-15 09:50:24,Mobile Payment,0.0
8264,603,2,1,2025-09-04 19:15:12,Cash,243000.0
8265,337,34,5,2024-08-31 10:23:01,Card,0.0
8266,505,13,2,2024-02-26 19:05:42,Card,0.0
8267,61,29,4,2025-04-27 12:52:16,Cash,102300.0
8268,638,25,4,2024-05-30 10:51:52,Cash,962300.0
8269,41,17,3,2024-06-01 12:13:03,Card,0.0
8270,167,28,4,2025-01-27 13:30:26,Cash,557600.0
8271,361,38,5,2024-02-14 12:31:04,Cash,0.0
8272,372,35,5,2024-11-13 18:36:13,Cash,0.0
8273,,4,1,2024-09-27 14:52:02,Cash,54200.0
8274,,9,2,2024-03-22 09:52:39,Mobile Payment,0.0
8275,712,24,3,2024-12-27 19:03:39,Bank Transfer,369000.0
8276,951,3,1,2025-05-12 10:06:44,Card,584800.0
8277,551,21,3,2024-02-13 19:06:25,Bank Transfer,101100.0
8278,700,6,1,2024-06-09 15:25:16,Card,0.0
8279,299,35,5,2024-03-04 12:00:33,Mobile Payment,0.0
8280,794,15,2,2025-03-04 16:20:11,Mobile Payment,706100.0
8281,366,14,2,2024-05-07 18:37:43,Mobile Payment,0.0
8282,338,9,2,2025-06-02 14:38:03,Cash,0.0
8283,549,25,4,2025-11-27 19:31:06,Cash,0.0
8284,350,24,3,2025-09-28 15:10:11,Bank Transfer,199000.0
8285,561,4,1,2024-08-27 18:09:24,Mobile Payment,0.0
8286,785,34,5,2024-10-10 12:49:18,Mobile Payment,0.0
8287,,20,3,2025-06-08 17:45:18,Cash,0.0
8288,220,32,4,2024-10-10 14:36:39,Mobile Payment,0.0
8289,891,14,2,2025-08-24 19:09:26,Mobile Payment,322900.0
8290,,18,3,2025-06-05 09:31:26,Card,0.0
8291,429,31,4,2024-09-25 18:31:39,Card,267800.0
8292,577,1,1,2024-03-12 14:59:22,Cash,0.0
8293,444,38,5,2025-03-30 19:32:10,Cash,21700.0
8294,,9,2,2025-06-10 11:06:16,Card,105400.0
8295,407,28,4,2025-02-21 16:10:52,Cash,0.0
8296,,10,2,2024-03-10 09:28:28,Mobile Payment,0.0
8297,619,37,5,2025-03-23 09:11:44,Mobile Payment,0.0
8298,63,39,5,2025-09-26 09:58:42,Mobile Payment,0.0
8299,265,36,5,2024-01-05 14:50:27,Mobile Payment,0.0
8300,,23,3,2025-12-30 14:53:35,Cash,0.0
8301,442,32,4,2024-10-24 12:41:49,Cash,0.0
8302,393,21,3,2025-01-12 16:15:42,Bank Transfer,0.0
8303,539,31,4,2025-01-29 19:02:58,Mobile Payment,0.0
8304,225,7,1,2025-12-26 17:32:15,Cash,0.0
8305,812,23,3,2025-02-14 16:35:31,Cash,178300.0
8306,,20,3,2025-09-11 14:32:29,Bank Transfer,0.0
8307,,9,2,2025-09-22 13:22:22,Mobile Payment,0.0
8308,275,5,1,2024-11-12 14:52:10,Bank Transfer,0.0
8309,906,13,2,2025-05-22 13:12:34,Cash,132600.0
8310,980,10,2,2024-06-22 11:06:23,Card,0.0
8311,,34,5,2024-12-12 18:20:36,Mobile Payment,0.0
8312,709,5,1,2024-12-23 17:16:37,Card,64700.0
8313,361,36,5,2025-06-03 19:38:52,Bank Transfer,0.0
8314,929,25,4,2024-09-03 17:04:31,Cash,50900.0
8315,387,23,3,2025-06-05 11:48:13,Cash,0.0
8316,561,13,2,2025-09-07 16:49:57,Cash,604200.0
8317,880,30,4,2025-11-09 15:35:46,Card,0.0
8318,825,38,5,2025-10-08 09:17:13,Mobile Payment,0.0
8319,,12,2,2025-03-07 11:12:41,Card,0.0
8320,551,31,4,2025-03-16 18:48:24,Bank Transfer,0.0
8321,359,14,2,2024-05-06 19:56:00,Cash,361600.0
8322,161,37,5,2025-01-12 16:13:08,Mobile Payment,0.0
8323,882,7,1,2025-04-20 15:52:13,Cash,0.0
8324,537,40,5,2025-09-24 16:28:17,Mobile Payment,0.0
8325,637,30,4,2025-10-23 14:55:24,Bank Transfer,0.0
8326,666,20,3,2025-04-19 11:42:09,Cash,0.0
8327,520,30,4,2025-06-16 15:27:29,Bank Transfer,0.0
8328,112,31,4,2025-11-11 14:21:58,Cash,0.0
8329,406,38,5,2024-09-06 14:02:02,Cash,0.0
8330,,31,4,2024-07-16 09:11:22,Cash,0.0
8331,431,34,5,2024-04-07 17:08:27,Cash,0.0
8332,808,33,5,2024-09-19 12:28:14,Cash,368200.0
8333,917,24,3,2025-04-14 18:57:26,Bank Transfer,0.0
8334,183,34,5,2024-12-17 13:59:24,Mobile Payment,0.0
8335,747,37,5,2025-04-30 15:02:31,Card,0.0
8336,458,23,3,2025-06-02 12:15:49,Mobile Payment,0.0
8337,103,24,3,2024-10-21 10:16:07,Cash,0.0
8338,338,7,1,2024-06-12 10:43:38,Mobile Payment,0.0
8339,825,15,2,2024-07-30 19:50:38,Cash,60500.0
8340,46,20,3,2024-06-21 09:42:25,Cash,0.0
8341,559,8,1,2025-03-27 17:48:23,Cash,0.0
8342,9,25,4,2024-11-10 16:36:50,Bank Transfer,0.0
8343,468,9,2,2025-11-05 19:59:38,Cash,0.0
8344,477,33,5,2025-10-17 12:15:20,Mobile Payment,0.0
8345,,23,3,2024-05-03 11:02:58,Cash,0.0
8346,597,12,2,2024-09-18 14:18:49,Cash,35300.0
8347,69,14,2,2025-06-14 12:59:24,Card,0.0
8348,253,23,3,2025-11-28 18:07:04,Cash,0.0
8349,650,2,1,2025-02-13 15:42:48,Bank Transfer,0.0
8350,385,19,3,2025-07-22 13:03:57,Mobile Payment,0.0
8351,676,8,1,2025-10-25 15:01:15,Mobile Payment,47100.0
8352,272,33,5,2024-06-05 12:37:40,Cash,0.0
8353,337,38,5,2024-08-15 18:39:11,Cash,0.0
8354,154,18,3,2024-08-17 16:08:05,Cash,179700.0
8355,31,29,4,2025-12-13 11:01:10,Card,69500.0
8356,587,14,2,2024-01-21 13:51:02,Mobile Payment,0.0
8357,834,10,2,2024-01-23 09:48:11,Bank Transfer,145800.0
8358,927,22,3,2024-05-22 11:13:53,Bank Transfer,0.0
8359,188,39,5,2025-08-23 19:23:30,Cash,0.0
8360,552,10,2,2024-03-22 09:41:54,Bank Transfer,183100.0
8361,106,9,2,2025-07-04 10:44:46,Cash,0.0
8362,,28,4,2025-03-06 15:15:00,Mobile Payment,171700.0
8363,361,3,1,2025-05-13 10:21:03,Cash,172700.0
8364,347,27,4,2024-09-20 16:12:36,Cash,0.0
8365,488,31,4,2025-11-16 19:46:26,Mobile Payment,0.0
8366,619,13,2,2025-09-19 16:58:33,Card,45500.0
8367,,30,4,2024-03-02 13:28:32,Card,77700.0
8368,,18,3,2025-03-17 19:41:25,Mobile Payment,0.0
8369,296,2,1,2025-02-04 11:20:46,Cash,122800.0
8370,934,16,2,2024-01-22 13:01:42,Mobile Payment,0.0
8371,662,5,1,2025-10-28 10:02:09,Bank Transfer,0.0
8372,813,5,1,2024-09-27 16:50:13,Mobile Payment,0.0
8373,426,1,1,2025-07-24 09:31:25,Cash,0.0
8374,539,20,3,2024-04-03 19:40:45,Cash,0.0
8375,320,12,2,2025-03-27 14:28:20,Mobile Payment,0.0
8376,,4,1,2024-09-10 12:21:36,Mobile Payment,92200.0
8377,596,31,4,2025-08-22 19:00:14,Bank Transfer,352200.0
8378,636,39,5,2024-10-13 09:16:58,Card,0.0
8379,901,37,5,2025-01-30 09:50:39,Card,0.0
8380,315,3,1,2025-01-18 13:45:43,Cash,280900.0
8381,94,29,4,2025-06-08 19:43:06,Mobile Payment,542800.0
8382,760,6,1,2024-03-20 10:58:54,Bank Transfer,151600.0
8383,,16,2,2025-05-08 14:30:57,Card,30700.0
8384,521,40,5,2025-03-10 13:13:01,Cash,0.0
8385,110,30,4,2024-11-13 18:45:11,Card,0.0
8386,,40,5,2025-08-08 13:25:48,Mobile Payment,179800.0
8387,144,2,1,2025-03-23 10:09:14,Mobile Payment,288200.0
8388,606,39,5,2025-12-05 10:10:33,Card,753400.0
8389,419,9,2,2025-01-15 09:49:48,Bank Transfer,339900.0
8390,334,21,3,2025-11-06 18:54:20,Card,0.0
8391,886,8,1,2024-09-30 16:05:25,Bank Transfer,0.0
8392,626,11,2,2024-03-12 11:22:57,Mobile Payment,194800.0
8393,959,5,1,2024-06-08 19:22:52,Cash,0.0
8394,883,40,5,2025-10-22 19:20:31,Card,0.0
8395,536,24,3,2024-01-17 15:25:09,Card,0.0
8396,342,29,4,2025-06-13 15:02:08,Mobile Payment,0.0
8397,630,30,4,2025-11-23 11:37:38,Cash,20500.0
8398,,28,4,2025-12-03 16:21:15,Cash,0.0
8399,356,32,4,2025-03-31 16:32:12,Cash,0.0
8400,236,16,2,2025-03-08 15:48:30,Cash,94300.0
8401,993,27,4,2024-09-03 14:44:07,Card,0.0
8402,862,7,1,2025-01-07 09:28:29,Cash,47100.0
8403,608,23,3,2024-05-13 17:52:23,Cash,0.0
8404,,30,4,2025-02-13 14:11:40,Mobile Payment,0.0
8405,,12,2,2025-06-03 18:58:18,Mobile Payment,40100.0
8406,95,2,1,2024-05-29 14:08:44,Card,0.0
8407,,32,4,2024-04-23 09:08:46,Mobile Payment,0.0
8408,721,7,1,2025-12-22 19:01:40,Bank Transfer,0.0
8409,480,8,1,2024-07-29 16:01:47,Cash,377100.0
8410,341,33,5,2025-02-14 18:33:53,Cash,0.0
8411,566,39,5,2024-03-23 19:04:09,Cash,106700.0
8412,,14,2,2024-07-01 15:25:32,Cash,160300.0
8413,805,6,1,2025-12-26 19:01:20,Card,0.0
8414,,12,2,2025-08-26 09:31:00,Bank Transfer,0.0
8415,568,7,1,2024-09-15 11:45:18,Mobile Payment,64400.0
8416,333,10,2,2024-04-25 12:34:45,Mobile Payment,0.0
8417,128,34,5,2025-01-06 10:37:58,Card,0.0
8418,416,34,5,2024-05-18 19:19:57,Mobile Payment,0.0
8419,724,36,5,2024-08-22 11:27:41,Bank Transfer,0.0
8420,614,35,5,2025-06-02 10:48:10,Cash,50900.0
8421,10,20,3,2025-07-25 14:45:10,Mobile Payment,0.0
8422,413,33,5,2024-04-12 15:22:36,Cash,176800.0
8423,138,34,5,2025-11-01 10:04:42,Card,505100.0
8424,313,36,5,2024-09-24 09:03:03,Card,0.0
8425,82,28,4,2024-09-06 13:09:09,Bank Transfer,0.0
8426,313,39,5,2025-08-13 10:18:50,Mobile Payment,0.0
8427,,17,3,2025-04-03 18:33:04,Mobile Payment,0.0
8428,264,30,4,2025-01-18 19:26:56,Cash,75600.0
8429,175,29,4,2025-06-19 11:56:50,Mobile Payment,358000.0
8430,49,2,1,2025-05-10 14:29:49,Mobile Payment,0.0
8431,984,30,4,2024-08-27 16:31:24,Cash,0.0
8432,354,3,1,2024-07-04 15:04:42,Cash,0.0
8433,,22,3,2025-02-02 14:04:24,Mobile Payment,542900.0
8434,802,12,2,2025-11-06 09:42:28,Mobile Payment,0.0
8435,756,22,3,2025-02-28 19:01:51,Mobile Payment,0.0
8436,292,8,1,2024-06-27 10:49:10,Card,0.0
8437,367,18,3,2024-09-03 16:42:13,Card,16200.0
8438,,6,1,2025-04-30 12:13:34,Cash,0.0
8439,914,22,3,2025-10-15 17:38:59,Bank Transfer,196900.0
8440,841,30,4,2024-01-27 16:02:22,Cash,115800.0
8441,,1,1,2025-12-25 13:08:44,Mobile Payment,0.0
8442,727,16,2,2024-04-24 11:42:46,Mobile Payment,33600.0
8443,885,36,5,2025-11-25 12:08:29,Bank Transfer,0.0
8444,362,11,2,2025-06-02 10:32:52,Cash,0.0
8445,375,30,4,2024-04-18 17:28:41,Mobile Payment,50400.0
8446,392,8,1,2024-05-05 17:47:37,Cash,0.0
8447,972,26,4,2025-05-07 12:08:45,Card,0.0
8448,533,39,5,2025-11-16 15:42:28,Cash,732000.0
8449,377,28,4,2025-01-09 09:11:24,Cash,0.0
8450,,13,2,2025-12-03 13:37:01,Cash,0.0
8451,474,11,2,2025-10-23 09:13:18,Cash,0.0
8452,,2,1,2025-03-06 15:34:00,Mobile Payment,313700.0
8453,894,10,2,2024-10-30 13:42:44,Card,158000.0
8454,399,32,4,2024-03-07 17:48:28,Cash,0.0
8455,519,15,2,2025-09-18 17:41:45,Bank Transfer,119300.0
8456,23,19,3,2024-04-16 19:02:04,Card,0.0
8457,890,19,3,2025-07-02 15:59:55,Cash,188300.0
8458,,3,1,2024-07-04 16:08:13,Mobile Payment,0.0
8459,319,40,5,2024-06-11 11:43:20,Bank Transfer,59700.0
8460,52,31,4,2025-11-11 13:49:56,Cash,0.0
8461,957,15,2,2025-12-05 19:28:35,Card,476700.0
8462,865,4,1,2025-11-18 14:47:52,Cash,305900.0
8463,180,13,2,2024-09-27 11:31:02,Cash,0.0
8464,599,38,5,2024-08-24 17:19:05,Card,0.0
8465,644,20,3,2024-07-26 16:24:29,Bank Transfer,0.0
8466,326,9,2,2025-11-09 12:09:15,Cash,192600.0
8467,354,23,3,2025-02-27 12:13:14,Card,0.0
8468,,17,3,2025-05-31 14:36:14,Bank Transfer,0.0
8469,348,34,5,2024-11-02 19:20:35,Bank Transfer,142900.0
8470,937,1,1,2024-10-20 10:32:30,Cash,0.0
8471,932,18,3,2024-10-02 10:02:16,Cash,412300.0
8472,292,15,2,2025-05-22 11:04:42,Card,0.0
8473,,38,5,2025-05-09 17:01:59,Cash,977500.0
8474,59,14,2,2024-09-20 18:17:49,Mobile Payment,0.0
8475,346,14,2,2024-06-29 09:34:47,Mobile Payment,993800.0
8476,287,24,3,2025-01-29 15:16:41,Bank Transfer,0.0
8477,726,28,4,2025-04-11 13:20:14,Cash,0.0
8478,373,31,4,2025-09-26 18:39:55,Cash,0.0
8479,,23,3,2024-02-27 09:12:13,Mobile Payment,0.0
8480,,40,5,2025-02-24 14:48:48,Mobile Payment,73600.0
8481,832,11,2,2025-07-13 12:52:33,Bank Transfer,138200.0
8482,373,32,4,2024-05-29 10:52:24,Cash,0.0
8483,301,27,4,2025-12-04 18:37:32,Bank Transfer,0.0
8484,,5,1,2024-02-29 12:08:54,Cash,0.0
8485,107,32,4,2024-03-11 10:41:15,Bank Transfer,113900.0
8486,500,27,4,2025-10-09 10:40:29,Cash,90900.0
8487,183,9,2,2024-06-17 18:05:01,Card,0.0
8488,212,28,4,2025-01-18 10:42:27,Cash,0.0
8489,296,2,1,2025-01-07 13:43:57,Cash,324800.0
8490,877,31,4,2025-12-10 09:33:12,Cash,0.0
8491,774,10,2,2024-08-26 18:19:46,Bank Transfer,126600.0
8492,548,34,5,2025-05-03 10:34:51,Mobile Payment,0.0
8493,300,6,1,2024-03-02 09:14:35,Card,0.0
8494,193,32,4,2025-01-09 13:34:16,Card,1199600.0
8495,,38,5,2025-07-20 12:03:37,Card,0.0
8496,200,16,2,2024-08-30 15:56:39,Cash,184900.0
8497,684,8,1,2024-03-05 09:44:04,Cash,0.0
8498,877,11,2,2024-01-02 12:10:57,Cash,0.0
8499,485,8,1,2025-02-22 16:22:09,Card,121700.0
8500,953,23,3,2024-11-09 16:31:23,Mobile Payment,0.0
8501,,9,2,2025-04-26 18:02:28,Bank Transfer,167500.0
8502,684,2,1,2024-07-01 15:26:45,Card,0.0
8503,,3,1,2024-03-13 10:18:37,Bank Transfer,0.0
8504,,29,4,2024-07-11 11:54:25,Bank Transfer,0.0
8505,884,37,5,2025-04-24 19:13:11,Card,0.0
8506,364,7,1,2025-03-04 19:28:53,Bank Transfer,0.0
8507,348,24,3,2025-01-27 13:38:05,Cash,0.0
8508,844,21,3,2024-05-17 10:08:31,Bank Transfer,0.0
8509,633,30,4,2025-07-01 15:09:10,Bank Transfer,0.0
8510,830,23,3,2024-08-28 18:44:06,Bank Transfer,0.0
8511,,19,3,2024-08-04 13:12:45,Mobile Payment,0.0
8512,83,2,1,2024-10-01 17:49:03,Cash,0.0
8513,245,7,1,2024-04-06 19:54:44,Bank Transfer,0.0
8514,347,16,2,2024-08-12 11:16:55,Mobile Payment,0.0
8515,162,21,3,2025-01-20 14:03:34,Bank Transfer,0.0
8516,604,35,5,2025-03-12 13:19:28,Card,270700.0
8517,322,31,4,2025-01-09 16:04:08,Card,60600.0
8518,781,8,1,2024-09-02 19:55:20,Bank Transfer,0.0
8519,716,14,2,2025-02-24 17:31:43,Card,0.0
8520,876,34,5,2024-08-03 16:30:16,Mobile Payment,0.0
8521,910,27,4,2025-11-04 10:57:34,Cash,0.0
8522,353,1,1,2025-02-16 10:37:20,Bank Transfer,1829400.0
8523,209,34,5,2024-12-17 09:34:08,Card,267300.0
8524,448,2,1,2025-10-25 13:01:23,Card,0.0
8525,835,25,4,2025-12-25 12:43:34,Bank Transfer,669500.0
8526,319,33,5,2024-09-01 09:13:49,Cash,0.0
8527,758,16,2,2025-08-06 12:11:23,Card,0.0
8528,280,20,3,2025-02-21 11:40:03,Bank Transfer,0.0
8529,322,1,1,2024-12-13 13:37:52,Mobile Payment,17900.0
8530,352,36,5,2025-03-04 09:12:40,Mobile Payment,176200.0
8531,989,14,2,2025-11-20 11:29:25,Cash,404000.0
8532,507,40,5,2024-05-30 10:16:51,Card,105800.0
8533,93,22,3,2024-07-25 19:07:46,Card,0.0
8534,981,23,3,2024-12-29 11:59:08,Cash,71300.0
8535,970,31,4,2024-12-01 16:18:18,Cash,0.0
8536,466,40,5,2025-08-20 11:52:19,Card,261200.0
8537,,36,5,2024-11-28 16:00:50,Cash,0.0
8538,942,31,4,2025-05-03 12:46:11,Cash,118200.0
8539,859,9,2,2025-05-09 16:44:25,Cash,0.0
8540,587,11,2,2025-01-11 18:26:13,Bank Transfer,0.0
8541,338,11,2,2024-02-05 14:30:08,Mobile Payment,0.0
8542,147,11,2,2025-11-24 12:14:07,Cash,0.0
8543,242,19,3,2025-03-25 10:07:59,Card,265000.0
8544,,34,5,2024-01-07 11:59:54,Bank Transfer,0.0
8545,548,24,3,2024-11-02 17:21:53,Mobile Payment,0.0
8546,543,10,2,2025-11-24 16:19:54,Bank Transfer,0.0
8547,642,4,1,2024-06-06 10:30:04,Mobile Payment,350000.0
8548,13,31,4,2024-05-08 17:01:21,Cash,0.0
8549,561,6,1,2024-01-24 19:59:36,Mobile Payment,0.0
8550,533,37,5,2025-11-14 16:06:49,Mobile Payment,0.0
8551,76,17,3,2025-09-24 15:30:45,Mobile Payment,0.0
8552,529,1,1,2025-05-27 10:49:12,Mobile Payment,0.0
8553,,27,4,2025-08-20 18:13:35,Card,219800.0
8554,,34,5,2024-06-29 12:48:01,Cash,0.0
8555,20,20,3,2024-01-19 17:30:17,Card,525900.0
8556,493,4,1,2024-03-03 12:02:36,Card,0.0
8557,735,37,5,2025-07-12 12:54:07,Mobile Payment,0.0
8558,530,37,5,2025-09-23 11:43:53,Cash,0.0
8559,,17,3,2024-02-18 11:09:59,Cash,17900.0
8560,398,33,5,2024-05-05 16:12:29,Card,83800.0
8561,269,6,1,2024-03-30 16:36:18,Mobile Payment,331300.0
8562,39,3,1,2025-05-27 09:54:48,Mobile Payment,561000.0
8563,816,38,5,2024-07-31 13:49:05,Mobile Payment,0.0
8564,380,7,1,2025-10-16 10:37:01,Card,0.0
8565,962,24,3,2024-01-12 14:11:46,Cash,0.0
8566,944,10,2,2024-04-02 16:23:31,Bank Transfer,0.0
8567,671,11,2,2024-10-27 10:55:12,Mobile Payment,0.0
8568,254,2,1,2025-08-23 19:07:22,Cash,210100.0
8569,339,33,5,2024-10-04 16:05:30,Mobile Payment,0.0
8570,192,11,2,2025-08-10 16:47:42,Bank Transfer,435600.0
8571,976,23,3,2024-10-18 12:26:53,Mobile Payment,0.0
8572,,8,1,2024-04-07 19:12:33,Cash,57600.0
8573,224,30,4,2025-08-11 16:36:23,Cash,265500.0
8574,88,6,1,2024-11-13 18:42:56,Cash,0.0
8575,373,23,3,2024-03-13 13:19:32,Card,296700.0
8576,,34,5,2024-03-14 10:18:31,Bank Transfer,0.0
8577,965,12,2,2024-08-01 18:20:40,Mobile Payment,0.0
8578,877,25,4,2025-06-28 17:05:46,Card,123200.0
8579,788,9,2,2024-12-20 11:41:57,Cash,0.0
8580,884,12,2,2024-10-03 10:07:08,Mobile Payment,39200.0
8581,,7,1,2024-08-10 17:35:33,Mobile Payment,0.0
8582,661,4,1,2024-05-27 16:53:32,Cash,148200.0
8583,126,27,4,2024-06-30 09:46:07,Cash,165500.0
8584,825,35,5,2025-12-31 16:42:21,Mobile Payment,0.0
8585,227,9,2,2024-02-27 16:40:12,Cash,65700.0
8586,529,23,3,2025-05-07 14:44:14,Mobile Payment,193200.0
8587,,21,3,2025-10-13 14:17:29,Mobile Payment,0.0
8588,104,31,4,2025-01-18 14:25:46,Card,160400.0
8589,927,34,5,2024-12-13 09:48:25,Card,0.0
8590,551,21,3,2024-07-29 12:02:28,Card,1062700.0
8591,,37,5,2025-04-19 18:03:48,Card,0.0
8592,119,5,1,2025-09-02 15:27:24,Card,0.0
8593,830,20,3,2025-01-11 19:41:13,Bank Transfer,998900.0
8594,,38,5,2025-07-09 10:23:42,Card,0.0
8595,94,28,4,2024-02-24 09:50:20,Cash,551900.0
8596,592,23,3,2025-04-03 15:40:16,Mobile Payment,0.0
8597,874,11,2,2025-01-03 13:58:51,Mobile Payment,0.0
8598,102,34,5,2024-10-20 19:42:41,Cash,1060400.0
8599,,39,5,2024-06-25 14:32:12,Card,119500.0
8600,536,17,3,2024-11-04 18:04:21,Mobile Payment,0.0
8601,823,24,3,2024-06-12 19:04:46,Card,0.0
8602,888,6,1,2024-02-26 13:40:09,Mobile Payment,186300.0
8603,807,15,2,2024-11-18 18:01:56,Cash,0.0
8604,778,12,2,2024-08-16 17:42:12,Bank Transfer,0.0
8605,510,8,1,2024-10-09 18:19:00,Mobile Payment,0.0
8606,220,40,5,2024-09-03 17:28:54,Cash,34000.0
8607,611,21,3,2024-08-14 15:09:42,Mobile Payment,83800.0
8608,992,29,4,2025-10-15 15:36:05,Bank Transfer,291000.0
8609,310,39,5,2025-12-09 16:18:49,Mobile Payment,0.0
8610,,1,1,2025-09-13 16:41:47,Card,626000.0
8611,188,21,3,2024-07-16 14:11:22,Mobile Payment,317000.0
8612,495,32,4,2025-10-07 14:36:05,Mobile Payment,0.0
8613,693,10,2,2025-01-11 19:34:01,Mobile Payment,416000.0
8614,,31,4,2025-08-24 09:11:22,Mobile Payment,0.0
8615,407,23,3,2025-08-20 19:57:08,Mobile Payment,0.0
8616,542,25,4,2024-04-14 13:36:49,Bank Transfer,0.0
8617,161,8,1,2024-04-18 11:05:05,Mobile Payment,0.0
8618,987,8,1,2025-03-23 18:16:18,Bank Transfer,65700.0
8619,10,18,3,2024-02-16 15:50:54,Card,0.0
8620,588,8,1,2025-04-25 19:27:16,Card,67100.0
8621,769,33,5,2024-06-02 16:02:35,Mobile Payment,0.0
8622,592,20,3,2024-09-02 09:13:07,Cash,0.0
8623,728,36,5,2025-06-26 14:09:14,Cash,0.0
8624,285,39,5,2024-07-28 13:27:05,Bank Transfer,551300.0
8625,,26,4,2025-05-12 10:38:53,Cash,200300.0
8626,86,11,2,2025-07-30 16:56:30,Mobile Payment,219100.0
8627,969,38,5,2025-08-03 14:42:15,Card,15400.0
8628,324,26,4,2024-01-21 18:51:33,Mobile Payment,0.0
8629,300,7,1,2024-09-07 13:51:52,Mobile Payment,0.0
8630,352,23,3,2025-06-30 15:52:07,Bank Transfer,0.0
8631,158,27,4,2025-04-09 14:55:48,Mobile Payment,0.0
8632,,13,2,2024-09-17 10:34:25,Mobile Payment,267000.0
8633,333,11,2,2024-05-15 11:22:43,Bank Transfer,198000.0
8634,366,18,3,2024-06-23 09:59:01,Mobile Payment,497500.0
8635,892,22,3,2025-04-26 11:11:10,Card,0.0
8636,194,22,3,2025-05-18 09:52:00,Mobile Payment,0.0
8637,434,25,4,2025-07-12 12:49:56,Card,0.0
8638,532,26,4,2024-01-12 13:11:03,Cash,358200.0
8639,771,26,4,2025-03-13 19:53:01,Cash,0.0
8640,139,23,3,2024-07-15 14:02:11,Mobile Payment,0.0
8641,809,13,2,2024-09-28 11:37:50,Cash,0.0
8642,855,36,5,2024-01-31 12:16:29,Mobile Payment,180200.0
8643,888,28,4,2025-01-02 09:12:04,Cash,0.0
8644,,12,2,2024-11-22 10:19:45,Bank Transfer,47700.0
8645,708,27,4,2025-04-05 19:19:56,Cash,28200.0
8646,923,1,1,2024-02-02 12:04:45,Mobile Payment,141900.0
8647,694,30,4,2025-09-19 11:49:56,Cash,0.0
8648,137,27,4,2025-03-02 14:44:03,Card,0.0
8649,,1,1,2024-12-28 11:53:41,Cash,0.0
8650,,22,3,2024-05-10 12:34:41,Card,0.0
8651,515,24,3,2025-06-02 10:17:35,Cash,0.0
8652,719,16,2,2025-04-20 12:08:11,Card,0.0
8653,582,33,5,2025-01-13 19:09:02,Card,0.0
8654,926,36,5,2025-11-11 10:22:19,Mobile Payment,0.0
8655,297,29,4,2024-02-22 18:09:30,Card,44800.0
8656,571,35,5,2024-03-14 18:25:52,Cash,0.0
8657,269,5,1,2024-04-20 09:02:30,Cash,0.0
8658,515,24,3,2025-08-13 15:41:27,Cash,0.0
8659,393,11,2,2024-12-21 10:09:35,Mobile Payment,0.0
8660,271,31,4,2024-11-01 19:52:47,Cash,103000.0
8661,69,28,4,2024-12-16 12:54:05,Mobile Payment,237500.0
8662,,30,4,2025-03-11 13:46:42,Mobile Payment,0.0
8663,689,19,3,2024-05-31 18:34:42,Card,0.0
8664,69,19,3,2024-10-22 11:08:24,Bank Transfer,298100.0
8665,292,35,5,2025-08-22 15:22:10,Mobile Payment,0.0
8666,213,24,3,2024-06-19 11:22:17,Cash,41500.0
8667,379,22,3,2025-05-09 16:27:00,Mobile Payment,69500.0
8668,568,14,2,2025-03-07 15:39:16,Bank Transfer,0.0
8669,426,20,3,2024-03-11 11:10:30,Mobile Payment,47800.0
8670,793,26,4,2024-04-24 17:06:23,Cash,0.0
8671,766,24,3,2025-11-09 12:27:39,Cash,495100.0
8672,,33,5,2025-05-28 18:33:17,Cash,36600.0
8673,730,39,5,2025-05-24 11:31:09,Cash,0.0
8674,461,5,1,2025-03-02 13:00:17,Bank Transfer,0.0
8675,591,5,1,2024-04-10 13:02:46,Mobile Payment,0.0
8676,,21,3,2025-12-15 17:41:29,Cash,0.0
8677,790,28,4,2025-11-17 17:57:51,Mobile Payment,276000.0
8678,92,16,2,2024-09-25 13:08:22,Bank Transfer,35600.0
8679,192,33,5,2024-10-05 18:52:02,Cash,0.0
8680,217,37,5,2025-04-03 16:14:31,Cash,127600.0
8681,975,3,1,2025-04-04 19:07:34,Cash,0.0
8682,749,11,2,2025-05-11 13:27:55,Cash,280400.0
8683,,30,4,2024-04-10 19:00:15,Cash,0.0
8684,166,3,1,2025-11-30 12:27:01,Cash,0.0
8685,866,14,2,2024-10-25 19:29:30,Mobile Payment,0.0
8686,520,36,5,2025-08-26 14:20:06,Card,0.0
8687,978,13,2,2024-02-04 10:08:29,Bank Transfer,48000.0
8688,27,9,2,2024-04-06 19:12:44,Cash,0.0
8689,801,28,4,2024-04-23 19:24:38,Card,278800.0
8690,,32,4,2025-03-02 15:03:27,Cash,0.0
8691,61,20,3,2025-06-09 10:53:55,Cash,0.0
8692,853,22,3,2024-09-12 10:53:54,Card,0.0
8693,148,27,4,2025-12-21 09:31:32,Bank Transfer,0.0
8694,590,37,5,2024-04-28 14:36:36,Mobile Payment,0.0
8695,116,16,2,2024-11-22 12:45:48,Card,0.0
8696,727,20,3,2024-04-23 14:20:45,Card,0.0
8697,642,34,5,2024-01-08 12:12:41,Cash,0.0
8698,667,27,4,2025-01-07 15:29:10,Bank Transfer,227400.0
8699,781,40,5,2025-07-24 15:09:26,Cash,371500.0
8700,,35,5,2024-07-06 19:36:40,Cash,69700.0
8701,905,40,5,2024-06-22 13:32:09,Mobile Payment,0.0
8702,726,39,5,2025-03-01 14:31:07,Cash,285300.0
8703,249,7,1,2024-11-21 10:01:43,Card,31800.0
8704,78,25,4,2025-04-12 19:58:55,Card,131200.0
8705,591,7,1,2025-10-29 14:23:21,Bank Transfer,809000.0
8706,371,15,2,2025-03-25 10:33:29,Mobile Payment,101000.0
8707,539,17,3,2025-02-04 12:01:06,Mobile Payment,0.0
8708,806,23,3,2025-09-26 11:44:57,Mobile Payment,0.0
8709,196,9,2,2025-07-30 13:50:09,Cash,196300.0
8710,253,24,3,2024-06-02 11:06:53,Cash,0.0
8711,248,38,5,2024-11-12 12:38:56,Cash,97700.0
8712,783,24,3,2025-12-08 13:45:40,Card,0.0
8713,254,24,3,2025-06-04 12:00:03,Mobile Payment,0.0
8714,,18,3,2025-03-28 09:47:33,Cash,0.0
8715,143,9,2,2024-07-15 12:08:33,Mobile Payment,0.0
8716,683,15,2,2024-11-24 18:03:50,Cash,0.0
8717,587,2,1,2024-02-15 13:52:48,Card,0.0
8718,566,25,4,2025-09-08 14:31:01,Card,0.0
8719,407,19,3,2025-01-21 14:27:51,Cash,0.0
8720,143,24,3,2024-03-01 16:21:11,Card,71200.0
8721,,6,1,2025-07-08 13:39:29,Mobile Payment,0.0
8722,439,9,2,2024-08-11 18:27:24,Bank Transfer,479800.0
8723,205,34,5,2024-06-20 14:20:57,Mobile Payment,10700.0
8724,625,14,2,2024-02-27 15:33:40,Bank Transfer,0.0
8725,198,8,1,2025-06-05 13:56:44,Bank Transfer,31900.0
8726,757,11,2,2024-07-10 12:34:09,Mobile Payment,34500.0
8727,119,26,4,2025-09-11 14:51:29,Cash,4200.0
8728,967,7,1,2025-09-22 09:15:09,Card,0.0
8729,584,29,4,2024-03-10 15:42:52,Mobile Payment,0.0
8730,,21,3,2025-05-28 09:34:22,Bank Transfer,0.0
8731,818,39,5,2024-12-02 19:11:06,Bank Transfer,0.0
8732,831,4,1,2025-05-15 11:54:40,Bank Transfer,0.0
8733,444,15,2,2024-12-19 09:13:49,Card,248100.0
8734,434,25,4,2024-04-08 19:01:16,Cash,993000.0
8735,833,37,5,2024-06-10 18:29:29,Bank Transfer,550700.0
8736,693,1,1,2024-07-03 10:21:50,Cash,409100.0
8737,614,4,1,2024-07-26 13:45:47,Cash,0.0
8738,,14,2,2025-06-17 14:37:05,Cash,0.0
8739,296,8,1,2024-03-30 19:11:49,Bank Transfer,109200.0
8740,609,1,1,2024-08-09 18:13:26,Cash,0.0
8741,545,9,2,2024-03-18 14:31:05,Cash,0.0
8742,556,19,3,2024-10-24 14:47:41,Mobile Payment,280100.0
8743,236,26,4,2024-01-30 14:12:42,Card,0.0
8744,254,11,2,2025-04-29 11:04:34,Mobile Payment,0.0
8745,842,26,4,2025-05-28 17:11:51,Mobile Payment,252600.0
8746,951,32,4,2025-03-09 11:41:29,Cash,0.0
8747,187,37,5,2024-06-24 13:48:13,Bank Transfer,507000.0
8748,228,10,2,2025-01-26 12:36:16,Card,0.0
8749,531,37,5,2025-11-12 17:40:28,Mobile Payment,0.0
8750,738,22,3,2025-09-01 10:05:00,Bank Transfer,0.0
8751,107,23,3,2024-04-08 15:55:57,Mobile Payment,0.0
8752,,26,4,2024-06-27 18:34:20,Cash,0.0
8753,656,40,5,2024-10-01 10:17:55,Card,0.0
8754,99,40,5,2025-01-28 15:31:49,Cash,0.0
8755,613,15,2,2025-08-23 13:59:47,Mobile Payment,33500.0
8756,453,10,2,2025-03-03 11:57:11,Mobile Payment,0.0
8757,304,8,1,2024-05-12 12:16:21,Bank Transfer,96600.0
8758,,37,5,2024-12-26 09:09:29,Cash,18400.0
8759,975,5,1,2025-03-13 19:07:11,Mobile Payment,0.0
8760,,10,2,2025-02-01 16:33:15,Bank Transfer,16000.0
8761,432,24,3,2025-04-11 16:07:34,Bank Transfer,0.0
8762,525,21,3,2024-06-21 18:39:40,Card,0.0
8763,,27,4,2025-02-22 16:00:58,Cash,20400.0
8764,425,28,4,2024-04-08 18:12:38,Card,0.0
8765,670,23,3,2025-09-30 12:46:29,Mobile Payment,0.0
8766,945,11,2,2025-11-08 13:38:42,Cash,0.0
8767,99,32,4,2025-11-01 13:02:09,Card,0.0
8768,829,20,3,2025-12-13 17:34:01,Bank Transfer,225900.0
8769,435,30,4,2024-03-14 19:01:02,Cash,0.0
8770,746,23,3,2025-12-12 15:20:55,Cash,0.0
8771,38,22,3,2024-09-10 15:28:29,Cash,0.0
8772,508,39,5,2025-06-04 10:30:22,Mobile Payment,0.0
8773,329,5,1,2024-11-23 16:31:58,Mobile Payment,0.0
8774,213,37,5,2024-04-10 14:31:50,Card,724700.0
8775,688,22,3,2024-01-03 09:01:42,Mobile Payment,0.0
8776,780,8,1,2025-07-11 19:37:09,Bank Transfer,0.0
8777,,25,4,2024-04-30 12:21:20,Cash,0.0
8778,830,36,5,2024-08-08 13:04:32,Mobile Payment,0.0
8779,390,31,4,2025-03-02 18:47:48,Card,0.0
8780,21,37,5,2024-06-03 14:36:38,Card,92600.0
8781,312,8,1,2024-09-15 17:32:33,Bank Transfer,0.0
8782,156,31,4,2025-07-18 15:47:54,Cash,0.0
8783,668,39,5,2025-10-28 13:09:57,Bank Transfer,0.0
8784,577,16,2,2025-12-26 18:27:20,Card,148200.0
8785,,38,5,2025-07-23 14:41:11,Card,71500.0
8786,451,35,5,2024-05-16 12:47:02,Bank Transfer,0.0
8787,425,13,2,2024-04-16 14:25:20,Cash,0.0
8788,401,3,1,2024-09-09 09:56:29,Card,0.0
8789,774,2,1,2025-09-08 19:19:49,Mobile Payment,269500.0
8790,939,9,2,2024-01-06 11:37:42,Cash,150000.0
8791,137,11,2,2025-07-10 19:27:20,Cash,532400.0
8792,,40,5,2024-08-08 17:30:22,Cash,159000.0
8793,,17,3,2024-05-04 19:11:35,Mobile Payment,0.0
8794,123,29,4,2024-09-08 09:15:38,Card,0.0
8795,369,10,2,2024-11-05 14:00:41,Cash,0.0
8796,182,28,4,2025-04-03 12:08:28,Cash,80500.0
8797,462,36,5,2024-12-10 10:55:00,Cash,0.0
8798,,23,3,2025-09-12 19:30:16,Cash,0.0
8799,,31,4,2024-03-24 09:12:40,Mobile Payment,37600.0
8800,854,22,3,2025-03-21 13:27:42,Cash,0.0
8801,703,20,3,2025-04-09 11:49:45,Cash,0.0
8802,644,24,3,2024-11-14 09:55:48,Bank Transfer,0.0
8803,835,1,1,2024-10-22 18:23:21,Card,0.0
8804,716,40,5,2024-02-27 10:10:29,Mobile Payment,108700.0
8805,958,16,2,2025-02-20 12:07:31,Card,0.0
8806,43,21,3,2024-02-14 14:32:49,Cash,147700.0
8807,,1,1,2025-04-14 09:57:36,Mobile Payment,0.0
8808,822,5,1,2024-01-03 19:29:30,Card,0.0
8809,490,30,4,2024-12-15 18:50:56,Cash,0.0
8810,986,5,1,2024-04-28 09:45:50,Cash,0.0
8811,347,36,5,2024-03-02 17:59:21,Mobile Payment,0.0
8812,302,24,3,2024-02-22 17:37:53,Cash,0.0
8813,547,17,3,2024-05-23 16:05:08,Cash,0.0
8814,837,27,4,2025-08-26 13:11:33,Bank Transfer,110700.0
8815,842,6,1,2025-07-20 11:20:15,Cash,55400.0
8816,752,29,4,2025-10-14 18:58:37,Cash,0.0
8817,161,16,2,2025-03-30 12:34:19,Mobile Payment,472900.0
8818,843,29,4,2025-09-05 16:46:40,Card,0.0
8819,720,11,2,2025-11-27 16:01:04,Mobile Payment,0.0
8820,908,3,1,2025-03-25 12:08:57,Bank Transfer,73000.0
8821,808,30,4,2024-06-18 14:37:34,Card,0.0
8822,785,23,3,2025-06-28 12:04:15,Mobile Payment,0.0
8823,410,24,3,2024-06-21 19:27:51,Mobile Payment,28100.0
8824,80,40,5,2024-10-29 12:27:05,Cash,0.0
8825,953,34,5,2025-10-17 15:19:40,Mobile Payment,0.0
8826,972,30,4,2024-10-01 17:19:02,Bank Transfer,0.0
8827,694,26,4,2025-06-06 12:17:54,Bank Transfer,0.0
8828,666,15,2,2025-05-29 10:03:09,Cash,0.0
8829,789,7,1,2025-02-02 15:06:08,Cash,79400.0
8830,335,29,4,2025-07-15 19:07:08,Cash,211100.0
8831,431,7,1,2025-07-18 18:50:45,Card,0.0
8832,406,23,3,2024-01-19 13:23:46,Bank Transfer,160800.0
8833,,12,2,2025-10-25 13:25:07,Bank Transfer,69800.0
8834,508,6,1,2024-01-07 19:06:39,Card,0.0
8835,224,19,3,2025-07-27 10:15:17,Mobile Payment,0.0
8836,,25,4,2024-10-05 19:09:55,Bank Transfer,176200.0
8837,686,34,5,2024-09-02 12:17:44,Cash,0.0
8838,,19,3,2025-03-04 09:41:58,Mobile Payment,0.0
8839,744,3,1,2025-09-26 16:12:19,Bank Transfer,0.0
8840,,8,1,2025-06-17 16:38:20,Cash,82400.0
8841,569,8,1,2024-08-01 11:41:58,Bank Transfer,171600.0
8842,318,3,1,2024-01-13 10:33:06,Mobile Payment,0.0
8843,988,37,5,2025-06-15 09:54:35,Card,0.0
8844,266,33,5,2024-02-17 13:25:54,Mobile Payment,0.0
8845,874,1,1,2025-02-17 19:54:44,Card,0.0
8846,438,30,4,2024-01-17 15:19:59,Mobile Payment,0.0
8847,,1,1,2025-07-03 15:45:50,Card,0.0
8848,923,5,1,2025-08-10 10:38:53,Bank Transfer,367400.0
8849,581,17,3,2024-03-04 17:09:38,Cash,0.0
8850,429,10,2,2025-10-10 16:49:35,Bank Transfer,0.0
8851,909,21,3,2024-02-29 17:29:47,Bank Transfer,0.0
8852,,27,4,2024-02-16 09:17:30,Mobile Payment,0.0
8853,76,31,4,2025-08-15 15:31:22,Cash,13600.0
8854,340,33,5,2025-04-25 11:48:03,Cash,0.0
8855,770,20,3,2024-12-19 11:24:26,Card,76600.0
8856,372,29,4,2024-11-13 09:45:38,Mobile Payment,534900.0
8857,932,35,5,2024-07-24 18:18:02,Cash,380600.0
8858,557,34,5,2025-04-07 17:26:21,Cash,0.0
8859,566,11,2,2024-12-15 15:53:21,Mobile Payment,147100.0
8860,20,38,5,2024-10-19 16:31:40,Card,115700.0
8861,362,3,1,2024-03-11 14:56:16,Mobile Payment,203700.0
8862,,1,1,2025-07-02 15:40:43,Cash,25700.0
8863,630,6,1,2024-12-14 13:16:41,Cash,488500.0
8864,986,27,4,2024-12-19 15:40:17,Mobile Payment,0.0
8865,302,23,3,2024-01-18 13:05:02,Mobile Payment,158500.0
8866,205,27,4,2025-08-09 19:37:24,Cash,0.0
8867,942,17,3,2025-04-07 16:08:50,Mobile Payment,48800.0
8868,,14,2,2025-05-15 13:38:00,Card,0.0
8869,630,30,4,2025-08-23 15:36:07,Cash,0.0
8870,794,39,5,2025-03-20 09:46:56,Cash,0.0
8871,220,7,1,2025-05-31 09:55:18,Mobile Payment,0.0
8872,83,2,1,2024-02-13 16:26:27,Cash,0.0
8873,523,37,5,2024-11-10 15:46:07,Mobile Payment,0.0
8874,538,34,5,2025-10-24 09:47:06,Bank Transfer,0.0
8875,289,15,2,2024-01-16 09:05:51,Cash,88700.0
8876,119,10,2,2025-10-12 11:14:26,Cash,333700.0
8877,932,11,2,2025-04-04 10:10:52,Cash,385500.0
8878,225,31,4,2024-04-26 14:32:33,Bank Transfer,0.0
8879,47,5,1,2025-10-19 16:09:28,Bank Transfer,0.0
8880,426,24,3,2025-12-25 18:48:36,Cash,0.0
8881,999,39,5,2025-12-07 16:48:48,Cash,86900.0
8882,431,16,2,2024-06-19 12:49:55,Mobile Payment,0.0
8883,104,38,5,2024-08-01 18:49:28,Cash,145800.0
8884,960,27,4,2025-10-22 17:08:25,Card,0.0
8885,,25,4,2024-05-04 19:39:16,Bank Transfer,0.0
8886,,23,3,2024-05-29 12:50:05,Card,995400.0
8887,716,40,5,2025-07-04 14:59:50,Bank Transfer,0.0
8888,932,22,3,2024-04-13 12:55:29,Mobile Payment,242000.0
8889,959,9,2,2024-06-25 15:52:02,Cash,134200.0
8890,784,34,5,2025-02-19 18:18:20,Cash,113400.0
8891,551,29,4,2024-06-06 18:24:21,Cash,0.0
8892,451,4,1,2024-11-11 14:03:33,Bank Transfer,0.0
8893,299,39,5,2025-11-23 12:12:47,Card,409500.0
8894,123,17,3,2024-03-13 10:23:06,Card,0.0
8895,730,6,1,2024-02-19 15:17:02,Cash,0.0
8896,,19,3,2024-12-15 19:41:58,Mobile Payment,0.0
8897,,16,2,2025-02-20 13:03:53,Mobile Payment,0.0
8898,548,31,4,2024-03-16 09:26:22,Mobile Payment,0.0
8899,429,9,2,2024-07-22 19:15:13,Mobile Payment,31900.0
8900,405,36,5,2025-01-08 17:03:26,Bank Transfer,46600.0
8901,583,37,5,2024-02-29 12:07:30,Mobile Payment,553500.0
8902,315,22,3,2025-08-10 09:10:16,Cash,80100.0
8903,965,36,5,2025-08-28 18:16:03,Cash,442400.0
8904,25,14,2,2025-05-28 17:19:35,Mobile Payment,431400.0
8905,883,22,3,2025-11-16 13:45:53,Card,0.0
8906,359,19,3,2024-07-07 14:49:52,Mobile Payment,123900.0
8907,211,31,4,2024-11-09 17:49:36,Cash,0.0
8908,789,36,5,2025-02-12 14:58:28,Mobile Payment,0.0
8909,,26,4,2025-01-11 17:51:55,Bank Transfer,0.0
8910,915,27,4,2024-03-09 14:29:28,Bank Transfer,212300.0
8911,530,15,2,2024-09-09 16:19:25,Card,0.0
8912,128,15,2,2025-10-15 09:25:34,Mobile Payment,0.0
8913,161,29,4,2024-07-18 15:20:06,Mobile Payment,13300.0
8914,159,11,2,2024-07-13 19:37:30,Card,0.0
8915,,23,3,2025-07-07 16:03:18,Cash,405400.0
8916,69,25,4,2024-01-09 19:30:38,Card,51300.0
8917,,8,1,2025-06-10 18:32:57,Bank Transfer,28000.0
8918,515,33,5,2025-06-25 13:15:12,Mobile Payment,0.0
8919,816,7,1,2025-02-12 15:09:06,Mobile Payment,434100.0
8920,314,23,3,2024-06-30 14:39:36,Card,0.0
8921,888,18,3,2024-03-07 18:57:53,Mobile Payment,0.0
8922,860,23,3,2024-03-14 11:36:51,Card,0.0
8923,,14,2,2024-08-29 14:24:07,Cash,0.0
8924,283,2,1,2024-10-15 16:56:18,Card,92100.0
8925,733,1,1,2024-04-28 09:10:00,Cash,0.0
8926,836,28,4,2024-03-03 09:59:40,Cash,671300.0
8927,684,26,4,2024-11-17 14:47:00,Mobile Payment,7800.0
8928,896,34,5,2024-03-26 14:06:54,Cash,0.0
8929,649,8,1,2024-06-17 13:10:53,Card,24700.0
8930,556,21,3,2024-02-20 15:52:06,Mobile Payment,262200.0
8931,814,31,4,2025-10-29 16:55:25,Card,615100.0
8932,468,29,4,2024-11-19 18:27:02,Cash,196000.0
8933,,23,3,2024-03-22 13:10:34,Card,61700.0
8934,497,2,1,2024-12-19 13:03:59,Mobile Payment,0.0
8935,35,25,4,2025-06-19 18:42:31,Cash,0.0
8936,95,2,1,2025-07-30 10:28:39,Bank Transfer,0.0
8937,242,25,4,2025-07-03 11:16:49,Mobile Payment,0.0
8938,112,32,4,2024-03-30 17:36:47,Cash,0.0
8939,848,36,5,2024-11-05 09:46:18,Card,0.0
8940,497,15,2,2024-06-26 15:39:34,Bank Transfer,281900.0
8941,364,14,2,2024-10-23 18:13:24,Bank Transfer,91800.0
8942,445,8,1,2025-07-14 18:49:36,Mobile Payment,42600.0
8943,170,19,3,2025-08-07 13:04:06,Card,0.0
8944,451,23,3,2025-11-09 10:59:37,Card,0.0
8945,46,13,2,2024-09-23 09:35:33,Card,0.0
8946,125,10,2,2025-11-13 14:54:37,Bank Transfer,0.0
8947,460,16,2,2025-06-27 18:52:39,Cash,0.0
8948,733,12,2,2025-02-19 09:10:09,Mobile Payment,144000.0
8949,836,40,5,2025-08-31 19:13:17,Mobile Payment,0.0
8950,322,20,3,2024-05-05 16:10:32,Card,0.0
8951,32,11,2,2024-01-26 17:33:38,Mobile Payment,0.0
8952,375,30,4,2025-05-12 10:12:58,Cash,37000.0
8953,867,28,4,2024-10-31 18:38:01,Cash,0.0
8954,550,5,1,2025-09-14 18:30:25,Mobile Payment,0.0
8955,,40,5,2025-06-19 12:42:28,Cash,0.0
8956,154,17,3,2024-09-30 10:46:40,Bank Transfer,0.0
8957,,18,3,2024-05-24 09:13:55,Mobile Payment,977500.0
8958,113,19,3,2024-02-25 11:13:34,Card,367800.0
8959,762,29,4,2025-06-09 09:28:10,Mobile Payment,0.0
8960,,5,1,2025-07-31 16:31:19,Card,0.0
8961,584,34,5,2024-12-15 15:23:37,Bank Transfer,0.0
8962,555,33,5,2025-10-25 17:23:46,Card,236100.0
8963,389,34,5,2025-09-29 15:49:34,Mobile Payment,0.0
8964,368,27,4,2025-07-10 09:52:39,Mobile Payment,0.0
8965,,29,4,2025-08-03 12:11:13,Cash,0.0
8966,910,37,5,2024-05-09 10:15:51,Card,0.0
8967,741,40,5,2025-02-18 18:40:57,Cash,108600.0
8968,,20,3,2024-09-16 15:12:12,Mobile Payment,53500.0
8969,61,29,4,2025-04-01 16:10:21,Card,0.0
8970,,4,1,2024-08-08 16:59:24,Cash,359900.0
8971,201,35,5,2025-03-23 17:43:10,Cash,0.0
8972,609,1,1,2024-02-07 19:14:45,Cash,63800.0
8973,689,32,4,2024-01-24 13:33:45,Card,809300.0
8974,419,13,2,2024-08-29 14:00:48,Mobile Payment,0.0
8975,806,22,3,2025-11-20 13:50:04,Cash,0.0
8976,258,14,2,2025-05-29 19:56:55,Cash,0.0
8977,193,26,4,2024-04-21 18:50:52,Cash,0.0
8978,734,23,3,2024-07-18 17:49:48,Cash,0.0
8979,930,22,3,2025-09-28 16:38:01,Cash,120700.0
8980,292,24,3,2024-03-25 18:46:48,Card,0.0
8981,852,11,2,2024-01-16 19:45:23,Cash,0.0
8982,391,1,1,2025-08-13 17:52:53,Bank Transfer,12800.0
8983,720,33,5,2025-08-28 17:16:54,Card,0.0
8984,,3,1,2024-09-27 18:16:03,Bank Transfer,749400.0
8985,,4,1,2024-06-14 16:38:35,Mobile Payment,0.0
8986,750,38,5,2025-02-20 11:57:14,Bank Transfer,0.0
8987,923,5,1,2024-07-16 13:56:12,Card,0.0
8988,214,13,2,2024-04-23 17:01:00,Mobile Payment,0.0
8989,135,11,2,2025-11-06 16:29:45,Mobile Payment,42900.0
8990,299,30,4,2025-07-25 11:59:53,Cash,0.0
8991,991,24,3,2025-09-06 13:37:40,Cash,271200.0
8992,826,5,1,2025-05-01 12:35:51,Mobile Payment,0.0
8993,441,37,5,2024-02-24 18:32:04,Cash,0.0
8994,887,15,2,2024-09-19 17:54:32,Mobile Payment,0.0
8995,480,14,2,2024-03-03 17:09:01,Cash,0.0
8996,96,18,3,2024-01-01 19:15:47,Mobile Payment,29700.0
8997,533,37,5,2025-06-28 14:46:38,Cash,275500.0
8998,315,37,5,2024-09-29 15:36:25,Mobile Payment,0.0
8999,709,4,1,2025-12-14 09:26:59,Mobile Payment,0.0
9000,958,12,2,2024-12-20 19:21:46,Bank Transfer,32700.0
9001,749,20,3,2025-04-17 15:57:21,Cash,0.0
9002,,23,3,2024-07-20 17:42:55,Bank Transfer,0.0
9003,198,4,1,2024-08-21 11:30:42,Cash,367100.0
9004,914,19,3,2025-10-22 11:30:29,Card,0.0
9005,366,4,1,2024-07-06 11:15:32,Cash,153700.0
9006,78,31,4,2025-08-22 09:12:00,Mobile Payment,0.0
9007,906,31,4,2025-04-02 12:34:46,Card,0.0
9008,,4,1,2024-07-04 15:07:06,Mobile Payment,0.0
9009,748,34,5,2024-05-19 12:27:38,Bank Transfer,0.0
9010,,13,2,2025-01-14 17:25:38,Card,274400.0
9011,550,6,1,2024-10-12 14:53:04,Bank Transfer,0.0
9012,757,5,1,2025-08-23 09:23:30,Cash,0.0
9013,959,28,4,2024-01-03 19:18:16,Cash,0.0
9014,10,33,5,2024-05-30 12:51:50,Bank Transfer,0.0
9015,753,10,2,2025-08-06 18:07:25,Bank Transfer,148200.0
9016,207,14,2,2025-12-10 09:10:06,Cash,48700.0
9017,483,1,1,2025-08-28 12:01:44,Cash,235800.0
9018,716,7,1,2025-07-31 17:31:42,Bank Transfer,0.0
9019,229,7,1,2025-12-06 17:21:05,Cash,0.0
9020,828,15,2,2025-06-22 16:59:15,Card,0.0
9021,303,32,4,2025-04-25 16:27:32,Card,784300.0
9022,41,16,2,2024-11-11 19:36:21,Card,0.0
9023,829,9,2,2024-07-07 10:02:31,Cash,0.0
9024,173,11,2,2025-11-06 09:11:30,Bank Transfer,0.0
9025,138,9,2,2024-03-20 10:49:13,Card,172400.0
9026,403,17,3,2025-04-28 16:13:20,Cash,0.0
9027,,26,4,2024-05-12 09:15:30,Mobile Payment,0.0
9028,286,36,5,2025-02-01 13:05:28,Cash,0.0
9029,733,24,3,2024-03-17 13:16:30,Card,0.0
9030,134,6,1,2024-05-06 11:07:42,Mobile Payment,0.0
9031,270,33,5,2025-02-28 15:35:29,Cash,125100.0
9032,240,19,3,2025-01-08 15:06:57,Mobile Payment,0.0
9033,28,12,2,2025-11-30 16:14:06,Card,396500.0
9034,,9,2,2024-08-12 19:47:37,Bank Transfer,563800.0
9035,965,16,2,2024-08-23 15:58:45,Cash,0.0
9036,125,39,5,2025-10-31 10:07:42,Bank Transfer,318600.0
9037,879,3,1,2025-04-23 19:04:22,Cash,0.0
9038,159,26,4,2024-12-13 10:48:37,Cash,99400.0
9039,394,21,3,2025-09-19 16:05:37,Card,0.0
9040,894,6,1,2025-06-04 15:16:19,Card,0.0
9041,,18,3,2024-12-19 19:12:26,Cash,452200.0
9042,972,30,4,2025-09-19 10:15:08,Cash,0.0
9043,894,25,4,2024-06-11 15:42:16,Mobile Payment,0.0
9044,359,2,1,2024-01-30 10:25:35,Cash,0.0
9045,,10,2,2025-03-09 14:34:49,Bank Transfer,0.0
9046,273,18,3,2025-08-27 13:23:09,Cash,0.0
9047,652,1,1,2025-07-05 19:00:50,Bank Transfer,214800.0
9048,144,9,2,2024-03-17 10:53:34,Card,0.0
9049,110,40,5,2025-07-09 14:23:58,Cash,203300.0
9050,661,2,1,2024-04-22 19:09:54,Cash,63500.0
9051,732,1,1,2025-01-30 17:33:30,Mobile Payment,0.0
9052,965,28,4,2024-02-22 13:30:35,Cash,0.0
9053,,2,1,2024-09-10 13:18:29,Cash,793400.0
9054,372,12,2,2025-03-04 15:26:47,Cash,0.0
9055,458,30,4,2025-01-11 16:40:55,Card,541300.0
9056,,21,3,2024-06-19 14:37:37,Bank Transfer,0.0
9057,359,32,4,2025-12-18 15:57:52,Card,35700.0
9058,290,5,1,2024-01-30 14:23:16,Bank Transfer,0.0
9059,724,27,4,2024-01-11 09:23:12,Mobile Payment,0.0
9060,303,33,5,2025-02-16 11:15:21,Bank Transfer,301600.0
9061,423,27,4,2025-08-15 18:57:17,Cash,75100.0
9062,,35,5,2024-07-01 12:31:13,Card,31800.0
9063,928,21,3,2024-03-10 10:55:31,Cash,544400.0
9064,297,23,3,2024-05-03 14:42:02,Cash,0.0
9065,,27,4,2024-04-08 11:04:23,Cash,0.0
9066,403,29,4,2025-05-19 15:36:32,Mobile Payment,0.0
9067,925,26,4,2024-08-14 19:01:56,Mobile Payment,0.0
9068,126,35,5,2024-03-02 13:31:00,Mobile Payment,27500.0
9069,,30,4,2025-07-11 15:59:34,Mobile Payment,0.0
9070,486,11,2,2024-03-26 16:08:14,Cash,0.0
9071,721,27,4,2025-12-02 18:28:36,Cash,0.0
9072,302,16,2,2025-08-20 16:54:34,Cash,137400.0
9073,1,22,3,2024-01-01 15:52:31,Cash,0.0
9074,298,25,4,2024-08-17 15:00:14,Mobile Payment,88100.0
9075,267,23,3,2024-07-31 15:58:06,Cash,0.0
9076,167,7,1,2025-08-17 16:58:47,Card,0.0
9077,834,30,4,2025-09-16 11:44:17,Bank Transfer,55300.0
9078,704,40,5,2025-08-07 14:31:08,Card,0.0
9079,480,38,5,2024-10-21 10:12:28,Card,0.0
9080,480,38,5,2024-03-22 10:09:08,Card,81300.0
9081,346,12,2,2025-10-03 12:54:13,Cash,0.0
9082,,13,2,2024-08-25 15:33:29,Card,0.0
9083,203,15,2,2024-01-07 19:37:39,Cash,0.0
9084,974,32,4,2025-05-17 14:01:38,Cash,206300.0
9085,414,16,2,2025-05-20 17:46:22,Mobile Payment,0.0
9086,283,10,2,2024-09-07 12:36:49,Mobile Payment,77700.0
9087,90,13,2,2024-05-27 14:10:06,Cash,0.0
9088,721,14,2,2025-10-15 19:47:51,Cash,0.0
9089,205,26,4,2024-07-22 17:27:22,Mobile Payment,0.0
9090,48,19,3,2025-07-10 14:58:45,Cash,0.0
9091,559,30,4,2024-01-26 15:10:04,Cash,0.0
9092,398,35,5,2024-10-27 11:23:16,Bank Transfer,0.0
9093,,23,3,2024-01-16 16:10:12,Cash,0.0
9094,159,32,4,2025-10-06 15:25:01,Card,0.0
9095,162,17,3,2024-03-13 13:29:33,Cash,189700.0
9096,949,24,3,2024-04-20 15:12:46,Card,0.0
9097,822,20,3,2025-02-02 14:19:30,Cash,0.0
9098,71,4,1,2024-04-26 11:34:00,Card,0.0
9099,90,32,4,2025-01-26 11:48:58,Card,0.0
9100,214,13,2,2024-06-03 13:49:35,Cash,486200.0
9101,461,18,3,2024-02-02 19:41:32,Card,47600.0
9102,243,12,2,2025-10-03 13:15:04,Card,0.0
9103,157,31,4,2024-06-19 14:52:09,Bank Transfer,0.0
9104,313,36,5,2025-09-21 19:52:38,Cash,0.0
9105,844,13,2,2025-09-29 09:26:57,Cash,0.0
9106,902,31,4,2025-02-16 14:20:18,Cash,0.0
9107,315,5,1,2025-10-21 19:48:43,Mobile Payment,0.0
9108,333,16,2,2024-07-13 18:53:39,Cash,0.0
9109,88,4,1,2024-05-13 09:56:19,Cash,0.0
9110,24,27,4,2024-07-03 09:58:49,Mobile Payment,0.0
9111,479,5,1,2024-02-28 10:19:31,Bank Transfer,89100.0
9112,388,38,5,2024-01-13 19:20:06,Card,0.0
9113,479,2,1,2025-03-10 19:46:47,Cash,0.0
9114,916,32,4,2024-03-01 17:15:48,Cash,0.0
9115,643,8,1,2024-11-14 16:25:55,Cash,0.0
9116,673,28,4,2024-05-02 10:44:46,Bank Transfer,0.0
9117,137,3,1,2025-06-08 11:21:57,Mobile Payment,0.0
9118,731,34,5,2025-05-24 17:21:44,Bank Transfer,0.0
9119,59,19,3,2024-04-03 09:00:05,Card,0.0
9120,879,10,2,2025-05-30 17:09:33,Cash,0.0
9121,321,37,5,2025-10-31 19:49:02,Cash,613000.0
9122,81,16,2,2025-06-01 10:07:08,Card,0.0
9123,577,20,3,2024-12-26 17:09:03,Cash,42900.0
9124,401,14,2,2025-12-20 12:27:59,Mobile Payment,0.0
9125,,29,4,2024-03-24 16:52:32,Cash,0.0
9126,700,31,4,2024-07-04 19:03:34,Cash,0.0
9127,867,8,1,2025-05-15 17:55:47,Cash,0.0
9128,,20,3,2025-06-18 16:25:34,Mobile Payment,0.0
9129,697,22,3,2025-11-19 17:05:49,Cash,86600.0
9130,161,38,5,2025-08-26 15:29:11,Cash,0.0
9131,528,34,5,2024-05-02 19:39:40,Card,0.0
9132,104,10,2,2024-05-29 10:34:57,Cash,0.0
9133,441,29,4,2025-10-16 10:51:15,Card,279000.0
9134,978,5,1,2025-01-22 12:17:59,Mobile Payment,0.0
9135,144,20,3,2024-06-06 10:42:27,Mobile Payment,620300.0
9136,241,27,4,2025-07-02 16:33:06,Bank Transfer,41300.0
9137,,5,1,2025-09-09 10:43:21,Card,440000.0
9138,507,25,4,2024-10-05 15:14:31,Bank Transfer,0.0
9139,,29,4,2024-01-04 11:11:44,Cash,0.0
9140,,32,4,2025-03-13 16:03:53,Cash,0.0
9141,211,4,1,2024-11-07 12:01:50,Mobile Payment,0.0
9142,37,12,2,2024-10-18 11:30:03,Bank Transfer,105900.0
9143,,10,2,2025-06-03 10:23:06,Card,941700.0
9144,590,28,4,2024-04-16 18:58:16,Cash,512200.0
9145,24,39,5,2024-09-23 18:19:43,Cash,57800.0
9146,459,40,5,2024-11-08 19:29:33,Cash,175700.0
9147,,31,4,2025-02-04 14:26:16,Mobile Payment,459300.0
9148,552,38,5,2024-07-03 11:55:16,Cash,0.0
9149,908,36,5,2024-06-24 16:29:48,Bank Transfer,0.0
9150,219,37,5,2024-07-20 11:22:12,Cash,0.0
9151,83,23,3,2024-09-03 16:51:20,Card,77600.0
9152,626,10,2,2025-08-30 13:09:49,Bank Transfer,0.0
9153,743,24,3,2025-11-12 18:43:19,Cash,254400.0
9154,995,17,3,2025-09-24 10:03:01,Bank Transfer,405900.0
9155,984,38,5,2025-10-31 12:25:24,Cash,0.0
9156,,29,4,2024-11-25 13:00:26,Bank Transfer,0.0
9157,698,34,5,2024-10-05 16:34:36,Cash,0.0
9158,835,2,1,2025-06-29 09:37:17,Cash,164500.0
9159,124,10,2,2025-06-26 18:14:34,Cash,0.0
9160,463,30,4,2024-07-14 11:46:35,Bank Transfer,0.0
9161,404,36,5,2024-09-10 10:15:51,Cash,0.0
9162,114,22,3,2024-12-04 16:50:06,Card,0.0
9163,527,27,4,2024-02-07 11:44:30,Cash,0.0
9164,40,31,4,2024-12-04 18:43:34,Bank Transfer,0.0
9165,160,22,3,2025-10-19 15:30:59,Cash,0.0
9166,372,31,4,2025-08-21 13:05:01,Card,0.0
9167,880,16,2,2024-09-02 17:56:15,Cash,0.0
9168,579,4,1,2025-06-28 13:34:10,Cash,0.0
9169,555,30,4,2024-04-13 17:16:16,Mobile Payment,0.0
9170,,24,3,2025-04-04 11:24:27,Card,163500.0
9171,777,6,1,2025-05-06 14:46:40,Bank Transfer,0.0
9172,626,17,3,2025-12-22 15:01:07,Bank Transfer,53400.0
9173,732,14,2,2024-11-30 19:57:06,Card,0.0
9174,366,9,2,2024-04-01 18:04:14,Mobile Payment,0.0
9175,488,8,1,2025-02-11 17:12:24,Cash,69200.0
9176,174,6,1,2025-04-21 13:34:08,Card,0.0
9177,124,35,5,2024-07-19 13:35:48,Bank Transfer,0.0
9178,887,18,3,2025-12-12 15:29:36,Card,0.0
9179,474,14,2,2025-09-08 09:02:54,Mobile Payment,109400.0
9180,,18,3,2024-03-04 19:28:36,Cash,0.0
9181,313,22,3,2025-07-23 16:55:44,Card,556200.0
9182,283,9,2,2024-09-29 16:15:16,Cash,0.0
9183,33,13,2,2024-06-03 17:43:01,Mobile Payment,0.0
9184,,30,4,2025-06-30 17:07:46,Mobile Payment,72900.0
9185,418,28,4,2025-12-14 17:00:05,Bank Transfer,0.0
9186,607,25,4,2025-03-14 11:40:07,Cash,518100.0
9187,890,18,3,2025-02-06 11:10:35,Cash,0.0
9188,3,16,2,2025-05-14 09:42:19,Card,0.0
9189,767,20,3,2024-09-26 10:23:11,Cash,345300.0
9190,239,12,2,2025-01-16 09:32:41,Bank Transfer,694600.0
9191,375,23,3,2025-05-26 09:50:26,Bank Transfer,0.0
9192,319,31,4,2025-03-25 18:46:40,Card,101300.0
9193,68,5,1,2024-06-29 12:21:07,Card,23800.0
9194,361,34,5,2024-04-02 12:16:11,Cash,0.0
9195,951,25,4,2024-12-12 13:40:43,Cash,0.0
9196,929,13,2,2025-07-09 11:50:53,Mobile Payment,1408600.0
9197,875,36,5,2024-01-11 18:28:22,Cash,0.0
9198,,23,3,2024-07-23 18:10:18,Mobile Payment,0.0
9199,101,1,1,2024-12-16 10:00:19,Mobile Payment,0.0
9200,,16,2,2024-12-25 13:15:26,Mobile Payment,0.0
9201,578,21,3,2025-12-28 11:08:46,Mobile Payment,0.0
9202,,3,1,2025-02-08 19:22:06,Cash,0.0
9203,463,34,5,2024-07-24 19:27:56,Bank Transfer,0.0
9204,150,35,5,2025-11-05 19:42:53,Bank Transfer,0.0
9205,,27,4,2025-09-11 19:25:51,Bank Transfer,0.0
9206,,5,1,2024-01-10 10:24:33,Bank Transfer,0.0
9207,,25,4,2024-04-24 15:31:07,Bank Transfer,0.0
9208,990,38,5,2025-08-22 13:54:54,Cash,279000.0
9209,460,32,4,2024-07-18 13:25:40,Cash,298500.0
9210,603,29,4,2024-07-17 17:37:15,Cash,149400.0
9211,162,21,3,2025-11-04 11:52:14,Cash,0.0
9212,449,25,4,2025-09-06 17:29:46,Card,153400.0
9213,390,14,2,2024-01-25 14:23:46,Mobile Payment,0.0
9214,61,34,5,2024-02-19 18:20:34,Mobile Payment,0.0
9215,494,14,2,2025-03-14 11:56:36,Cash,46900.0
9216,622,19,3,2025-12-04 18:37:06,Cash,89400.0
9217,376,14,2,2025-05-03 19:11:35,Cash,627900.0
9218,,40,5,2025-11-13 14:21:55,Cash,0.0
9219,83,23,3,2024-12-23 14:08:32,Cash,0.0
9220,528,3,1,2024-02-06 13:20:38,Cash,0.0
9221,461,37,5,2025-03-23 16:11:09,Mobile Payment,0.0
9222,552,18,3,2024-12-25 18:40:47,Cash,0.0
9223,836,11,2,2024-09-02 17:16:52,Cash,97600.0
9224,409,31,4,2024-11-30 17:38:50,Card,1078400.0
9225,566,16,2,2024-09-21 19:53:47,Card,0.0
9226,228,13,2,2025-04-19 13:01:38,Cash,0.0
9227,20,26,4,2024-06-27 09:25:05,Cash,30100.0
9228,180,40,5,2025-06-19 13:46:14,Cash,0.0
9229,172,24,3,2024-11-06 13:37:15,Cash,0.0
9230,340,16,2,2024-03-16 17:47:19,Cash,0.0
9231,913,26,4,2025-01-08 17:02:39,Mobile Payment,0.0
9232,600,35,5,2025-03-22 09:13:09,Cash,0.0
9233,26,38,5,2024-08-14 10:41:39,Bank Transfer,57900.0
9234,649,9,2,2024-04-18 14:03:20,Card,0.0
9235,,23,3,2025-10-29 17:59:46,Mobile Payment,0.0
9236,191,35,5,2025-09-01 15:29:47,Mobile Payment,0.0
9237,4,30,4,2025-11-14 18:47:33,Bank Transfer,0.0
9238,751,29,4,2025-08-04 11:37:58,Mobile Payment,0.0
9239,310,32,4,2025-06-12 14:47:53,Mobile Payment,0.0
9240,134,3,1,2024-10-29 11:42:35,Cash,0.0
9241,,16,2,2024-12-03 16:03:18,Cash,0.0
9242,976,25,4,2024-01-14 10:28:47,Card,0.0
9243,415,19,3,2024-05-14 10:51:15,Card,16000.0
9244,768,4,1,2024-09-04 09:11:20,Card,0.0
9245,434,31,4,2024-09-26 19:50:42,Bank Transfer,0.0
9246,,13,2,2025-04-05 12:29:05,Cash,0.0
9247,507,15,2,2025-08-12 09:28:17,Cash,0.0
9248,603,13,2,2025-02-19 12:16:06,Mobile Payment,83500.0
9249,9,7,1,2025-05-15 11:30:04,Mobile Payment,312500.0
9250,441,21,3,2024-12-15 14:05:27,Cash,419900.0
9251,618,19,3,2025-06-09 15:22:59,Cash,0.0
9252,750,31,4,2025-08-28 12:39:35,Mobile Payment,53300.0
9253,,36,5,2025-02-27 12:27:38,Cash,140600.0
9254,255,38,5,2025-05-25 15:36:58,Card,0.0
9255,454,31,4,2025-08-12 11:44:02,Cash,0.0
9256,40,9,2,2024-04-14 10:22:14,Cash,882200.0
9257,718,34,5,2024-05-26 17:25:20,Mobile Payment,508700.0
9258,611,17,3,2025-04-23 12:31:13,Mobile Payment,0.0
9259,129,22,3,2025-12-20 11:18:46,Mobile Payment,0.0
9260,,20,3,2025-12-19 13:06:28,Card,0.0
9261,264,30,4,2025-03-17 16:59:40,Bank Transfer,0.0
9262,230,26,4,2024-08-18 19:28:35,Card,71800.0
9263,501,14,2,2025-09-15 18:27:50,Cash,82700.0
9264,,31,4,2025-10-01 18:41:41,Cash,0.0
9265,,17,3,2025-03-01 09:08:45,Cash,0.0
9266,613,16,2,2025-10-03 10:26:01,Card,0.0
9267,444,7,1,2024-08-18 11:07:29,Cash,0.0
9268,275,26,4,2024-11-23 18:39:50,Mobile Payment,58900.0
9269,776,11,2,2025-12-22 11:45:52,Cash,245700.0
9270,379,22,3,2025-08-24 11:54:06,Cash,84600.0
9271,134,29,4,2024-08-10 17:58:14,Card,0.0
9272,710,26,4,2025-09-09 16:56:13,Mobile Payment,117800.0
9273,667,15,2,2025-04-13 14:44:16,Cash,34900.0
9274,448,29,4,2025-05-17 19:01:03,Mobile Payment,0.0
9275,890,5,1,2025-04-04 16:12:30,Mobile Payment,392600.0
9276,101,23,3,2024-11-13 16:02:28,Mobile Payment,0.0
9277,625,9,2,2024-06-23 14:00:38,Bank Transfer,475800.0
9278,,23,3,2025-03-18 11:14:37,Cash,0.0
9279,764,3,1,2025-11-06 16:37:54,Cash,0.0
9280,789,31,4,2025-01-18 13:09:20,Mobile Payment,0.0
9281,635,17,3,2024-09-28 10:29:12,Card,0.0
9282,441,19,3,2025-01-15 18:07:17,Card,610200.0
9283,193,22,3,2025-01-08 10:49:00,Bank Transfer,0.0
9284,975,30,4,2025-05-09 12:11:22,Cash,0.0
9285,,23,3,2025-12-20 10:10:13,Cash,214500.0
9286,27,8,1,2025-06-26 14:22:41,Cash,0.0
9287,233,34,5,2025-05-30 13:16:56,Cash,78000.0
9288,237,31,4,2025-10-11 11:21:45,Cash,0.0
9289,605,40,5,2025-06-12 15:21:44,Cash,55200.0
9290,823,10,2,2025-10-22 12:52:47,Cash,0.0
9291,923,25,4,2024-11-15 16:36:56,Cash,325800.0
9292,375,1,1,2025-06-23 13:22:52,Cash,0.0
9293,,8,1,2025-03-21 15:36:17,Mobile Payment,0.0
9294,630,34,5,2024-10-13 10:58:34,Card,0.0
9295,203,32,4,2024-08-17 11:09:36,Bank Transfer,0.0
9296,358,25,4,2024-10-04 11:39:28,Cash,0.0
9297,859,1,1,2024-05-22 18:38:51,Bank Transfer,34800.0
9298,212,34,5,2024-04-29 10:56:26,Cash,121100.0
9299,756,4,1,2025-07-25 12:03:15,Cash,459600.0
9300,605,21,3,2025-06-13 11:07:10,Card,0.0
9301,613,30,4,2024-10-19 14:44:43,Cash,212200.0
9302,966,13,2,2025-12-15 09:08:40,Mobile Payment,441700.0
9303,43,10,2,2025-09-06 19:56:45,Cash,0.0
9304,,23,3,2025-04-04 10:37:08,Cash,0.0
9305,276,33,5,2025-06-19 15:30:50,Card,134200.0
9306,,36,5,2025-07-02 16:18:09,Cash,0.0
9307,427,24,3,2025-12-15 18:36:38,Mobile Payment,131200.0
9308,,13,2,2025-12-14 16:34:15,Cash,0.0
9309,128,12,2,2024-01-18 09:41:00,Mobile Payment,0.0
9310,175,40,5,2025-01-25 09:35:17,Bank Transfer,0.0
9311,597,30,4,2024-09-10 15:12:44,Cash,0.0
9312,,26,4,2024-10-23 12:44:00,Mobile Payment,201900.0
9313,510,18,3,2024-05-30 10:56:55,Cash,0.0
9314,461,9,2,2025-09-09 15:01:23,Card,0.0
9315,245,13,2,2024-03-15 17:23:50,Bank Transfer,0.0
9316,537,11,2,2024-02-17 12:25:57,Cash,0.0
9317,744,37,5,2024-08-08 13:53:41,Cash,0.0
9318,974,24,3,2024-10-20 19:33:20,Cash,0.0
9319,666,36,5,2024-04-22 09:18:28,Bank Transfer,0.0
9320,861,35,5,2025-07-21 13:57:43,Cash,0.0
9321,114,6,1,2024-10-03 09:38:50,Cash,0.0
9322,418,34,5,2025-12-30 16:18:04,Mobile Payment,0.0
9323,337,25,4,2025-06-20 09:12:13,Cash,0.0
9324,382,15,2,2025-07-15 14:02:36,Card,261900.0
9325,510,36,5,2024-12-19 09:52:00,Cash,0.0
9326,,34,5,2024-03-02 17:19:31,Card,0.0
9327,922,35,5,2024-12-08 19:47:16,Cash,0.0
9328,326,18,3,2025-08-22 15:04:03,Card,1092300.0
9329,,4,1,2024-08-27 13:52:09,Card,13300.0
9330,119,36,5,2025-10-02 13:09:45,Cash,174800.0
9331,152,36,5,2024-04-29 16:03:33,Cash,63200.0
9332,455,28,4,2025-06-28 14:58:13,Cash,0.0
9333,292,1,1,2024-04-25 14:08:06,Cash,0.0
9334,867,17,3,2024-10-05 17:17:06,Mobile Payment,0.0
9335,434,13,2,2025-10-22 13:37:23,Mobile Payment,0.0
9336,901,27,4,2024-07-10 13:09:14,Mobile Payment,42100.0
9337,26,39,5,2025-07-05 10:46:16,Card,0.0
9338,821,9,2,2024-11-05 13:46:11,Mobile Payment,0.0
9339,227,16,2,2024-05-04 12:32:53,Mobile Payment,218700.0
9340,260,37,5,2024-10-29 17:32:50,Card,0.0
9341,444,3,1,2025-05-23 10:06:17,Cash,35200.0
9342,,20,3,2025-08-05 10:05:29,Cash,0.0
9343,578,35,5,2025-10-31 15:53:12,Card,24700.0
9344,386,28,4,2025-06-13 12:30:51,Bank Transfer,0.0
9345,509,30,4,2024-06-26 15:30:28,Cash,0.0
9346,777,5,1,2024-04-21 18:39:47,Cash,205400.0
9347,80,36,5,2024-09-28 17:32:18,Mobile Payment,0.0
9348,61,37,5,2025-12-03 16:20:20,Bank Transfer,116800.0
9349,,3,1,2025-06-29 18:49:59,Mobile Payment,0.0
9350,523,37,5,2024-11-30 18:51:10,Card,0.0
9351,220,27,4,2025-01-31 10:34:27,Cash,130500.0
9352,302,17,3,2024-03-03 19:17:59,Bank Transfer,0.0
9353,773,20,3,2025-10-02 10:07:32,Cash,0.0
9354,799,2,1,2025-12-30 17:06:39,Bank Transfer,266400.0
9355,17,12,2,2025-10-12 17:44:27,Cash,0.0
9356,287,25,4,2025-09-11 15:51:29,Bank Transfer,230300.0
9357,708,6,1,2024-07-17 17:53:31,Card,0.0
9358,390,13,2,2025-04-05 17:08:42,Card,0.0
9359,863,1,1,2024-04-25 12:26:20,Cash,0.0
9360,149,30,4,2025-10-25 10:00:41,Card,0.0
9361,99,36,5,2024-04-21 09:32:28,Cash,0.0
9362,155,23,3,2025-09-28 17:39:36,Mobile Payment,0.0
9363,868,16,2,2025-08-30 15:22:12,Mobile Payment,0.0
9364,,19,3,2024-10-14 19:29:56,Cash,0.0
9365,134,3,1,2025-12-29 09:15:32,Mobile Payment,214000.0
9366,636,26,4,2025-02-09 19:27:50,Bank Transfer,0.0
9367,229,21,3,2025-06-12 10:55:26,Cash,0.0
9368,763,16,2,2024-09-01 19:34:26,Cash,376800.0
9369,370,37,5,2025-07-13 16:40:16,Card,0.0
9370,905,6,1,2024-03-18 19:08:28,Cash,22300.0
9371,625,10,2,2024-07-21 14:19:09,Cash,0.0
9372,964,11,2,2024-12-16 17:29:11,Cash,0.0
9373,53,13,2,2025-09-18 11:37:37,Cash,0.0
9374,113,6,1,2025-09-01 19:40:00,Cash,0.0
9375,248,15,2,2024-11-04 14:09:53,Cash,21300.0
9376,,5,1,2024-04-30 11:22:55,Cash,88600.0
9377,90,4,1,2024-01-18 11:56:23,Cash,0.0
9378,,17,3,2024-07-19 14:34:31,Card,0.0
9379,,14,2,2024-01-08 14:06:38,Mobile Payment,0.0
9380,935,27,4,2025-12-09 18:09:13,Mobile Payment,0.0
9381,813,37,5,2025-08-15 15:09:42,Mobile Payment,0.0
9382,828,16,2,2025-01-28 13:58:09,Cash,89400.0
9383,524,27,4,2025-06-15 09:37:31,Card,0.0
9384,908,3,1,2024-10-19 13:29:21,Mobile Payment,616600.0
9385,171,4,1,2025-08-02 14:06:21,Bank Transfer,0.0
9386,,10,2,2024-07-22 11:39:44,Cash,85300.0
9387,625,25,4,2025-06-17 12:07:32,Card,0.0
9388,,36,5,2025-12-22 11:27:57,Cash,0.0
9389,660,38,5,2025-03-13 16:02:09,Cash,0.0
9390,564,10,2,2024-12-12 17:13:53,Cash,0.0
9391,,32,4,2025-05-18 14:07:23,Bank Transfer,0.0
9392,775,17,3,2025-08-08 16:37:50,Cash,0.0
9393,215,32,4,2025-05-30 11:37:49,Cash,0.0
9394,770,40,5,2025-09-04 14:57:55,Cash,0.0
9395,678,36,5,2025-09-06 15:48:30,Card,1861000.0
9396,649,7,1,2025-05-30 16:32:01,Cash,17500.0
9397,,5,1,2024-11-25 14:07:48,Mobile Payment,0.0
9398,,18,3,2024-06-30 18:26:59,Cash,0.0
9399,999,3,1,2024-04-01 12:28:18,Cash,0.0
9400,,39,5,2025-04-19 10:09:33,Cash,0.0
9401,173,29,4,2024-11-12 15:10:41,Mobile Payment,519900.0
9402,,13,2,2024-04-15 12:36:23,Mobile Payment,82900.0
9403,756,34,5,2024-09-11 18:00:25,Bank Transfer,0.0
9404,856,31,4,2025-06-24 16:58:10,Bank Transfer,65900.0
9405,855,37,5,2025-06-09 18:14:53,Mobile Payment,0.0
9406,467,19,3,2025-10-18 18:57:33,Mobile Payment,0.0
9407,563,15,2,2025-05-31 12:15:12,Cash,0.0
9408,,8,1,2024-01-02 10:45:37,Bank Transfer,0.0
9409,550,8,1,2025-01-25 13:00:48,Bank Transfer,0.0
9410,242,23,3,2025-05-28 09:59:18,Card,411700.0
9411,409,21,3,2025-01-07 09:28:26,Mobile Payment,0.0
9412,228,2,1,2025-12-26 12:58:49,Card,0.0
9413,22,22,3,2025-03-25 18:07:24,Mobile Payment,0.0
9414,688,20,3,2024-02-07 17:51:44,Mobile Payment,424900.0
9415,782,4,1,2025-04-16 12:10:51,Cash,0.0
9416,831,31,4,2025-12-30 15:04:29,Cash,0.0
9417,,36,5,2025-04-19 11:23:56,Cash,785700.0
9418,,14,2,2024-08-25 17:10:03,Card,0.0
9419,563,39,5,2025-07-02 19:47:14,Card,0.0
9420,532,27,4,2024-03-11 18:31:00,Cash,124300.0
9421,430,23,3,2025-11-12 11:08:52,Mobile Payment,0.0
9422,85,3,1,2024-08-01 19:54:01,Cash,0.0
9423,559,31,4,2024-07-15 16:41:15,Mobile Payment,42200.0
9424,640,25,4,2025-10-18 14:56:57,Cash,649600.0
9425,326,28,4,2024-11-08 19:25:52,Cash,0.0
9426,476,27,4,2024-05-28 18:29:16,Cash,249800.0
9427,930,4,1,2024-08-25 11:35:58,Mobile Payment,0.0
9428,651,12,2,2024-04-20 17:34:39,Card,0.0
9429,833,36,5,2025-08-24 17:12:42,Bank Transfer,11200.0
9430,,4,1,2025-08-25 17:52:20,Cash,0.0
9431,896,17,3,2024-04-17 10:48:38,Cash,0.0
9432,842,19,3,2025-03-28 14:25:41,Card,0.0
9433,966,24,3,2025-05-22 11:03:21,Card,143500.0
9434,427,20,3,2024-11-09 14:42:45,Mobile Payment,0.0
9435,320,38,5,2024-04-12 10:40:24,Cash,253700.0
9436,512,21,3,2024-07-17 15:44:13,Card,0.0
9437,4,10,2,2024-10-03 12:33:16,Card,281500.0
9438,483,10,2,2025-09-17 17:10:35,Cash,0.0
9439,305,13,2,2024-07-31 11:21:32,Cash,93200.0
9440,381,3,1,2025-11-20 17:07:04,Card,179000.0
9441,793,35,5,2024-11-29 16:38:48,Mobile Payment,0.0
9442,843,10,2,2025-08-27 19:46:47,Mobile Payment,88400.0
9443,726,35,5,2024-11-10 16:24:52,Card,0.0
9444,392,5,1,2024-01-11 13:04:23,Mobile Payment,128600.0
9445,432,39,5,2024-05-04 17:42:49,Bank Transfer,0.0
9446,,6,1,2025-05-12 12:24:06,Bank Transfer,0.0
9447,524,32,4,2025-11-02 14:08:46,Cash,0.0
9448,33,23,3,2024-10-03 16:56:21,Cash,0.0
9449,497,18,3,2025-03-20 12:59:34,Bank Transfer,0.0
9450,,6,1,2024-01-27 09:33:05,Cash,183100.0
9451,968,30,4,2025-09-18 09:20:24,Mobile Payment,300400.0
9452,999,1,1,2024-10-02 15:18:06,Mobile Payment,0.0
9453,,9,2,2025-09-30 17:05:40,Bank Transfer,0.0
9454,,15,2,2025-10-30 14:10:14,Cash,44000.0
9455,240,36,5,2025-07-08 16:27:44,Cash,0.0
9456,872,33,5,2025-02-21 15:29:52,Card,0.0
9457,490,39,5,2024-12-10 14:51:47,Mobile Payment,0.0
9458,269,12,2,2025-06-06 11:28:09,Card,0.0
9459,,24,3,2024-07-17 18:49:36,Cash,35300.0
9460,38,20,3,2024-02-26 10:54:09,Bank Transfer,304400.0
9461,912,32,4,2025-08-10 16:09:45,Card,0.0
9462,154,13,2,2025-10-20 17:37:34,Mobile Payment,0.0
9463,777,4,1,2024-01-14 10:26:14,Card,0.0
9464,483,36,5,2025-03-20 10:11:50,Mobile Payment,0.0
9465,759,37,5,2025-08-12 12:18:52,Mobile Payment,0.0
9466,930,7,1,2025-02-07 17:01:05,Bank Transfer,0.0
9467,625,33,5,2024-09-10 19:46:43,Bank Transfer,0.0
9468,577,20,3,2024-10-01 12:38:33,Cash,0.0
9469,871,27,4,2024-06-02 16:45:27,Card,22500.0
9470,599,38,5,2025-10-16 10:42:38,Card,0.0
9471,547,22,3,2024-05-25 18:43:23,Cash,109600.0
9472,99,32,4,2025-06-24 14:56:34,Bank Transfer,0.0
9473,286,34,5,2024-04-12 17:27:30,Card,134800.0
9474,992,1,1,2025-08-22 09:49:13,Cash,0.0
9475,93,35,5,2024-06-30 09:15:53,Cash,89000.0
9476,474,19,3,2025-03-25 15:13:29,Mobile Payment,0.0
9477,789,21,3,2024-12-16 11:14:00,Bank Transfer,0.0
9478,713,16,2,2025-11-06 14:01:05,Card,0.0
9479,,25,4,2025-05-26 14:41:37,Mobile Payment,73100.0
9480,190,26,4,2024-11-01 14:33:10,Card,0.0
9481,,40,5,2024-03-22 09:58:10,Mobile Payment,750200.0
9482,,38,5,2025-04-07 14:39:33,Card,0.0
9483,174,37,5,2024-02-20 14:03:51,Cash,21000.0
9484,795,17,3,2025-10-08 18:48:32,Cash,0.0
9485,654,36,5,2024-02-17 17:30:57,Card,0.0
9486,60,32,4,2025-02-16 15:12:24,Bank Transfer,340600.0
9487,305,26,4,2024-12-06 09:53:07,Cash,34200.0
9488,143,7,1,2025-06-06 09:45:27,Card,333000.0
9489,,19,3,2024-06-16 19:05:15,Mobile Payment,0.0
9490,921,14,2,2024-09-16 14:51:47,Mobile Payment,0.0
9491,10,40,5,2025-08-16 16:06:05,Bank Transfer,0.0
9492,,38,5,2025-12-15 16:31:39,Card,0.0
9493,182,15,2,2025-10-23 18:58:48,Cash,0.0
9494,283,1,1,2024-02-22 18:03:48,Mobile Payment,0.0
9495,312,25,4,2024-05-09 13:59:34,Mobile Payment,180100.0
9496,521,19,3,2025-07-31 16:00:55,Cash,0.0
9497,706,21,3,2025-04-11 14:47:13,Card,395800.0
9498,53,30,4,2024-12-30 17:29:58,Cash,137800.0
9499,136,39,5,2025-02-23 12:19:13,Card,0.0
9500,451,7,1,2024-03-11 18:13:57,Cash,516300.0
9501,217,28,4,2025-05-19 15:48:30,Mobile Payment,58400.0
9502,956,21,3,2024-09-06 14:04:25,Card,91000.0
9503,,20,3,2024-12-10 13:17:17,Cash,0.0
9504,483,34,5,2025-08-11 11:48:55,Cash,0.0
9505,800,26,4,2025-12-03 13:26:19,Card,0.0
9506,350,37,5,2025-08-12 16:38:02,Mobile Payment,0.0
9507,,21,3,2024-03-06 18:34:52,Cash,0.0
9508,684,30,4,2024-10-07 17:53:45,Card,0.0
9509,,34,5,2025-03-27 12:40:02,Mobile Payment,0.0
9510,335,7,1,2025-06-12 09:59:36,Mobile Payment,181000.0
9511,477,18,3,2024-06-12 19:19:38,Cash,0.0
9512,,39,5,2025-07-14 09:42:44,Cash,251500.0
9513,398,10,2,2024-09-03 11:59:09,Cash,72000.0
9514,449,36,5,2025-08-31 17:00:50,Cash,471700.0
9515,970,37,5,2024-05-19 19:12:41,Cash,0.0
9516,505,38,5,2024-01-22 09:54:29,Cash,86800.0
9517,745,25,4,2025-10-31 11:04:11,Cash,448500.0
9518,711,5,1,2025-12-26 09:49:28,Cash,0.0
9519,,28,4,2025-11-14 19:48:59,Card,0.0
9520,177,6,1,2025-02-21 13:21:19,Mobile Payment,257100.0
9521,,38,5,2025-05-28 17:32:21,Mobile Payment,0.0
9522,133,10,2,2024-06-03 15:40:07,Cash,0.0
9523,273,19,3,2025-10-07 10:36:42,Card,0.0
9524,752,40,5,2024-10-25 16:30:16,Bank Transfer,0.0
9525,912,24,3,2024-04-05 19:47:26,Cash,637500.0
9526,,6,1,2025-07-11 09:12:57,Cash,156900.0
9527,995,17,3,2024-07-10 18:44:56,Cash,0.0
9528,179,23,3,2025-05-10 15:07:13,Mobile Payment,0.0
9529,955,36,5,2024-04-18 14:38:00,Cash,0.0
9530,417,2,1,2024-08-24 14:50:01,Bank Transfer,0.0
9531,399,27,4,2024-03-19 12:47:23,Mobile Payment,192400.0
9532,950,35,5,2024-05-09 17:04:47,Cash,0.0
9533,918,17,3,2025-05-09 18:36:51,Mobile Payment,117200.0
9534,58,26,4,2024-09-18 17:50:38,Mobile Payment,0.0
9535,548,23,3,2024-10-22 13:47:16,Bank Transfer,731400.0
9536,769,1,1,2025-02-22 18:12:51,Cash,0.0
9537,,12,2,2024-12-23 18:58:35,Card,0.0
9538,361,8,1,2024-02-08 11:10:09,Cash,0.0
9539,,4,1,2025-09-01 17:40:57,Cash,868600.0
9540,722,12,2,2024-10-16 10:12:31,Card,0.0
9541,574,23,3,2024-01-02 18:07:51,Card,0.0
9542,669,34,5,2024-03-09 11:34:06,Cash,0.0
9543,833,11,2,2024-01-07 12:34:41,Cash,13300.0
9544,177,6,1,2024-02-10 18:58:31,Mobile Payment,0.0
9545,5,20,3,2024-06-17 14:09:30,Card,353800.0
9546,,30,4,2025-12-21 19:22:24,Mobile Payment,251200.0
9547,757,15,2,2025-05-11 09:38:10,Cash,0.0
9548,75,30,4,2025-01-17 16:01:06,Bank Transfer,79500.0
9549,710,37,5,2025-12-15 16:59:34,Mobile Payment,0.0
9550,893,5,1,2024-01-07 13:10:42,Cash,303200.0
9551,790,35,5,2025-06-11 19:23:47,Cash,369300.0
9552,375,31,4,2025-07-08 15:24:49,Mobile Payment,0.0
9553,913,29,4,2024-02-09 13:37:37,Bank Transfer,0.0
9554,439,12,2,2024-11-13 09:01:38,Mobile Payment,0.0
9555,636,19,3,2025-01-04 15:16:50,Cash,371100.0
9556,876,38,5,2024-06-20 18:44:09,Mobile Payment,0.0
9557,434,16,2,2024-05-05 18:22:44,Mobile Payment,370900.0
9558,239,21,3,2024-10-31 17:15:15,Cash,301000.0
9559,359,33,5,2024-09-04 18:35:55,Bank Transfer,0.0
9560,892,37,5,2025-05-10 18:43:53,Cash,118600.0
9561,251,23,3,2024-06-21 19:13:39,Bank Transfer,0.0
9562,,11,2,2024-05-02 10:31:17,Card,0.0
9563,53,5,1,2024-10-23 14:27:18,Mobile Payment,265400.0
9564,316,7,1,2024-09-01 19:02:38,Mobile Payment,0.0
9565,295,3,1,2024-07-09 19:30:03,Mobile Payment,0.0
9566,705,36,5,2025-01-16 13:49:11,Cash,14200.0
9567,876,31,4,2024-01-02 17:31:03,Mobile Payment,688900.0
9568,108,33,5,2025-06-30 12:59:48,Mobile Payment,0.0
9569,,7,1,2024-03-22 09:00:33,Card,0.0
9570,923,34,5,2024-08-06 11:42:04,Bank Transfer,92700.0
9571,186,10,2,2024-10-06 19:50:10,Mobile Payment,0.0
9572,932,38,5,2025-04-24 13:54:41,Cash,0.0
9573,123,19,3,2024-11-19 14:56:02,Mobile Payment,0.0
9574,922,32,4,2024-02-21 14:32:01,Bank Transfer,251000.0
9575,346,30,4,2024-01-08 15:30:40,Card,0.0
9576,817,29,4,2024-08-28 19:10:06,Card,56300.0
9577,964,27,4,2025-02-11 10:21:09,Cash,0.0
9578,82,32,4,2024-07-07 17:42:22,Bank Transfer,0.0
9579,590,33,5,2024-03-07 10:22:48,Card,0.0
9580,,5,1,2025-08-08 11:11:46,Cash,57300.0
9581,485,9,2,2025-08-05 10:52:45,Cash,0.0
9582,888,9,2,2025-08-25 11:35:50,Cash,16100.0
9583,260,28,4,2024-03-11 15:30:30,Cash,0.0
9584,643,8,1,2024-05-13 19:07:55,Mobile Payment,0.0
9585,428,13,2,2024-01-01 19:05:33,Card,0.0
9586,25,21,3,2025-12-14 12:28:26,Mobile Payment,363300.0
9587,423,9,2,2024-07-09 15:23:21,Cash,0.0
9588,858,16,2,2025-05-21 09:36:16,Bank Transfer,0.0
9589,485,20,3,2024-03-18 10:11:57,Mobile Payment,94100.0
9590,186,19,3,2024-05-06 17:20:59,Cash,0.0
9591,23,5,1,2025-05-23 17:29:13,Cash,271500.0
9592,731,14,2,2024-01-12 11:58:42,Cash,13600.0
9593,652,6,1,2025-02-13 09:14:45,Cash,0.0
9594,640,9,2,2024-08-14 09:31:16,Bank Transfer,86900.0
9595,,26,4,2025-01-10 09:59:22,Cash,0.0
9596,442,40,5,2024-04-10 19:00:34,Cash,0.0
9597,509,12,2,2024-06-25 11:14:27,Mobile Payment,0.0
9598,399,3,1,2024-08-31 14:13:38,Card,0.0
9599,84,30,4,2025-10-29 09:26:17,Mobile Payment,0.0
9600,,13,2,2024-06-22 11:00:03,Mobile Payment,119100.0
9601,999,37,5,2024-11-03 13:18:49,Mobile Payment,38300.0
9602,291,39,5,2025-02-26 15:30:19,Cash,0.0
9603,776,3,1,2025-09-28 16:31:21,Cash,0.0
9604,635,38,5,2025-07-05 14:36:09,Card,0.0
9605,505,10,2,2025-03-09 09:50:09,Cash,66500.0
9606,9,14,2,2024-02-10 16:53:06,Bank Transfer,0.0
9607,764,40,5,2024-12-17 15:47:10,Cash,0.0
9608,161,19,3,2024-10-24 10:55:29,Mobile Payment,0.0
9609,9,10,2,2025-09-20 19:32:56,Mobile Payment,0.0
9610,796,40,5,2025-04-17 16:02:47,Mobile Payment,0.0
9611,,21,3,2025-12-03 09:51:07,Card,563800.0
9612,546,11,2,2025-05-30 12:51:21,Cash,0.0
9613,258,19,3,2025-12-19 16:29:01,Mobile Payment,427500.0
9614,2,19,3,2025-04-23 10:47:02,Bank Transfer,81400.0
9615,758,15,2,2025-05-04 16:41:49,Cash,745700.0
9616,372,22,3,2025-10-11 14:42:28,Card,0.0
9617,723,33,5,2024-07-14 13:58:01,Mobile Payment,0.0
9618,700,27,4,2025-07-22 15:51:20,Cash,196600.0
9619,48,33,5,2024-11-12 13:36:19,Cash,0.0
9620,357,20,3,2025-09-03 19:14:04,Mobile Payment,43600.0
9621,864,23,3,2025-10-15 17:12:12,Mobile Payment,0.0
9622,204,4,1,2025-11-03 12:54:53,Card,0.0
9623,745,34,5,2025-09-05 12:25:51,Cash,0.0
9624,53,25,4,2024-10-09 13:26:13,Mobile Payment,57700.0
9625,,40,5,2024-10-20 17:59:36,Bank Transfer,0.0
9626,455,1,1,2025-10-30 17:54:24,Card,0.0
9627,802,40,5,2024-12-28 15:41:15,Card,0.0
9628,175,39,5,2025-08-12 16:35:53,Cash,0.0
9629,80,6,1,2024-10-09 13:59:30,Bank Transfer,203400.0
9630,663,11,2,2025-10-05 11:11:34,Mobile Payment,0.0
9631,461,36,5,2025-09-26 09:13:15,Card,0.0
9632,955,28,4,2024-05-02 19:12:14,Cash,0.0
9633,186,16,2,2025-07-05 19:42:00,Bank Transfer,11100.0
9634,,16,2,2024-01-06 16:26:47,Cash,0.0
9635,713,16,2,2025-06-09 14:18:12,Bank Transfer,428300.0
9636,,35,5,2025-11-02 14:59:27,Cash,0.0
9637,140,13,2,2025-06-04 15:49:55,Cash,45600.0
9638,,35,5,2024-03-30 14:01:12,Cash,167400.0
9639,902,32,4,2025-11-19 15:39:27,Bank Transfer,0.0
9640,,40,5,2024-02-16 16:24:09,Mobile Payment,0.0
9641,460,26,4,2024-03-22 12:43:26,Cash,0.0
9642,207,34,5,2024-12-05 18:23:13,Card,0.0
9643,150,1,1,2024-07-17 10:39:36,Cash,0.0
9644,292,38,5,2024-07-04 17:51:01,Bank Transfer,0.0
9645,156,28,4,2024-02-11 10:03:58,Mobile Payment,0.0
9646,337,34,5,2024-04-06 17:51:33,Card,0.0
9647,739,38,5,2024-06-28 16:56:28,Cash,0.0
9648,104,24,3,2024-08-24 12:31:15,Bank Transfer,0.0
9649,200,36,5,2024-04-18 12:08:03,Mobile Payment,118500.0
9650,,16,2,2024-06-18 18:38:37,Mobile Payment,72600.0
9651,465,30,4,2024-02-24 12:32:13,Card,0.0
9652,842,7,1,2025-03-09 19:25:38,Card,0.0
9653,,19,3,2025-03-05 09:08:46,Bank Transfer,0.0
9654,211,28,4,2024-03-03 09:35:29,Mobile Payment,0.0
9655,462,4,1,2025-08-30 09:40:56,Cash,308100.0
9656,17,16,2,2024-06-14 19:06:15,Cash,0.0
9657,770,9,2,2025-10-23 19:04:08,Card,42700.0
9658,950,24,3,2024-02-09 09:04:22,Bank Transfer,38900.0
9659,614,27,4,2025-10-21 11:04:37,Card,58600.0
9660,517,35,5,2024-11-22 19:53:59,Cash,0.0
9661,859,26,4,2025-04-25 16:46:35,Mobile Payment,785200.0
9662,931,13,2,2025-02-28 16:20:07,Cash,0.0
9663,,30,4,2024-06-09 13:48:22,Card,0.0
9664,524,30,4,2024-09-11 14:06:06,Cash,0.0
9665,881,38,5,2025-04-23 13:10:47,Card,0.0
9666,315,13,2,2024-04-18 17:05:40,Mobile Payment,227200.0
9667,975,24,3,2025-06-05 19:04:05,Card,0.0
9668,525,14,2,2025-01-27 19:27:18,Cash,0.0
9669,359,6,1,2024-11-25 17:55:32,Cash,0.0
9670,,4,1,2025-04-08 18:14:07,Bank Transfer,0.0
9671,809,5,1,2024-10-27 11:13:24,Bank Transfer,0.0
9672,114,19,3,2025-04-23 14:22:02,Bank Transfer,0.0
9673,,29,4,2025-11-12 18:45:21,Mobile Payment,0.0
9674,966,34,5,2024-01-05 09:03:44,Card,165000.0
9675,172,2,1,2025-07-26 15:12:06,Cash,192500.0
9676,,1,1,2025-07-17 10:48:44,Card,0.0
9677,522,36,5,2025-02-01 15:41:28,Mobile Payment,0.0
9678,341,16,2,2024-04-06 14:00:10,Bank Transfer,0.0
9679,935,29,4,2025-03-16 18:07:46,Card,20900.0
9680,964,22,3,2025-08-10 19:32:45,Mobile Payment,438200.0
9681,600,33,5,2025-09-30 12:17:30,Mobile Payment,0.0
9682,512,29,4,2024-07-02 11:11:48,Card,0.0
9683,841,30,4,2024-03-09 19:34:40,Card,61300.0
9684,613,29,4,2024-10-02 13:45:08,Cash,44600.0
9685,,39,5,2025-10-07 10:55:52,Cash,189600.0
9686,275,34,5,2025-11-02 11:05:02,Cash,822700.0
9687,56,10,2,2025-11-22 12:49:36,Cash,241700.0
9688,928,15,2,2024-12-17 10:44:10,Card,477100.0
9689,,23,3,2025-01-23 14:40:36,Mobile Payment,270000.0
9690,86,27,4,2024-01-05 11:05:09,Card,0.0
9691,5,8,1,2024-06-20 12:37:20,Mobile Payment,0.0
9692,765,19,3,2025-06-17 19:32:08,Bank Transfer,0.0
9693,475,24,3,2025-05-15 17:04:59,Cash,710000.0
9694,426,10,2,2024-03-03 09:34:22,Mobile Payment,268000.0
9695,643,22,3,2025-09-04 13:48:52,Card,0.0
9696,303,2,1,2025-05-11 11:30:05,Cash,0.0
9697,917,5,1,2025-08-12 12:36:44,Bank Transfer,0.0
9698,110,22,3,2024-10-24 11:28:30,Card,0.0
9699,693,21,3,2024-10-02 19:14:35,Cash,0.0
9700,448,7,1,2025-10-21 15:36:16,Bank Transfer,0.0
9701,564,40,5,2025-01-27 19:08:59,Card,0.0
9702,505,13,2,2024-06-23 17:01:21,Cash,108600.0
9703,999,3,1,2024-07-01 09:04:17,Mobile Payment,0.0
9704,862,25,4,2025-01-29 18:05:46,Cash,0.0
9705,254,7,1,2025-03-03 13:46:34,Cash,0.0
9706,837,10,2,2024-08-11 09:52:04,Mobile Payment,392900.0
9707,333,17,3,2024-01-06 18:58:46,Cash,0.0
9708,556,4,1,2025-10-04 11:40:31,Cash,0.0
9709,415,40,5,2024-12-26 12:13:42,Cash,61800.0
9710,174,16,2,2024-03-04 15:34:52,Cash,541700.0
9711,609,32,4,2024-10-26 10:16:28,Cash,121200.0
9712,311,7,1,2024-06-29 10:15:31,Mobile Payment,39700.0
9713,150,26,4,2024-07-30 15:49:49,Cash,0.0
9714,491,16,2,2025-04-18 09:32:21,Bank Transfer,0.0
9715,558,16,2,2024-03-20 10:02:40,Cash,0.0
9716,147,2,1,2025-05-13 15:27:44,Mobile Payment,0.0
9717,974,26,4,2024-07-27 18:20:51,Mobile Payment,0.0
9718,30,8,1,2024-01-23 09:04:36,Cash,0.0
9719,850,28,4,2025-04-10 19:36:45,Mobile Payment,0.0
9720,82,3,1,2025-11-02 19:50:43,Card,0.0
9721,213,24,3,2025-04-15 17:32:23,Mobile Payment,134900.0
9722,48,37,5,2025-07-24 14:36:41,Cash,184100.0
9723,,28,4,2025-09-13 18:59:44,Mobile Payment,0.0
9724,,2,1,2024-12-05 09:32:47,Cash,0.0
9725,15,32,4,2024-11-01 12:13:41,Card,0.0
9726,16,19,3,2025-12-18 14:33:32,Mobile Payment,397400.0
9727,,30,4,2025-11-16 10:37:38,Bank Transfer,0.0
9728,188,25,4,2024-04-27 18:53:22,Card,0.0
9729,32,9,2,2025-05-03 18:48:06,Card,0.0
9730,626,22,3,2025-09-20 11:42:30,Mobile Payment,0.0
9731,,31,4,2025-02-10 16:30:48,Cash,575100.0
9732,,39,5,2024-11-24 14:45:17,Card,86400.0
9733,256,12,2,2025-09-29 19:06:32,Mobile Payment,0.0
9734,632,15,2,2025-12-02 10:49:24,Cash,98300.0
9735,422,2,1,2024-10-14 15:23:02,Bank Transfer,1333200.0
9736,369,38,5,2024-01-31 18:02:08,Cash,0.0
9737,538,32,4,2024-09-21 18:40:32,Cash,162100.0
9738,693,33,5,2024-08-05 11:53:17,Mobile Payment,467000.0
9739,53,38,5,2025-04-30 13:59:28,Bank Transfer,0.0
9740,581,19,3,2024-01-23 14:23:31,Card,0.0
9741,,18,3,2024-08-07 16:13:49,Bank Transfer,0.0
9742,,10,2,2024-06-18 15:53:47,Cash,0.0
9743,437,2,1,2025-06-02 15:04:53,Bank Transfer,0.0
9744,902,28,4,2025-07-06 11:44:47,Cash,0.0
9745,185,36,5,2025-02-21 15:34:33,Cash,17000.0
9746,593,22,3,2025-01-04 13:35:46,Bank Transfer,0.0
9747,273,20,3,2024-06-04 16:15:29,Card,544500.0
9748,660,9,2,2025-08-26 18:18:46,Card,51600.0
9749,313,5,1,2024-08-04 18:07:57,Card,141200.0
9750,,9,2,2024-01-25 18:42:34,Cash,0.0
9751,,37,5,2024-12-24 14:24:28,Bank Transfer,0.0
9752,762,27,4,2024-06-28 16:59:37,Bank Transfer,0.0
9753,,2,1,2024-05-31 11:38:08,Card,201100.0
9754,723,25,4,2024-02-01 10:30:21,Card,39900.0
9755,,10,2,2025-10-20 18:38:45,Mobile Payment,0.0
9756,743,23,3,2024-02-10 10:20:34,Card,39100.0
9757,718,24,3,2024-08-27 19:05:26,Bank Transfer,0.0
9758,7,25,4,2024-12-14 12:17:29,Card,0.0
9759,499,29,4,2025-10-05 11:06:47,Card,236200.0
9760,,39,5,2025-11-30 17:30:30,Card,0.0
9761,658,24,3,2024-02-22 13:49:13,Card,0.0
9762,539,18,3,2024-07-17 12:46:40,Cash,82600.0
9763,815,3,1,2025-12-08 12:06:23,Cash,30900.0
9764,320,22,3,2024-06-11 11:38:03,Card,134600.0
9765,658,36,5,2024-01-04 12:29:58,Bank Transfer,0.0
9766,403,10,2,2024-09-13 09:03:45,Bank Transfer,0.0
9767,,11,2,2024-06-22 11:07:54,Cash,0.0
9768,559,18,3,2025-03-20 11:29:27,Bank Transfer,0.0
9769,465,8,1,2024-06-05 17:01:16,Mobile Payment,54900.0
9770,834,1,1,2025-05-06 15:19:29,Mobile Payment,281500.0
9771,178,26,4,2025-09-30 09:19:03,Cash,0.0
9772,534,25,4,2025-07-23 16:41:23,Cash,0.0
9773,937,34,5,2024-10-22 11:51:14,Bank Transfer,0.0
9774,134,36,5,2025-03-19 18:43:47,Card,0.0
9775,859,40,5,2024-12-04 17:44:08,Cash,0.0
9776,,14,2,2024-12-09 14:57:08,Bank Transfer,111400.0
9777,271,14,2,2025-08-28 15:38:32,Cash,0.0
9778,,3,1,2025-07-24 09:11:26,Cash,0.0
9779,564,21,3,2025-08-09 18:44:44,Card,189900.0
9780,657,31,4,2025-02-08 12:03:43,Cash,110100.0
9781,22,15,2,2024-05-20 13:26:41,Bank Transfer,0.0
9782,272,14,2,2024-10-06 18:21:24,Cash,0.0
9783,58,19,3,2024-03-12 14:58:20,Card,0.0
9784,605,23,3,2025-03-04 10:19:54,Cash,267100.0
9785,635,19,3,2024-12-02 16:31:18,Mobile Payment,0.0
9786,246,32,4,2025-06-09 16:39:50,Mobile Payment,0.0
9787,302,36,5,2024-02-13 14:04:45,Card,0.0
9788,418,12,2,2024-03-08 09:43:05,Mobile Payment,238100.0
9789,,35,5,2024-06-08 16:13:44,Cash,0.0
9790,253,25,4,2024-06-07 14:37:52,Cash,92600.0
9791,,36,5,2025-07-08 19:03:13,Bank Transfer,9600.0
9792,550,20,3,2025-04-30 10:18:26,Cash,0.0
9793,882,3,1,2025-08-27 14:51:53,Cash,0.0
9794,402,11,2,2024-10-22 17:21:28,Bank Transfer,635600.0
9795,636,2,1,2024-10-15 19:17:38,Card,0.0
9796,564,31,4,2024-03-05 15:40:37,Cash,0.0
9797,44,2,1,2024-06-02 09:19:43,Card,0.0
9798,17,12,2,2024-06-08 15:26:28,Mobile Payment,136900.0
9799,791,12,2,2024-07-16 18:05:28,Cash,32500.0
9800,44,38,5,2024-04-14 17:53:31,Mobile Payment,212400.0
9801,114,15,2,2024-12-25 11:45:32,Cash,20700.0
9802,14,17,3,2025-09-12 18:44:51,Bank Transfer,380200.0
9803,373,12,2,2024-03-22 13:22:24,Card,0.0
9804,,28,4,2025-04-10 11:37:32,Cash,0.0
9805,518,8,1,2025-02-22 11:46:01,Cash,365400.0
9806,28,32,4,2025-12-17 11:14:23,Cash,281500.0
9807,,14,2,2025-08-30 19:30:32,Cash,0.0
9808,213,25,4,2024-11-30 15:31:18,Card,0.0
9809,582,13,2,2024-09-22 17:02:50,Bank Transfer,0.0
9810,528,27,4,2025-09-27 10:24:16,Card,128900.0
9811,99,36,5,2024-05-31 11:24:46,Bank Transfer,0.0
9812,791,22,3,2025-03-06 10:52:04,Bank Transfer,0.0
9813,204,8,1,2024-06-09 15:09:14,Mobile Payment,0.0
9814,289,27,4,2024-08-13 12:31:58,Cash,113000.0
9815,264,34,5,2024-12-11 16:22:56,Cash,0.0
9816,265,21,3,2024-05-31 17:12:58,Cash,88300.0
9817,20,14,2,2024-07-26 10:03:29,Card,293100.0
9818,759,27,4,2024-04-04 17:13:33,Cash,0.0
9819,669,21,3,2025-11-29 18:51:58,Card,246000.0
9820,294,13,2,2024-06-17 10:09:26,Mobile Payment,0.0
9821,643,25,4,2025-08-26 18:45:57,Mobile Payment,93900.0
9822,564,7,1,2024-12-17 14:11:53,Mobile Payment,28700.0
9823,131,1,1,2024-02-12 10:55:18,Cash,0.0
9824,222,29,4,2025-04-02 19:17:15,Card,35700.0
9825,,36,5,2025-06-28 13:40:56,Card,121300.0
9826,603,8,1,2024-02-09 11:24:00,Card,0.0
9827,650,18,3,2024-09-11 14:01:00,Cash,0.0
9828,662,31,4,2024-12-05 14:44:30,Mobile Payment,0.0
9829,509,6,1,2024-10-23 17:43:49,Bank Transfer,0.0
9830,186,18,3,2025-08-06 13:03:15,Cash,0.0
9831,891,34,5,2025-08-01 16:26:28,Mobile Payment,473400.0
9832,384,15,2,2024-06-19 16:01:07,Mobile Payment,184400.0
9833,176,24,3,2025-06-03 17:15:56,Cash,0.0
9834,821,9,2,2024-06-22 18:59:00,Bank Transfer,0.0
9835,826,33,5,2025-09-02 13:30:14,Card,755300.0
9836,,15,2,2024-11-03 11:12:02,Card,49000.0
9837,898,25,4,2025-12-01 12:11:26,Card,0.0
9838,505,37,5,2025-09-04 16:34:01,Mobile Payment,69500.0
9839,134,7,1,2024-07-26 09:45:49,Card,0.0
9840,609,23,3,2024-10-10 16:03:46,Cash,0.0
9841,170,8,1,2025-08-04 17:45:34,Card,0.0
9842,400,34,5,2025-10-11 14:03:40,Cash,250100.0
9843,311,4,1,2025-06-15 17:03:50,Card,19100.0
9844,480,40,5,2024-12-05 18:54:23,Bank Transfer,0.0
9845,426,37,5,2024-09-03 15:34:09,Card,0.0
9846,249,25,4,2024-11-15 10:54:56,Card,0.0
9847,343,13,2,2025-08-06 16:36:30,Cash,0.0
9848,359,36,5,2024-08-26 09:22:03,Card,0.0
9849,556,4,1,2025-05-28 17:06:46,Mobile Payment,0.0
9850,969,9,2,2024-05-20 13:27:00,Cash,60300.0
9851,303,10,2,2024-09-27 09:49:19,Bank Transfer,0.0
9852,456,36,5,2024-01-18 17:46:33,Cash,0.0
9853,478,19,3,2025-09-08 15:11:42,Card,0.0
9854,385,5,1,2025-11-08 09:25:08,Bank Transfer,0.0
9855,559,37,5,2025-10-20 10:39:23,Card,0.0
9856,738,24,3,2025-03-10 16:35:20,Card,422300.0
9857,583,17,3,2025-10-04 15:28:51,Mobile Payment,0.0
9858,871,11,2,2024-04-14 13:59:26,Bank Transfer,0.0
9859,702,7,1,2024-11-27 09:22:29,Bank Transfer,175700.0
9860,506,26,4,2025-05-26 12:50:25,Cash,0.0
9861,,3,1,2024-08-26 14:31:45,Cash,0.0
9862,518,31,4,2024-06-08 14:24:51,Cash,0.0
9863,,22,3,2025-07-29 16:21:53,Bank Transfer,0.0
9864,257,6,1,2025-12-08 19:30:45,Bank Transfer,115700.0
9865,62,4,1,2024-05-01 09:06:57,Cash,0.0
9866,95,11,2,2024-11-06 09:36:21,Bank Transfer,123000.0
9867,852,35,5,2024-08-17 15:32:04,Bank Transfer,403400.0
9868,532,2,1,2025-08-11 17:42:41,Cash,98300.0
9869,806,1,1,2024-07-10 10:57:17,Bank Transfer,0.0
9870,673,28,4,2025-07-31 15:47:12,Bank Transfer,289300.0
9871,416,26,4,2025-09-15 11:23:31,Mobile Payment,0.0
9872,156,32,4,2024-09-27 16:01:54,Mobile Payment,0.0
9873,,24,3,2024-07-14 19:33:48,Card,0.0
9874,414,25,4,2024-06-19 13:19:04,Card,0.0
9875,,21,3,2025-07-21 16:35:37,Cash,27500.0
9876,,25,4,2024-11-05 10:06:12,Bank Transfer,0.0
9877,758,7,1,2024-04-19 12:15:51,Cash,264700.0
9878,734,23,3,2025-03-04 17:05:43,Card,116300.0
9879,,33,5,2025-10-17 16:28:57,Card,0.0
9880,762,40,5,2025-09-01 18:52:42,Cash,291400.0
9881,488,26,4,2025-06-13 09:05:15,Mobile Payment,0.0
9882,986,25,4,2024-11-09 13:55:10,Cash,32000.0
9883,823,20,3,2025-09-20 10:20:59,Card,0.0
9884,,2,1,2025-02-07 09:25:32,Card,0.0
9885,432,39,5,2025-10-17 17:21:32,Card,0.0
9886,393,36,5,2025-10-06 15:28:04,Card,59000.0
9887,,34,5,2025-04-06 16:49:40,Cash,322800.0
9888,3,20,3,2024-12-25 18:13:01,Cash,0.0
9889,810,27,4,2025-12-13 12:15:40,Card,189500.0
9890,362,36,5,2025-05-25 18:24:09,Cash,0.0
9891,548,19,3,2024-01-14 14:45:27,Bank Transfer,0.0
9892,409,9,2,2024-09-13 12:48:49,Mobile Payment,0.0
9893,512,4,1,2025-05-11 11:18:30,Card,0.0
9894,,17,3,2025-09-02 13:11:47,Cash,0.0
9895,808,26,4,2024-06-25 17:53:28,Mobile Payment,0.0
9896,887,23,3,2024-09-29 19:38:48,Cash,73300.0
9897,514,40,5,2025-01-17 15:12:32,Cash,73800.0
9898,992,35,5,2025-09-29 18:35:03,Mobile Payment,0.0
9899,452,39,5,2024-12-24 12:18:24,Card,0.0
9900,471,15,2,2024-06-01 15:20:32,Bank Transfer,0.0
9901,267,37,5,2024-11-03 19:52:20,Cash,0.0
9902,783,17,3,2024-11-03 17:36:34,Cash,0.0
9903,360,25,4,2025-10-15 18:05:42,Bank Transfer,0.0
9904,124,1,1,2024-05-18 14:51:51,Card,0.0
9905,,30,4,2024-04-22 17:12:34,Card,129500.0
9906,381,14,2,2025-11-07 18:57:33,Mobile Payment,0.0
9907,,13,2,2025-01-21 09:33:15,Card,0.0
9908,626,28,4,2024-07-15 09:15:21,Mobile Payment,337600.0
9909,944,13,2,2024-08-13 11:42:05,Cash,0.0
9910,405,30,4,2024-12-09 12:47:20,Card,0.0
9911,389,16,2,2025-01-21 10:37:31,Cash,0.0
9912,,17,3,2024-07-03 19:39:36,Bank Transfer,0.0
9913,986,27,4,2024-01-21 13:01:30,Cash,13800.0
9914,,19,3,2025-08-07 09:42:31,Card,0.0
9915,319,2,1,2024-03-07 16:20:48,Cash,0.0
9916,427,2,1,2025-03-28 11:49:17,Cash,0.0
9917,715,37,5,2025-05-19 19:30:49,Cash,0.0
9918,119,32,4,2024-12-01 11:14:55,Cash,135700.0
9919,27,30,4,2024-02-10 09:18:01,Cash,0.0
9920,661,17,3,2025-02-04 10:56:05,Card,0.0
9921,628,26,4,2024-03-28 12:15:49,Mobile Payment,0.0
9922,251,20,3,2024-08-07 19:41:01,Mobile Payment,0.0
9923,716,33,5,2024-04-01 19:08:39,Mobile Payment,0.0
9924,433,24,3,2024-08-27 10:17:43,Mobile Payment,0.0
9925,174,5,1,2025-02-01 19:45:23,Cash,0.0
9926,519,37,5,2024-10-22 17:49:41,Mobile Payment,0.0
9927,,27,4,2024-11-26 19:10:28,Cash,85900.0
9928,20,13,2,2024-01-24 16:33:07,Cash,0.0
9929,277,17,3,2024-05-21 11:32:40,Mobile Payment,184900.0
9930,982,21,3,2025-06-04 18:01:53,Mobile Payment,118400.0
9931,369,25,4,2024-11-09 13:23:33,Card,208500.0
9932,509,35,5,2024-03-16 14:19:43,Card,0.0
9933,950,9,2,2024-11-28 14:02:39,Card,0.0
9934,961,39,5,2025-06-21 16:53:57,Cash,0.0
9935,424,36,5,2024-05-31 17:44:55,Cash,0.0
9936,460,8,1,2025-02-20 14:08:42,Cash,0.0
9937,152,12,2,2024-02-15 10:24:41,Cash,180900.0
9938,,13,2,2025-05-28 09:54:20,Mobile Payment,199300.0
9939,545,1,1,2024-09-18 10:47:03,Cash,342900.0
9940,532,30,4,2024-03-23 17:55:01,Card,0.0
9941,,13,2,2025-04-10 19:59:51,Cash,308000.0
9942,41,31,4,2025-03-27 15:57:20,Cash,0.0
9943,308,16,2,2025-11-13 19:15:19,Mobile Payment,0.0
9944,93,7,1,2025-08-20 18:35:01,Mobile Payment,0.0
9945,433,31,4,2024-05-16 15:30:22,Cash,0.0
9946,348,9,2,2025-06-04 14:47:17,Card,0.0
9947,61,13,2,2024-08-04 18:27:03,Cash,0.0
9948,2,13,2,2024-07-14 14:09:38,Card,0.0
9949,506,25,4,2024-04-28 15:15:23,Cash,0.0
9950,286,7,1,2024-04-16 14:23:35,Card,179300.0
9951,988,25,4,2025-09-01 18:08:23,Bank Transfer,0.0
9952,713,18,3,2025-12-27 14:48:02,Card,283800.0
9953,428,22,3,2024-10-28 11:56:54,Card,0.0
9954,93,37,5,2024-11-03 15:38:56,Cash,219300.0
9955,27,11,2,2025-02-19 16:25:08,Mobile Payment,0.0
9956,433,23,3,2025-03-01 13:14:08,Cash,0.0
9957,,15,2,2025-06-27 15:28:15,Cash,5200.0
9958,43,29,4,2024-06-06 16:48:12,Cash,0.0
9959,213,34,5,2025-06-27 16:53:29,Cash,152600.0
9960,302,37,5,2025-01-03 12:34:22,Card,0.0
9961,,3,1,2024-03-08 19:17:02,Cash,393100.0
9962,745,16,2,2025-02-05 10:37:00,Mobile Payment,418100.0
9963,,34,5,2024-05-09 11:07:03,Card,0.0
9964,913,40,5,2024-03-21 15:45:16,Cash,9700.0
9965,508,26,4,2024-01-29 15:15:43,Bank Transfer,257800.0
9966,143,40,5,2024-05-27 14:00:11,Cash,0.0
9967,512,26,4,2024-01-23 10:13:59,Cash,0.0
9968,15,18,3,2025-09-25 17:10:17,Card,0.0
9969,513,25,4,2025-05-13 17:28:54,Card,0.0
9970,567,34,5,2025-02-06 12:16:28,Cash,0.0
9971,540,8,1,2025-07-13 14:43:07,Cash,0.0
9972,601,21,3,2025-11-05 19:23:04,Cash,179500.0
9973,236,25,4,2024-09-07 15:06:22,Cash,0.0
9974,,1,1,2024-02-25 18:35:35,Cash,481700.0
9975,335,8,1,2025-11-22 09:56:02,Cash,74000.0
9976,435,33,5,2024-09-03 18:22:13,Card,0.0
9977,593,21,3,2024-11-25 10:10:17,Card,0.0
9978,65,14,2,2025-01-31 15:08:11,Cash,0.0
9979,111,16,2,2025-09-14 09:50:33,Cash,0.0
9980,586,14,2,2024-08-14 10:53:45,Cash,0.0
9981,342,25,4,2025-07-13 10:11:08,Mobile Payment,0.0
9982,765,4,1,2025-01-06 15:31:27,Mobile Payment,0.0
9983,784,38,5,2024-01-21 14:56:59,Mobile Payment,0.0
9984,,13,2,2025-08-24 11:47:15,Cash,0.0
9985,408,10,2,2024-12-08 17:16:48,Cash,572800.0
9986,683,10,2,2024-02-24 14:35:46,Cash,393500.0
9987,706,34,5,2024-05-08 17:27:02,Cash,47700.0
9988,988,28,4,2025-03-12 10:27:51,Bank Transfer,99400.0
9989,110,28,4,2025-08-17 16:03:48,Mobile Payment,0.0
9990,640,37,5,2024-01-14 10:59:56,Card,0.0
9991,834,12,2,2025-08-13 09:20:33,Cash,356100.0
9992,526,21,3,2024-10-18 15:11:43,Bank Transfer,0.0
9993,,13,2,2024-05-29 13:23:50,Bank Transfer,49600.0
9994,573,14,2,2025-12-18 12:47:10,Cash,0.0
9995,871,12,2,2024-02-08 18:58:50,Mobile Payment,0.0
9996,390,12,2,2024-04-03 15:39:04,Bank Transfer,0.0
9997,949,21,3,2024-05-20 18:20:23,Cash,0.0
9998,651,1,1,2025-04-27 18:20:49,Card,0.0
9999,,21,3,2024-08-17 15:02:20,Mobile Payment,0.0
10000,,17,3,2025-08-30 13:43:19,Cash,0.0
