sale_item_id,sale_id,product_id,quantity,unit_price
1,1,225,1,922500.0
2,1,64,1,386200.0
3,2,201,1,5671600.0
4,2,198,1,2454700.0
5,3,72,1,4771500.0
6,3,240,1,1651900.0
7,3,235,1,4281600.0
8,4,72,1,4682400.0
9,4,143,2,5621800.0
10,5,67,1,1382800.0
11,6,244,1,8177600.0
12,7,38,1,2673100.0
13,8,130,1,2120400.0
14,9,3,1,6418500.0
15,9,185,1,3142100.0
16,10,71,1,7119000.0
17,10,35,1,1545700.0
18,10,225,1,904100.0
19,11,81,2,1314700.0
20,12,135,1,1546800.0
21,12,16,1,5304600.0
22,12,17,1,4642800.0
23,13,178,2,1842600.0
24,13,37,1,930900.0
25,14,117,1,1733500.0
26,15,65,1,6709800.0
27,16,117,1,1821600.0
28,16,212,1,5173400.0
29,17,126,3,1624700.0
30,18,228,1,2246800.0
31,18,155,1,4465700.0
32,18,188,1,2270800.0
33,19,267,1,771700.0
34,19,119,1,2998700.0
35,19,157,1,5275100.0
36,20,31,1,5223800.0
37,20,143,1,5675400.0
38,20,197,1,2745900.0
39,20,254,1,1640400.0
40,21,219,1,4745600.0
41,21,30,2,4487400.0
42,22,122,1,2503400.0
43,23,129,1,1410200.0
44,24,5,1,4741100.0
45,25,226,1,1788800.0
46,25,93,1,358500.0
47,25,133,1,907400.0
48,25,142,1,5351600.0
49,26,132,1,2739000.0
50,27,122,1,2588400.0
51,28,172,1,6728200.0
52,28,209,2,5223400.0
53,29,261,1,5831600.0
54,29,298,1,3449500.0
55,30,281,1,1728900.0
56,30,215,1,4097500.0
57,31,186,1,1663000.0
58,31,119,1,2898100.0
59,32,118,1,2001900.0
60,33,161,1,1727600.0
61,34,284,1,3773100.0
62,35,182,1,4714600.0
63,35,66,1,2314700.0
64,35,206,1,656300.0
65,36,245,1,2077400.0
66,37,91,1,666000.0
67,38,219,1,4802900.0
68,38,147,2,1848300.0
69,38,166,2,4872900.0
70,39,225,1,897100.0
71,40,87,1,1817300.0
72,41,293,1,481200.0
73,41,219,1,4620900.0
74,41,228,1,2321400.0
75,42,41,1,3350000.0
76,43,20,1,2900100.0
77,44,193,1,9665600.0
78,45,110,1,1696900.0
79,45,2,1,5882500.0
80,45,223,1,7898700.0
81,46,150,1,2104400.0
82,46,249,1,3569600.0
83,46,251,1,244600.0
84,47,59,1,1509600.0
85,48,32,1,3067900.0
86,48,288,1,1265400.0
87,49,294,1,3182700.0
88,50,171,2,1624800.0
89,51,83,2,1618200.0
90,52,13,1,1168400.0
91,53,259,1,2194000.0
92,54,218,1,1447000.0
93,54,263,1,1160800.0
94,55,274,1,1807100.0
95,56,190,1,1516000.0
96,57,243,1,649700.0
97,58,209,1,5196700.0
98,58,3,1,6388300.0
99,59,40,1,1051600.0
100,60,72,1,4651700.0
101,61,191,1,4319500.0
102,61,289,1,3540600.0
103,62,70,1,5456900.0
104,62,85,1,1217000.0
105,62,269,1,2099400.0
106,63,180,1,2612100.0
107,64,288,1,1247300.0
108,64,278,1,1609100.0
109,64,104,1,1563200.0
110,65,243,1,647500.0
111,65,108,2,7200400.0
112,66,218,1,1464200.0
113,66,242,1,707800.0
114,67,86,1,1454100.0
115,67,143,1,5868900.0
116,67,74,1,997300.0
117,68,287,1,3368100.0
118,69,189,2,2240000.0
119,70,16,3,5263500.0
120,70,242,1,704200.0
121,71,68,1,5552900.0
122,72,163,1,6831400.0
123,73,257,1,5431800.0
124,73,76,1,2192000.0
125,74,45,1,6378000.0
126,74,290,1,1255100.0
127,74,238,1,5659200.0
128,75,98,1,1358300.0
129,75,68,1,5373300.0
130,76,48,1,864300.0
131,77,148,1,4235300.0
132,78,96,1,2960900.0
133,79,173,1,2213000.0
134,80,295,1,812500.0
135,81,120,1,1570200.0
136,81,260,2,3954000.0
137,81,56,1,1297400.0
138,82,73,1,1106100.0
139,83,79,1,806400.0
140,83,285,1,7816900.0
141,84,66,1,2397800.0
142,85,14,1,699800.0
143,85,114,1,5340300.0
144,86,174,1,1686300.0
145,87,43,1,1500100.0
146,88,206,1,655000.0
147,88,217,1,1995000.0
148,89,273,1,4772500.0
149,89,197,1,2680900.0
150,89,41,1,3429300.0
151,89,77,1,5080800.0
152,90,152,1,7012800.0
153,91,273,1,4533900.0
154,91,203,1,8072800.0
155,92,21,1,4953700.0
156,92,40,1,1049500.0
157,93,132,1,2722700.0
158,94,26,1,615300.0
159,94,192,2,1706100.0
160,95,209,1,5376700.0
161,96,114,1,5457300.0
162,96,33,1,427100.0
163,97,228,1,2322700.0
164,98,250,1,1318900.0
165,98,288,1,1257900.0
166,98,177,1,3423000.0
167,98,43,1,1490600.0
168,99,194,1,717100.0
169,100,112,1,4831500.0
170,101,231,1,6589500.0
171,102,215,1,4058800.0
172,103,242,1,724200.0
173,104,103,1,2785300.0
174,104,166,1,4786600.0
175,105,82,1,5206000.0
176,105,126,1,1679200.0
177,105,237,1,509400.0
178,106,274,1,1855300.0
179,106,13,1,1171100.0
180,107,135,1,1576600.0
181,108,169,1,3506200.0
182,109,19,1,577900.0
183,109,72,1,4603100.0
184,110,66,1,2308500.0
185,111,265,1,6660900.0
186,112,90,1,2292000.0
187,113,101,1,4157400.0
188,113,183,1,3823500.0
189,114,139,1,4706600.0
190,115,126,1,1656900.0
191,115,117,1,1792100.0
192,116,298,1,3440200.0
193,116,245,1,2026900.0
194,117,154,1,3106900.0
195,117,292,2,1979300.0
196,118,248,1,5095500.0
197,119,94,1,576700.0
198,119,250,1,1281700.0
199,120,119,1,2943700.0
200,121,88,1,1139100.0
201,122,182,1,4735600.0
202,123,10,1,3506000.0
203,123,104,1,1589000.0
204,124,246,2,3254300.0
205,125,176,1,2672300.0
206,126,294,1,3164300.0
207,126,103,1,2867100.0
208,127,161,2,1731400.0
209,127,185,1,3112600.0
210,128,62,1,6092500.0
211,129,168,1,3842600.0
212,129,276,1,1308500.0
213,129,252,1,985400.0
214,130,142,1,5422800.0
215,130,239,1,1341000.0
216,131,10,1,3446500.0
217,131,5,1,4537400.0
218,132,296,1,7410300.0
219,132,79,1,789600.0
220,132,97,1,3851800.0
221,133,139,1,4814100.0
222,134,107,1,4517300.0
223,134,195,1,5492200.0
224,134,26,1,610800.0
225,135,98,1,1334900.0
226,136,52,1,3353300.0
227,137,166,1,4625800.0
228,137,24,1,3819400.0
229,137,73,1,1078400.0
230,137,128,1,968500.0
231,138,93,1,359100.0
232,138,187,1,1575200.0
233,138,57,1,3717500.0
234,138,84,1,711400.0
235,139,179,1,3080800.0
236,140,1,1,858700.0
237,140,160,1,1034400.0
238,141,74,1,969200.0
239,142,267,1,768000.0
240,142,265,1,6677700.0
241,142,296,1,7736700.0
242,142,137,1,4850900.0
243,143,166,1,4759200.0
244,144,264,2,1293900.0
245,145,135,1,1562300.0
246,145,33,1,429200.0
247,146,43,1,1513500.0
248,146,259,1,2114300.0
249,146,94,1,572800.0
250,146,204,1,721300.0
251,147,85,1,1267100.0
252,148,240,1,1598500.0
253,148,165,1,3430200.0
254,148,70,1,5370900.0
255,149,125,1,457700.0
256,149,201,1,5701300.0
257,150,78,1,6280600.0
258,150,106,1,7688100.0
259,150,228,1,2278100.0
260,151,37,1,969100.0
261,152,250,1,1251800.0
262,152,150,3,2131000.0
263,153,144,1,3884100.0
264,154,249,1,3514500.0
265,154,125,1,447500.0
266,155,51,1,253800.0
267,155,295,1,805400.0
268,156,205,1,1595400.0
269,157,15,1,366600.0
270,158,135,1,1573500.0
271,158,83,1,1625000.0
272,158,108,1,7517900.0
273,158,286,1,5344300.0
274,159,96,1,3029400.0
275,159,196,1,5613800.0
276,160,287,1,3293500.0
277,160,152,1,7300900.0
278,161,151,1,7850200.0
279,162,113,1,3820100.0
280,162,126,1,1626300.0
281,163,298,1,3530400.0
282,163,205,1,1602800.0
283,163,295,2,816000.0
284,164,127,1,989500.0
285,164,276,2,1359000.0
286,164,297,1,3162500.0
287,164,66,1,2299500.0
288,165,224,1,1635500.0
289,166,15,1,359000.0
290,167,261,2,5563000.0
291,168,33,1,434000.0
292,169,207,1,4792800.0
293,170,221,1,2377700.0
294,171,32,2,3030500.0
295,172,192,2,1697200.0
296,172,36,1,927400.0
297,173,228,1,2212500.0
298,174,99,1,1976200.0
299,175,252,1,976400.0
300,176,268,1,5847400.0
301,176,202,1,3001400.0
302,177,200,1,709800.0
303,177,157,1,5185600.0
304,178,274,1,1798500.0
305,178,15,1,369100.0
306,179,96,1,3004100.0
307,180,170,2,7956200.0
308,181,293,1,483100.0
309,182,250,1,1244700.0
310,183,251,1,250900.0
311,184,104,2,1606300.0
312,185,35,1,1573200.0
313,185,124,1,939700.0
314,186,129,1,1417700.0
315,186,90,1,2292000.0
316,186,180,2,2554800.0
317,187,281,2,1722100.0
318,188,120,1,1499400.0
319,189,293,1,468700.0
320,189,198,2,2427300.0
321,189,145,1,1483900.0
322,190,199,1,1553200.0
323,190,132,1,2732700.0
324,191,232,1,763200.0
325,192,187,1,1614700.0
326,192,238,1,5552500.0
327,192,281,1,1765600.0
328,193,265,1,6592000.0
329,193,222,1,1521800.0
330,194,67,1,1374400.0
331,195,28,1,1425100.0
332,195,170,1,7572000.0
333,195,47,1,1373300.0
334,196,78,1,6221200.0
335,197,59,1,1477300.0
336,197,76,1,2218000.0
337,197,228,1,2310900.0
338,198,174,1,1675000.0
339,198,44,1,437700.0
340,199,254,1,1662600.0
341,200,27,1,1677300.0
342,200,123,1,2165000.0
343,200,157,3,5177200.0
344,201,195,1,5456000.0
345,201,199,1,1553100.0
346,201,19,1,602500.0
347,202,44,1,453900.0
348,203,45,1,6043500.0
349,203,39,1,3809800.0
350,204,103,1,2896300.0
351,204,42,1,1510300.0
352,205,254,1,1647200.0
353,205,96,1,3030300.0
354,206,64,1,384800.0
355,206,39,1,3704500.0
356,206,97,1,3728900.0
357,206,96,1,2991500.0
358,207,32,1,3083200.0
359,208,164,1,1870800.0
360,208,186,2,1645600.0
361,209,98,1,1360800.0
362,209,117,1,1762000.0
363,209,88,1,1161600.0
364,209,22,1,1099000.0
365,210,77,1,5196700.0
366,210,205,2,1550600.0
367,210,188,2,2206700.0
368,210,8,1,1111500.0
369,211,256,1,2988400.0
370,211,222,1,1547300.0
371,212,111,1,756900.0
372,213,66,1,2333700.0
373,213,190,1,1540100.0
374,214,66,1,2347400.0
375,214,165,2,3430100.0
376,215,165,1,3380700.0
377,215,42,2,1556600.0
378,216,243,1,618000.0
379,216,127,1,972500.0
380,217,62,1,5959100.0
381,218,152,1,7282100.0
382,219,56,1,1273200.0
383,219,141,1,2462700.0
384,220,193,1,9914500.0
385,220,282,1,304100.0
386,220,14,1,693700.0
387,221,78,1,6238200.0
388,222,269,1,2074700.0
389,223,286,1,5277800.0
390,224,203,1,8091100.0
391,225,42,1,1504400.0
392,226,262,1,1078100.0
393,226,199,1,1550100.0
394,227,95,1,1140600.0
395,228,238,1,5659000.0
396,229,199,1,1561600.0
397,230,55,1,1726600.0
398,231,98,2,1387800.0
399,232,234,2,473000.0
400,233,121,1,1281000.0
401,234,194,1,702400.0
402,235,104,1,1579400.0
403,235,137,1,4662100.0
404,236,147,1,1885000.0
405,236,187,1,1591300.0
406,237,150,1,2176000.0
407,237,76,1,2189000.0
408,237,254,1,1665900.0
409,237,278,1,1625700.0
410,238,82,1,5365900.0
411,239,3,1,6411800.0
412,240,202,1,3040700.0
413,241,259,1,2213700.0
414,241,56,1,1281500.0
415,242,96,1,2998500.0
416,243,156,1,1146100.0
417,244,197,1,2763600.0
418,245,244,1,8184500.0
419,245,130,1,2114400.0
420,245,279,1,907600.0
421,246,6,1,1582000.0
422,247,25,1,2234600.0
423,247,130,1,2092100.0
424,247,300,1,2176500.0
425,248,91,1,644600.0
426,249,289,1,3603100.0
427,250,143,1,5839100.0
428,251,293,1,463400.0
429,252,287,1,3227900.0
430,253,272,1,3521700.0
431,254,278,1,1594300.0
432,254,37,1,975100.0
433,255,209,1,5144500.0
434,255,31,1,5227600.0
435,256,261,1,5690200.0
436,256,209,1,5154600.0
437,256,81,1,1342100.0
438,257,168,2,3962900.0
439,258,71,1,7253400.0
440,258,241,2,1084400.0
441,259,166,2,4783400.0
442,260,72,1,4600600.0
443,260,152,1,7140400.0
444,260,98,1,1374800.0
445,261,192,1,1751500.0
446,261,126,2,1657200.0
447,262,131,1,9300800.0
448,262,254,1,1603400.0
449,263,72,1,4600500.0
450,264,217,1,1987000.0
451,264,105,1,1763900.0
452,264,21,1,5026000.0
453,265,12,1,798000.0
454,266,139,1,4670800.0
455,266,249,1,3597000.0
456,266,64,1,388500.0
457,266,49,1,1797500.0
458,267,197,1,2760500.0
459,268,227,1,972000.0
460,269,119,1,2938000.0
461,269,195,1,5674500.0
462,270,218,1,1442900.0
463,271,19,1,594400.0
464,271,196,1,5808800.0
465,272,96,1,2933500.0
466,273,91,1,659500.0
467,273,148,1,4065600.0
468,273,281,2,1779500.0
469,274,96,1,2880100.0
470,275,68,1,5480100.0
471,276,22,2,1052200.0
472,276,35,1,1588100.0
473,277,208,2,2261900.0
474,277,129,1,1354000.0
475,277,269,1,1987900.0
476,278,9,1,4677900.0
477,279,130,1,2093700.0
478,279,250,1,1279200.0
479,279,205,1,1541200.0
480,280,151,1,7642300.0
481,281,288,1,1237600.0
482,282,265,1,6765100.0
483,283,194,1,711500.0
484,284,7,2,313600.0
485,285,20,1,2824600.0
486,286,241,1,1108100.0
487,286,133,1,906100.0
488,286,296,1,7387700.0
489,286,286,1,5300700.0
490,287,208,1,2259300.0
491,287,27,1,1656700.0
492,287,154,1,3073300.0
493,287,132,2,2751900.0
494,288,34,2,362700.0
495,288,161,1,1730000.0
496,289,110,1,1726300.0
497,290,5,1,4593800.0
498,291,183,1,3841100.0
499,292,201,1,5839300.0
500,292,252,1,983500.0
501,293,146,1,528200.0
502,293,17,1,4622300.0
503,294,168,1,3927800.0
504,294,108,1,7186100.0
505,294,124,1,923200.0
506,295,210,1,9391200.0
507,296,34,1,380000.0
508,297,217,2,2008800.0
509,297,162,1,6758700.0
510,298,263,1,1221400.0
511,299,257,1,5452900.0
512,300,21,1,5159700.0
513,301,238,2,5728600.0
514,301,293,1,465300.0
515,301,119,1,3004900.0
516,302,204,1,691800.0
517,303,255,1,4194600.0
518,303,298,1,3354400.0
519,304,126,2,1613900.0
520,305,186,1,1618300.0
521,305,50,3,2947600.0
522,306,232,1,768300.0
523,307,181,1,8443500.0
524,307,91,2,671400.0
525,308,180,1,2543700.0
526,308,16,1,5308100.0
527,308,175,1,1253800.0
528,308,200,1,697200.0
529,309,22,1,1055500.0
530,310,50,1,2925100.0
531,311,218,1,1495400.0
532,312,256,1,2892500.0
533,313,59,1,1497600.0
534,314,41,2,3481100.0
535,314,282,1,314700.0
536,315,36,1,970200.0
537,316,127,1,974100.0
538,316,42,1,1549300.0
539,316,172,1,6584100.0
540,317,97,1,3675700.0
541,317,253,1,780900.0
542,318,64,1,379000.0
543,318,216,2,1776800.0
544,318,131,1,8904600.0
545,319,37,1,938700.0
546,319,203,2,8000800.0
547,320,189,2,2223500.0
548,320,167,1,1883600.0
549,321,141,1,2457900.0
550,322,144,1,3892500.0
551,323,245,1,2015000.0
552,323,200,2,677900.0
553,323,139,1,4693000.0
554,324,159,1,5293400.0
555,324,207,1,4596600.0
556,325,284,1,3667900.0
557,325,215,1,3932500.0
558,326,195,1,5431700.0
559,327,40,1,1060100.0
560,328,70,1,5372700.0
561,329,122,1,2515400.0
562,330,251,1,244400.0
563,330,111,1,766900.0
564,330,211,1,367300.0
565,331,141,1,2542400.0
566,332,17,1,4691500.0
567,332,61,1,603500.0
568,333,273,1,4743400.0
569,334,137,1,4844700.0
570,334,267,1,803900.0
571,335,89,1,6867000.0
572,336,60,1,622600.0
573,336,65,2,6584300.0
574,336,28,1,1425700.0
575,337,279,1,900100.0
576,338,106,1,7757500.0
577,339,236,1,6846100.0
578,339,85,1,1206300.0
579,340,247,1,1129700.0
580,340,51,1,240400.0
581,341,134,1,4594400.0
582,341,82,1,5366700.0
583,342,241,1,1078100.0
584,343,77,1,5119600.0
585,344,22,1,1046000.0
586,345,9,1,4483600.0
587,345,270,1,1799100.0
588,346,91,1,679500.0
589,346,281,1,1755900.0
590,346,243,1,637900.0
591,347,158,1,1061100.0
592,347,209,1,5368600.0
593,348,150,1,2174100.0
594,348,200,1,689200.0
595,349,12,1,820800.0
596,349,44,1,443300.0
597,349,241,2,1084300.0
598,349,194,2,682600.0
599,350,20,1,2753200.0
600,350,149,1,1152700.0
601,351,73,1,1081800.0
602,352,102,1,2287700.0
603,352,253,1,760700.0
604,353,257,1,5661700.0
605,354,172,1,6628800.0
606,354,213,1,5226000.0
607,355,2,1,6061300.0
608,356,295,1,791600.0
609,356,147,1,1903400.0
610,357,38,1,2657200.0
611,358,11,1,8292700.0
612,358,173,1,2329600.0
613,359,29,1,2673600.0
614,359,267,1,800000.0
615,359,105,1,1769000.0
616,360,261,1,5707400.0
617,360,282,1,313600.0
618,361,156,1,1106500.0
619,362,209,1,5204400.0
620,363,189,3,2250400.0
621,364,216,1,1826000.0
622,364,294,1,3238300.0
623,365,292,1,1961300.0
624,365,128,1,1001400.0
625,366,221,1,2386200.0
626,367,16,1,5360000.0
627,367,227,1,980600.0
628,367,90,1,2331800.0
629,367,111,1,773000.0
630,368,290,1,1274600.0
631,369,282,1,305000.0
632,370,161,1,1780700.0
633,370,293,1,481500.0
634,371,16,1,5067700.0
635,371,85,1,1241700.0
636,371,245,1,2098600.0
637,372,14,2,708200.0
638,372,25,1,2252100.0
639,373,227,1,953200.0
640,373,211,1,381600.0
641,374,207,1,4625200.0
642,374,211,1,369400.0
643,374,67,1,1393900.0
644,375,274,2,1787200.0
645,375,135,1,1530800.0
646,375,35,1,1626000.0
647,376,85,1,1209600.0
648,377,177,1,3331100.0
649,377,193,1,9927000.0
650,378,49,3,1823100.0
651,378,221,1,2342400.0
652,378,142,1,5293600.0
653,378,146,1,521900.0
654,379,275,1,4919200.0
655,379,94,2,560900.0
656,379,53,1,348200.0
657,380,264,1,1320600.0
658,381,61,1,591000.0
659,381,233,2,1480900.0
660,381,245,1,2083100.0
661,382,168,1,3856300.0
662,382,82,1,5300000.0
663,383,90,2,2258900.0
664,383,38,1,2768200.0
665,384,65,2,6815900.0
666,384,20,1,2884900.0
667,384,170,1,7833100.0
668,384,18,1,1393400.0
669,385,146,1,534700.0
670,385,178,1,1865700.0
671,386,96,1,2987000.0
672,387,295,2,801800.0
673,388,163,1,7027700.0
674,388,269,1,2075000.0
675,389,20,1,2764500.0
676,390,181,1,8659200.0
677,391,85,1,1254300.0
678,392,114,1,5443900.0
679,392,176,1,2750800.0
680,392,272,2,3363300.0
681,393,9,1,4677300.0
682,393,165,1,3340300.0
683,394,248,1,5060600.0
684,394,85,1,1221200.0
685,394,25,1,2177500.0
686,395,111,1,773200.0
687,396,137,2,4638100.0
688,397,63,1,7141300.0
689,397,269,1,2070800.0
690,397,243,1,631500.0
691,398,220,1,2202000.0
692,398,214,1,3614700.0
693,399,144,1,3794700.0
694,400,43,1,1517700.0
695,400,220,1,2164300.0
696,400,171,1,1581100.0
697,401,36,1,944200.0
698,401,107,1,4580500.0
699,401,3,1,6483000.0
700,402,74,2,1005100.0
701,402,256,2,2913900.0
702,403,86,2,1430600.0
703,404,65,1,6797200.0
704,404,103,1,2880300.0
705,404,74,1,1007900.0
706,405,85,1,1233600.0
707,406,70,1,5583200.0
708,407,284,1,3690500.0
709,408,112,1,4936300.0
710,408,290,2,1319300.0
711,409,156,1,1115900.0
712,409,121,1,1239300.0
713,410,253,1,787400.0
714,411,93,1,373100.0
715,411,229,1,367400.0
716,412,255,1,4084300.0
717,413,51,1,245400.0
718,413,69,1,2631800.0
719,414,292,1,1975100.0
720,415,21,1,5033600.0
721,415,104,2,1614900.0
722,415,9,1,4699800.0
723,416,48,1,867600.0
724,416,12,1,827200.0
725,417,101,1,4261300.0
726,417,3,1,6463500.0
727,418,236,1,6751200.0
728,419,17,1,4691200.0
729,420,221,1,2382800.0
730,420,195,1,5516800.0
731,421,203,1,7888400.0
732,421,269,1,2059600.0
733,422,180,1,2605500.0
734,423,9,1,4528500.0
735,424,67,1,1336900.0
736,425,286,1,5096700.0
737,426,145,1,1546100.0
738,427,208,2,2316400.0
739,428,191,2,4348300.0
740,428,146,1,521800.0
741,428,218,1,1460900.0
742,428,89,1,6566100.0
743,429,205,1,1625100.0
744,430,16,1,5100900.0
745,431,171,2,1629200.0
746,431,41,1,3501200.0
747,432,179,1,3162500.0
748,433,103,1,2800900.0
749,434,124,1,954100.0
750,435,13,1,1119100.0
751,435,35,1,1601100.0
752,436,139,1,4627000.0
753,436,294,3,3094000.0
754,437,255,1,4162000.0
755,437,203,1,7834700.0
756,438,51,1,246700.0
757,439,264,1,1313900.0
758,440,72,1,4643000.0
759,440,14,1,715200.0
760,440,110,1,1649900.0
761,441,300,2,2290500.0
762,441,230,1,1176900.0
763,442,134,1,4579600.0
764,442,156,1,1165700.0
765,442,274,1,1821200.0
766,443,133,1,897700.0
767,443,277,1,1410500.0
768,444,81,1,1348700.0
769,445,297,1,3152000.0
770,445,245,1,2031300.0
771,446,91,1,678100.0
772,446,250,1,1286400.0
773,447,216,1,1760100.0
774,447,145,1,1516300.0
775,447,193,1,9801600.0
776,448,125,1,451300.0
777,449,117,1,1742200.0
778,449,22,1,1074100.0
779,450,38,1,2745900.0
780,451,56,1,1313400.0
781,451,120,1,1530500.0
782,452,143,1,5768300.0
783,453,206,1,672200.0
784,453,33,1,439100.0
785,454,75,1,1444200.0
786,454,50,1,3000200.0
787,454,140,1,5253600.0
788,455,298,1,3456900.0
789,456,161,1,1690500.0
790,457,23,1,5662900.0
791,458,211,2,381900.0
792,459,294,1,3138000.0
793,459,155,2,4392400.0
794,460,83,1,1662800.0
795,461,164,1,1807100.0
796,461,114,1,5498500.0
797,461,99,1,1953600.0
798,461,260,1,4044400.0
799,462,28,1,1427600.0
800,463,243,1,629800.0
801,463,160,1,1016000.0
802,463,206,1,654100.0
803,464,275,1,4982500.0
804,465,184,2,3929300.0
805,465,228,2,2244200.0
806,466,129,1,1406100.0
807,467,87,2,1822100.0
808,467,189,1,2190200.0
809,468,220,1,2207700.0
810,468,131,1,8950600.0
811,469,252,1,989100.0
812,470,86,1,1422300.0
813,470,251,1,251000.0
814,471,199,1,1542700.0
815,471,127,1,948000.0
816,472,157,1,5238500.0
817,473,89,1,6650400.0
818,474,244,1,8450500.0
819,474,112,1,4843600.0
820,475,276,1,1366600.0
821,476,246,1,3226700.0
822,476,54,1,1911800.0
823,477,116,1,4255700.0
824,477,231,1,6294600.0
825,478,264,2,1323000.0
826,479,2,1,6065500.0
827,480,247,1,1076500.0
828,480,198,1,2447100.0
829,480,63,1,7007900.0
830,481,248,1,5045900.0
831,482,51,1,250400.0
832,482,18,3,1410700.0
833,483,24,1,4012400.0
834,484,47,1,1377400.0
835,485,241,1,1051100.0
836,485,22,1,1092100.0
837,486,199,1,1592000.0
838,487,249,1,3593100.0
839,487,38,1,2685700.0
840,487,187,1,1582800.0
841,487,16,1,5282500.0
842,488,96,1,2892400.0
843,488,195,1,5617200.0
844,488,8,2,1118100.0
845,489,47,1,1317100.0
846,490,207,1,4578800.0
847,490,71,1,7360600.0
848,491,178,1,1868200.0
849,491,151,1,7607200.0
850,492,26,1,633500.0
851,492,33,1,422400.0
852,492,205,1,1552500.0
853,493,144,1,3835800.0
854,493,3,2,6512900.0
855,493,30,1,4424100.0
856,494,192,1,1683900.0
857,494,4,1,985600.0
858,495,45,1,6196600.0
859,496,221,1,2403200.0
860,497,240,1,1624700.0
861,497,212,1,5125700.0
862,498,160,1,1019400.0
863,499,94,1,576700.0
864,500,272,1,3518000.0
865,501,278,1,1675700.0
866,501,258,1,2408700.0
867,501,100,2,659600.0
868,502,26,1,619800.0
869,502,202,1,3151900.0
870,502,185,1,3184300.0
871,503,15,1,350600.0
872,503,53,1,343200.0
873,504,200,1,706300.0
874,505,1,1,823000.0
875,505,43,2,1504700.0
876,506,110,1,1734400.0
877,507,253,1,771600.0
878,507,52,1,3350400.0
879,507,227,1,984600.0
880,507,98,1,1329800.0
881,508,297,1,3195700.0
882,509,49,2,1906100.0
883,510,37,1,949400.0
884,511,38,1,2727900.0
885,512,100,1,640000.0
886,513,83,1,1666500.0
887,514,299,1,518300.0
888,515,293,1,482900.0
889,515,21,1,4956200.0
890,516,113,1,3860100.0
891,517,96,1,3008400.0
892,517,45,1,6153800.0
893,518,190,1,1523200.0
894,519,4,1,993600.0
895,519,93,1,368700.0
896,520,290,1,1307600.0
897,520,49,1,1820400.0
898,521,196,1,5739100.0
899,521,285,1,8017700.0
900,522,89,1,6659100.0
901,523,91,1,667100.0
902,524,109,1,5997800.0
903,524,68,2,5469800.0
904,524,269,1,2064000.0
905,524,57,1,3742400.0
906,525,67,1,1410700.0
907,525,225,1,893500.0
908,525,255,1,4079300.0
909,526,30,1,4399700.0
910,526,177,2,3375800.0
911,527,46,1,5293900.0
912,528,272,1,3502200.0
913,528,112,1,4900800.0
914,529,61,1,577300.0
915,530,79,1,813000.0
916,531,221,1,2334900.0
917,532,87,1,1767900.0
918,533,285,1,7726300.0
919,533,165,1,3458700.0
920,534,160,2,1058500.0
921,535,145,2,1478300.0
922,535,236,1,6476600.0
923,536,188,1,2181500.0
924,536,271,2,2652500.0
925,537,138,2,5249900.0
926,537,172,1,6726600.0
927,538,65,1,6687100.0
928,538,41,1,3488700.0
929,538,91,1,679300.0
930,539,196,1,5784700.0
931,540,93,1,374900.0
932,541,110,1,1663000.0
933,541,29,1,2646100.0
934,541,232,2,776600.0
935,542,282,1,314800.0
936,543,236,1,6710800.0
937,543,133,1,875000.0
938,543,137,1,4776900.0
939,544,166,1,4678300.0
940,545,189,1,2179200.0
941,545,167,1,1869600.0
942,545,266,1,1856900.0
943,546,64,1,383400.0
944,546,112,1,4707400.0
945,546,204,1,695000.0
946,546,271,1,2665100.0
947,547,177,1,3481700.0
948,547,66,1,2391900.0
949,548,268,1,5751100.0
950,548,90,1,2335000.0
951,549,204,1,691900.0
952,550,103,1,2791000.0
953,551,287,1,3352800.0
954,551,94,1,570500.0
955,551,46,1,5286500.0
956,551,253,1,772300.0
957,552,9,1,4545800.0
958,552,55,3,1675700.0
959,553,194,1,718800.0
960,554,126,1,1675800.0
961,555,287,2,3339200.0
962,556,147,1,1869500.0
963,557,292,1,1915900.0
964,558,176,1,2704300.0
965,558,169,1,3613500.0
966,558,220,1,2289300.0
967,559,82,1,5206400.0
968,560,221,1,2387100.0
969,560,207,1,4539700.0
970,561,95,1,1140700.0
971,561,68,1,5432000.0
972,562,293,1,460400.0
973,562,159,1,5218800.0
974,562,104,1,1644200.0
975,563,13,1,1148800.0
976,564,238,1,5704500.0
977,564,203,1,7869800.0
978,564,157,1,5114300.0
979,564,159,1,5410500.0
980,565,181,1,8459500.0
981,566,290,1,1277600.0
982,566,184,1,3736000.0
983,566,71,1,7157300.0
984,567,161,1,1764200.0
985,567,149,1,1160400.0
986,567,269,1,2058700.0
987,567,287,1,3378200.0
988,568,126,1,1635800.0
989,569,270,1,1885800.0
990,570,112,2,4851400.0
991,571,89,1,6740300.0
992,572,68,1,5286400.0
993,572,65,1,6765800.0
994,573,183,1,3868400.0
995,573,55,1,1674400.0
996,573,70,1,5418700.0
997,574,221,2,2393200.0
998,574,41,2,3357800.0
999,575,190,1,1524800.0
1000,576,150,1,2106200.0
1001,577,203,1,7744300.0
1002,577,277,1,1487400.0
1003,578,250,1,1248800.0
1004,578,225,1,941900.0
1005,579,144,1,3758700.0
1006,579,217,1,2006200.0
1007,580,170,1,7958200.0
1008,581,220,1,2207400.0
1009,582,89,1,6632800.0
1010,582,143,1,5908100.0
1011,583,24,1,3893200.0
1012,583,66,2,2378900.0
1013,584,225,1,927100.0
1014,585,94,2,548500.0
1015,586,33,1,423500.0
1016,587,127,1,972900.0
1017,588,22,1,1102200.0
1018,588,121,1,1264900.0
1019,588,178,1,1875300.0
1020,588,284,1,3678700.0
1021,589,182,1,4855000.0
1022,589,92,1,5202700.0
1023,590,77,1,5063200.0
1024,590,74,1,1012200.0
1025,590,58,1,496700.0
1026,591,10,1,3531500.0
1027,592,194,1,684700.0
1028,592,260,1,3933300.0
1029,593,163,1,6872300.0
1030,594,205,1,1544200.0
1031,595,166,2,4893500.0
1032,596,238,1,5721100.0
1033,597,14,1,700500.0
1034,597,283,1,857500.0
1035,598,43,1,1449000.0
1036,599,223,1,8028500.0
1037,600,157,1,5232200.0
1038,601,126,1,1663300.0
1039,602,112,1,4692400.0
1040,602,152,1,7401500.0
1041,603,273,1,4541800.0
1042,603,112,1,4928000.0
1043,604,143,1,5631500.0
1044,604,295,1,811000.0
1045,605,3,1,6277400.0
1046,606,272,1,3454100.0
1047,607,274,1,1783500.0
1048,608,198,1,2521800.0
1049,609,207,1,4558700.0
1050,609,91,1,654900.0
1051,610,79,1,829300.0
1052,610,51,1,242900.0
1053,611,247,1,1077300.0
1054,612,127,1,963700.0
1055,612,39,1,3707800.0
1056,613,180,1,2580600.0
1057,613,255,3,4234300.0
1058,614,166,1,4710300.0
1059,615,228,1,2327100.0
1060,616,156,1,1135800.0
1061,617,287,1,3309000.0
1062,618,237,1,519100.0
1063,619,15,1,348700.0
1064,619,136,1,656000.0
1065,620,235,1,4294800.0
1066,621,1,1,842400.0
1067,621,285,1,7967400.0
1068,622,178,1,1871700.0
1069,623,207,1,4776100.0
1070,624,225,1,936700.0
1071,624,278,1,1625500.0
1072,625,105,1,1822100.0
1073,626,217,2,1967500.0
1074,626,287,2,3220600.0
1075,627,162,2,6997700.0
1076,628,133,1,920500.0
1077,628,256,1,2890500.0
1078,629,116,1,4320800.0
1079,630,202,1,3149300.0
1080,630,66,2,2277400.0
1081,631,280,1,3392900.0
1082,632,52,2,3233400.0
1083,632,208,1,2250500.0
1084,632,60,1,609300.0
1085,633,188,1,2225300.0
1086,634,105,1,1752600.0
1087,635,267,2,807600.0
1088,636,246,1,3142200.0
1089,636,279,1,910600.0
1090,637,248,1,4965900.0
1091,637,263,1,1178900.0
1092,638,204,1,724200.0
1093,638,34,1,374800.0
1094,638,159,1,5233600.0
1095,639,273,1,4604600.0
1096,640,148,1,4134600.0
1097,641,190,1,1571400.0
1098,641,252,1,983200.0
1099,642,38,1,2699600.0
1100,642,71,1,7345300.0
1101,643,137,1,4810000.0
1102,643,106,1,7850300.0
1103,644,275,1,4866100.0
1104,645,294,1,3165600.0
1105,645,86,1,1437700.0
1106,646,11,1,8066600.0
1107,647,300,1,2204200.0
1108,648,294,1,3181800.0
1109,649,206,1,656600.0
1110,650,179,1,3175900.0
1111,651,221,1,2396500.0
1112,652,60,1,606000.0
1113,652,52,2,3288900.0
1114,653,194,1,719800.0
1115,653,210,1,9323100.0
1116,654,237,1,518500.0
1117,654,166,2,4739100.0
1118,654,105,1,1831300.0
1119,654,172,2,6592400.0
1120,655,261,1,5603200.0
1121,656,215,1,4072800.0
1122,656,254,1,1640300.0
1123,657,164,1,1882000.0
1124,657,180,1,2594500.0
1125,658,284,2,3888800.0
1126,659,106,1,7600400.0
1127,660,120,1,1554600.0
1128,661,69,1,2620200.0
1129,662,183,1,3822300.0
1130,662,231,1,6280400.0
1131,663,31,1,5201000.0
1132,663,248,2,5087300.0
1133,664,105,1,1736400.0
1134,664,94,1,556800.0
1135,665,196,1,5533800.0
1136,666,18,1,1392200.0
1137,666,17,1,4606200.0
1138,666,172,1,6807300.0
1139,667,70,1,5562100.0
1140,668,48,1,862400.0
1141,669,130,1,2124200.0
1142,669,162,1,6850200.0
1143,670,28,2,1362500.0
1144,671,139,1,4597000.0
1145,672,94,1,567800.0
1146,673,69,1,2552500.0
1147,674,275,1,5091300.0
1148,675,264,1,1297200.0
1149,675,216,1,1734700.0
1150,675,65,1,6663800.0
1151,676,291,1,1778800.0
1152,677,118,1,1984000.0
1153,678,96,1,3029400.0
1154,679,112,1,4666400.0
1155,680,293,1,473800.0
1156,681,78,1,6363400.0
1157,681,121,2,1270300.0
1158,682,43,2,1511900.0
1159,683,264,1,1276900.0
1160,683,142,1,5408400.0
1161,683,113,2,3738600.0
1162,684,294,2,3139900.0
1163,685,16,1,5183700.0
1164,686,28,1,1396100.0
1165,687,263,1,1207900.0
1166,687,229,2,370700.0
1167,688,70,1,5559500.0
1168,689,82,1,5498800.0
1169,690,168,1,3831800.0
1170,690,178,1,1820800.0
1171,691,288,1,1246600.0
1172,692,136,2,658000.0
1173,693,226,1,1768000.0
1174,693,215,1,3912600.0
1175,693,113,1,3795600.0
1176,694,274,1,1846800.0
1177,694,87,1,1770500.0
1178,694,84,2,727400.0
1179,694,163,2,6972200.0
1180,695,227,1,966000.0
1181,695,210,1,9296600.0
1182,695,280,1,3401900.0
1183,695,262,1,1106600.0
1184,696,161,1,1769200.0
1185,697,130,1,2129400.0
1186,698,52,1,3275900.0
1187,698,253,1,757000.0
1188,699,92,1,5353800.0
1189,699,34,1,361900.0
1190,699,271,1,2651300.0
1191,700,143,1,5662400.0
1192,700,43,1,1446100.0
1193,701,198,1,2401600.0
1194,701,28,1,1359200.0
1195,701,30,1,4460300.0
1196,702,255,1,4177000.0
1197,703,27,1,1643600.0
1198,703,260,1,4009600.0
1199,703,133,1,890000.0
1200,704,242,2,707700.0
1201,705,213,1,4954400.0
1202,706,247,1,1079000.0
1203,707,147,1,1919600.0
1204,708,70,1,5431400.0
1205,709,234,1,466900.0
1206,710,73,1,1083400.0
1207,710,46,1,5113900.0
1208,710,165,1,3302200.0
1209,711,109,1,5901100.0
1210,712,55,1,1701300.0
1211,713,282,1,305500.0
1212,713,199,1,1540500.0
1213,714,142,1,5387600.0
1214,714,256,1,2928300.0
1215,715,71,2,7345500.0
1216,715,280,1,3289000.0
1217,715,40,1,1027900.0
1218,716,237,1,505300.0
1219,716,83,1,1662400.0
1220,717,236,1,6780500.0
1221,718,111,1,770500.0
1222,718,51,1,239800.0
1223,719,171,1,1589400.0
1224,719,133,1,924800.0
1225,720,106,2,7789000.0
1226,720,74,1,1020000.0
1227,720,245,1,2054900.0
1228,721,259,1,2174100.0
1229,722,190,1,1529900.0
1230,723,132,1,2654400.0
1231,724,131,1,9225500.0
1232,725,67,1,1349400.0
1233,725,234,1,453500.0
1234,726,252,1,962400.0
1235,727,90,2,2354500.0
1236,728,292,3,1999100.0
1237,728,282,1,305400.0
1238,728,8,1,1085400.0
1239,728,49,1,1799900.0
1240,729,17,1,4549700.0
1241,729,150,1,2112800.0
1242,730,285,1,7759600.0
1243,731,56,1,1275200.0
1244,731,113,1,3755800.0
1245,732,289,1,3509600.0
1246,733,106,1,7519500.0
1247,734,215,3,4086800.0
1248,734,254,1,1578700.0
1249,735,154,1,3079000.0
1250,735,122,1,2641000.0
1251,736,79,1,832000.0
1252,737,18,1,1421100.0
1253,737,116,1,4402900.0
1254,738,219,1,4818300.0
1255,739,30,1,4347200.0
1256,739,228,2,2289900.0
1257,739,171,1,1642300.0
1258,740,8,1,1119600.0
1259,741,39,1,3639200.0
1260,742,197,1,2785600.0
1261,743,273,2,4597700.0
1262,744,108,1,7221600.0
1263,745,72,1,4769300.0
1264,745,134,1,4575200.0
1265,746,277,1,1453200.0
1266,747,107,1,4568500.0
1267,747,121,2,1247100.0
1268,748,171,1,1602300.0
1269,748,258,1,2454300.0
1270,748,184,2,3797800.0
1271,749,87,1,1745000.0
1272,749,186,1,1675300.0
1273,750,94,1,573500.0
1274,751,7,1,314500.0
1275,751,47,1,1329000.0
1276,751,87,1,1784800.0
1277,752,176,1,2621600.0
1278,753,39,1,3785400.0
1279,754,45,2,6120700.0
1280,755,57,2,3745200.0
1281,756,8,1,1095400.0
1282,757,102,1,2360400.0
1283,757,211,1,373700.0
1284,757,59,1,1513000.0
1285,758,241,1,1075100.0
1286,759,143,1,5875700.0
1287,760,290,1,1301800.0
1288,760,97,1,3700200.0
1289,761,172,1,6779000.0
1290,762,194,1,705400.0
1291,762,71,1,7158000.0
1292,763,161,1,1713000.0
1293,763,247,1,1118700.0
1294,764,157,1,5174400.0
1295,765,193,1,9976400.0
1296,766,207,2,4779600.0
1297,766,284,1,3750100.0
1298,767,86,1,1450300.0
1299,767,296,1,7630500.0
1300,767,57,1,3764800.0
1301,768,127,1,989400.0
1302,769,62,1,5986400.0
1303,770,261,1,5659700.0
1304,771,264,1,1344400.0
1305,771,258,1,2498200.0
1306,772,31,1,5279600.0
1307,772,135,1,1593800.0
1308,773,84,1,752100.0
1309,774,291,1,1831100.0
1310,775,4,1,1000700.0
1311,776,45,2,6150400.0
1312,776,122,2,2593200.0
1313,777,98,1,1348500.0
1314,778,28,1,1415300.0
1315,779,139,1,4746500.0
1316,780,262,1,1078000.0
1317,780,48,1,837100.0
1318,781,277,1,1457500.0
1319,782,152,1,7142600.0
1320,782,154,2,3149600.0
1321,783,2,1,6030100.0
1322,784,9,1,4498800.0
1323,785,196,1,5612800.0
1324,785,95,1,1170200.0
1325,786,84,1,726600.0
1326,787,232,1,782700.0
1327,788,158,1,1082800.0
1328,789,9,1,4540300.0
1329,789,125,1,454100.0
1330,789,205,1,1569500.0
1331,790,66,1,2379900.0
1332,790,119,1,2965200.0
1333,790,220,1,2196600.0
1334,790,20,1,2806100.0
1335,791,66,1,2325800.0
1336,792,80,1,4135700.0
1337,792,281,1,1807100.0
1338,792,127,1,966400.0
1339,793,268,2,5904000.0
1340,794,207,1,4610000.0
1341,794,6,1,1618000.0
1342,794,16,1,5355900.0
1343,794,3,1,6437000.0
1344,795,37,1,937900.0
1345,795,112,1,4801900.0
1346,795,154,1,3145000.0
1347,796,70,1,5306800.0
1348,797,219,1,4855000.0
1349,798,206,1,646400.0
1350,798,274,1,1792400.0
1351,798,68,2,5428200.0
1352,799,149,1,1191400.0
1353,799,4,1,967800.0
1354,800,27,1,1628800.0
1355,801,24,1,3980100.0
1356,801,76,1,2232700.0
1357,802,151,1,7550600.0
1358,803,116,1,4212100.0
1359,804,286,1,5294100.0
1360,804,183,2,3859600.0
1361,805,182,1,4743800.0
1362,806,60,2,598700.0
1363,807,160,1,1031500.0
1364,808,83,1,1657700.0
1365,809,78,1,6236000.0
1366,810,214,1,3517900.0
1367,811,286,1,5379200.0
1368,812,145,1,1522500.0
1369,812,114,2,5483700.0
1370,812,41,1,3324400.0
1371,813,207,1,4805400.0
1372,814,187,1,1630400.0
1373,814,143,1,5780700.0
1374,814,152,1,7333900.0
1375,814,246,2,3312500.0
1376,815,249,1,3554000.0
1377,815,199,1,1584400.0
1378,815,209,1,5420900.0
1379,816,230,1,1173000.0
1380,816,4,1,972000.0
1381,817,272,1,3359600.0
1382,818,61,2,578900.0
1383,819,236,1,6728800.0
1384,819,190,1,1585000.0
1385,820,179,1,3114800.0
1386,820,253,1,794000.0
1387,820,152,1,7125200.0
1388,820,165,1,3409400.0
1389,821,200,1,699100.0
1390,821,179,1,3220800.0
1391,822,162,1,6838800.0
1392,823,79,1,831800.0
1393,824,3,1,6290200.0
1394,825,192,1,1708900.0
1395,825,67,1,1382900.0
1396,826,240,1,1581500.0
1397,826,299,2,515000.0
1398,826,28,1,1393900.0
1399,826,164,1,1847800.0
1400,827,166,1,4763200.0
1401,828,245,1,2092300.0
1402,828,243,1,621700.0
1403,828,46,1,5030100.0
1404,828,278,1,1629400.0
1405,829,288,2,1260200.0
1406,830,122,1,2609600.0
1407,831,1,1,823300.0
1408,831,34,1,365300.0
1409,832,248,1,5069200.0
1410,832,170,1,7626200.0
1411,833,64,1,390000.0
1412,833,16,1,5115400.0
1413,833,2,1,5973100.0
1414,833,202,1,3118700.0
1415,834,18,2,1406100.0
1416,835,258,1,2395200.0
1417,836,223,1,8134500.0
1418,837,21,1,5064600.0
1419,838,107,1,4468300.0
1420,838,54,1,1956800.0
1421,839,162,1,6798800.0
1422,839,161,1,1753700.0
1423,840,67,1,1393400.0
1424,841,3,1,6272000.0
1425,842,83,1,1630800.0
1426,842,175,1,1278400.0
1427,843,149,1,1139600.0
1428,843,35,1,1631300.0
1429,844,139,1,4648000.0
1430,844,201,1,5787700.0
1431,844,13,1,1168600.0
1432,845,279,1,934800.0
1433,846,209,1,5340100.0
1434,846,143,1,5735100.0
1435,847,229,1,385000.0
1436,848,55,1,1730500.0
1437,849,104,2,1648400.0
1438,849,271,1,2733800.0
1439,849,209,1,5388800.0
1440,850,138,2,5297800.0
1441,850,79,1,796700.0
1442,851,36,1,954700.0
1443,852,140,1,5043500.0
1444,853,194,1,702900.0
1445,853,252,2,986300.0
1446,854,222,1,1551900.0
1447,855,9,1,4696800.0
1448,856,59,1,1479700.0
1449,857,267,1,794300.0
1450,858,16,1,5260600.0
1451,858,185,1,3164400.0
1452,858,281,1,1746900.0
1453,859,45,2,6333700.0
1454,859,191,1,4424200.0
1455,859,48,1,874600.0
1456,859,272,1,3510000.0
1457,860,236,1,6540700.0
1458,861,220,1,2274500.0
1459,861,162,1,6940200.0
1460,862,255,1,4081400.0
1461,863,30,1,4323700.0
1462,864,106,1,7789800.0
1463,865,15,1,365700.0
1464,865,171,1,1640100.0
1465,865,46,1,5188300.0
1466,866,19,1,588300.0
1467,866,61,1,604400.0
1468,867,224,2,1564400.0
1469,867,156,1,1134600.0
1470,867,233,1,1505500.0
1471,868,88,1,1120200.0
1472,868,112,1,4854900.0
1473,869,114,1,5314000.0
1474,869,265,1,6562400.0
1475,869,141,1,2451500.0
1476,870,166,1,4903500.0
1477,870,26,1,630600.0
1478,870,102,1,2360000.0
1479,871,73,1,1140000.0
1480,872,119,1,2929900.0
1481,873,107,1,4505400.0
1482,874,261,1,5703200.0
1483,875,117,1,1767400.0
1484,875,90,3,2291000.0
1485,876,150,1,2161600.0
1486,877,250,1,1314900.0
1487,878,263,1,1182300.0
1488,879,131,1,8878000.0
1489,880,124,2,958100.0
1490,881,213,1,5127700.0
1491,881,194,1,699000.0
1492,881,232,1,749000.0
1493,882,69,1,2583000.0
1494,882,113,1,3944900.0
1495,882,138,1,5442200.0
1496,883,168,1,3829300.0
1497,883,77,1,5032100.0
1498,884,193,1,9601300.0
1499,885,196,1,5553500.0
1500,885,172,1,6853200.0
1501,885,183,1,4026700.0
1502,886,172,1,6892100.0
1503,886,176,1,2659300.0
1504,886,33,1,437700.0
1505,886,107,1,4447500.0
1506,887,142,1,5297300.0
1507,887,194,1,690000.0
1508,887,43,1,1445800.0
1509,888,5,1,4554600.0
1510,888,149,1,1181400.0
1511,888,8,1,1114200.0
1512,889,44,1,454500.0
1513,890,234,1,465500.0
1514,891,2,1,5971500.0
1515,892,95,1,1126800.0
1516,893,50,1,2832600.0
1517,893,149,1,1138700.0
1518,894,73,1,1084800.0
1519,894,66,1,2405500.0
1520,895,24,1,3858000.0
1521,895,39,1,3639500.0
1522,895,59,1,1489500.0
1523,895,107,1,4511800.0
1524,896,111,1,779400.0
1525,897,28,1,1398800.0
1526,898,282,1,306700.0
1527,898,185,1,3154200.0
1528,899,200,1,687400.0
1529,899,81,1,1313500.0
1530,900,190,1,1577600.0
1531,900,82,2,5477000.0
1532,900,148,1,4240300.0
1533,901,296,1,7653100.0
1534,901,283,1,856400.0
1535,902,215,2,4084700.0
1536,903,296,1,7669600.0
1537,904,280,1,3441500.0
1538,904,40,1,1035800.0
1539,904,213,1,5217700.0
1540,905,242,1,716800.0
1541,906,72,1,4576800.0
1542,907,143,1,5855100.0
1543,908,236,1,6685000.0
1544,908,72,1,4674700.0
1545,909,197,1,2653500.0
1546,909,150,1,2179600.0
1547,910,87,1,1803700.0
1548,911,140,1,5277500.0
1549,912,136,1,667300.0
1550,912,46,1,5174000.0
1551,913,13,1,1136900.0
1552,914,279,3,927600.0
1553,915,169,1,3680200.0
1554,915,155,3,4381600.0
1555,916,247,1,1117100.0
1556,917,156,2,1141400.0
1557,917,238,1,5479500.0
1558,917,3,1,6253000.0
1559,917,83,1,1668700.0
1560,918,220,1,2168600.0
1561,919,296,3,7393800.0
1562,920,222,2,1503500.0
1563,921,187,1,1607900.0
1564,922,114,2,5234200.0
1565,923,75,1,1436600.0
1566,924,196,1,5660800.0
1567,925,216,1,1817300.0
1568,925,93,1,371600.0
1569,926,275,1,4981600.0
1570,927,80,1,4083600.0
1571,928,284,1,3803500.0
1572,929,227,1,1004000.0
1573,929,75,1,1501500.0
1574,929,85,1,1251000.0
1575,929,272,2,3415100.0
1576,930,154,1,3080500.0
1577,931,49,2,1826000.0
1578,932,285,2,7760000.0
1579,933,60,1,627100.0
1580,933,75,1,1499300.0
1581,934,253,1,777500.0
1582,935,291,1,1787600.0
1583,935,26,1,623300.0
1584,935,153,1,888100.0
1585,935,184,1,3820500.0
1586,936,215,1,4121600.0
1587,936,287,1,3258300.0
1588,936,36,1,945900.0
1589,937,93,1,369300.0
1590,937,166,1,4663000.0
1591,937,5,1,4534600.0
1592,938,204,1,703100.0
1593,938,56,1,1331600.0
1594,938,168,2,3854200.0
1595,939,114,1,5332500.0
1596,939,74,1,985500.0
1597,940,11,2,7910600.0
1598,941,14,1,711900.0
1599,941,155,2,4372900.0
1600,942,182,1,4812700.0
1601,942,17,1,4575400.0
1602,942,111,1,794300.0
1603,942,63,1,6949900.0
1604,943,250,1,1248600.0
1605,944,144,1,3885800.0
1606,944,253,1,777800.0
1607,945,198,1,2461100.0
1608,946,61,1,610200.0
1609,947,177,1,3382000.0
1610,948,245,1,2068700.0
1611,948,281,1,1781800.0
1612,949,219,1,4628200.0
1613,949,105,1,1779600.0
1614,950,113,2,3738900.0
1615,951,276,1,1358100.0
1616,952,107,1,4538800.0
1617,953,175,2,1251700.0
1618,953,108,1,7501900.0
1619,954,113,1,3830900.0
1620,954,189,3,2215200.0
1621,954,33,1,439900.0
1622,955,271,1,2656700.0
1623,956,162,2,6920200.0
1624,956,3,2,6361800.0
1625,957,253,1,782500.0
1626,957,92,1,5353000.0
1627,957,119,1,2975700.0
1628,958,150,1,2178900.0
1629,958,253,1,789500.0
1630,959,150,1,2084000.0
1631,959,27,1,1593800.0
1632,959,235,1,4334600.0
1633,960,139,1,4814800.0
1634,960,163,1,7078400.0
1635,961,267,1,808000.0
1636,961,219,1,4822100.0
1637,961,103,1,2935500.0
1638,961,3,1,6540000.0
1639,962,109,1,5988500.0
1640,962,217,1,2030800.0
1641,962,232,1,773100.0
1642,962,296,1,7649500.0
1643,963,69,2,2640100.0
1644,963,13,1,1164500.0
1645,963,288,1,1301400.0
1646,964,150,1,2154100.0
1647,964,201,1,5873000.0
1648,964,57,1,3594300.0
1649,965,179,1,3231100.0
1650,966,164,1,1809400.0
1651,967,135,1,1612200.0
1652,968,248,1,4846500.0
1653,968,53,1,349300.0
1654,969,267,1,769300.0
1655,969,104,1,1636200.0
1656,970,217,1,1938000.0
1657,970,168,1,3849700.0
1658,971,247,1,1075400.0
1659,971,172,1,6905200.0
1660,972,175,1,1303800.0
1661,972,105,1,1807900.0
1662,973,266,1,1870500.0
1663,974,5,1,4537700.0
1664,974,234,1,471800.0
1665,975,247,1,1131500.0
1666,976,73,1,1108000.0
1667,976,100,1,666000.0
1668,976,152,1,7285100.0
1669,977,299,1,523900.0
1670,977,244,1,8236100.0
1671,978,148,1,4065300.0
1672,979,103,2,2805200.0
1673,980,245,1,2080900.0
1674,980,125,1,461600.0
1675,981,17,1,4588200.0
1676,982,257,1,5522500.0
1677,983,259,2,2222500.0
1678,984,72,1,4613300.0
1679,985,256,1,2846300.0
1680,985,66,1,2361700.0
1681,985,149,1,1174100.0
1682,985,2,1,5849800.0
1683,986,254,1,1639500.0
1684,986,59,1,1553000.0
1685,987,103,1,2784200.0
1686,987,7,1,321100.0
1687,988,273,1,4781900.0
1688,988,23,1,5879900.0
1689,988,89,1,6682700.0
1690,989,228,1,2240000.0
1691,989,214,1,3542500.0
1692,990,293,1,481600.0
1693,990,156,1,1167800.0
1694,990,235,1,4447000.0
1695,990,132,1,2618300.0
1696,991,258,2,2389300.0
1697,991,149,1,1144800.0
1698,992,249,1,3614000.0
1699,993,270,2,1867100.0
1700,994,264,1,1322000.0
1701,995,1,1,843000.0
1702,995,238,1,5638800.0
1703,996,13,1,1128500.0
1704,997,199,1,1570300.0
1705,998,158,1,1062300.0
1706,999,252,1,979900.0
1707,1000,7,1,319500.0
1708,1001,77,1,5206800.0
1709,1001,93,1,359200.0
1710,1002,89,1,6718100.0
1711,1002,198,1,2510400.0
1712,1003,142,1,5354400.0
1713,1003,157,1,5251800.0
1714,1004,191,1,4369000.0
1715,1005,288,1,1305900.0
1716,1005,118,1,2064800.0
1717,1006,236,1,6661000.0
1718,1007,129,1,1423800.0
1719,1007,154,1,3137900.0
1720,1008,138,1,5188500.0
1721,1009,240,1,1640600.0
1722,1009,229,2,386300.0
1723,1010,172,1,6718700.0
1724,1011,117,1,1742400.0
1725,1012,52,1,3297300.0
1726,1012,58,1,485900.0
1727,1013,94,1,548600.0
1728,1013,177,1,3332200.0
1729,1014,42,1,1479700.0
1730,1014,300,1,2291100.0
1731,1015,56,1,1273300.0
1732,1016,86,1,1414500.0
1733,1016,218,1,1423200.0
1734,1017,221,1,2418700.0
1735,1018,277,2,1413200.0
1736,1018,74,1,1007000.0
1737,1019,20,1,2801300.0
1738,1020,75,1,1488900.0
1739,1021,170,1,7513900.0
1740,1022,20,1,2841800.0
1741,1022,81,1,1363000.0
1742,1023,232,1,768700.0
1743,1023,110,1,1655100.0
1744,1024,39,1,3715100.0
1745,1025,150,1,2129900.0
1746,1026,68,1,5405100.0
1747,1027,88,1,1149300.0
1748,1027,162,1,6948800.0
1749,1027,258,1,2376800.0
1750,1028,75,1,1457500.0
1751,1029,52,1,3242600.0
1752,1029,125,1,448700.0
1753,1030,199,1,1591500.0
1754,1030,268,1,5768900.0
1755,1031,249,1,3506600.0
1756,1032,124,1,935400.0
1757,1033,300,1,2277300.0
1758,1033,42,1,1494700.0
1759,1034,256,1,2916700.0
1760,1035,196,2,5648700.0
1761,1036,24,1,3819300.0
1762,1037,112,1,4932000.0
1763,1038,58,1,506800.0
1764,1039,199,1,1570300.0
1765,1039,262,1,1080000.0
1766,1039,248,1,4974600.0
1767,1039,12,1,811700.0
1768,1040,59,1,1488900.0
1769,1041,75,1,1427700.0
1770,1042,299,1,542100.0
1771,1043,296,1,7578500.0
1772,1043,245,1,2061200.0
1773,1044,183,1,3975700.0
1774,1044,265,3,6768200.0
1775,1044,49,1,1805600.0
1776,1044,284,1,3847400.0
1777,1045,188,1,2278200.0
1778,1045,181,1,8651700.0
1779,1045,230,1,1161000.0
1780,1045,92,2,5328600.0
1781,1046,7,1,328700.0
1782,1046,256,1,2978600.0
1783,1047,270,1,1857400.0
1784,1048,152,1,7335600.0
1785,1049,112,2,4882200.0
1786,1049,79,1,793400.0
1787,1049,75,1,1426700.0
1788,1050,216,1,1829700.0
1789,1051,133,1,883500.0
1790,1052,241,1,1083700.0
1791,1053,238,1,5755300.0
1792,1053,70,1,5623000.0
1793,1054,48,1,838100.0
1794,1054,215,1,3958200.0
1795,1055,151,2,7730200.0
1796,1056,211,1,372600.0
1797,1056,126,1,1700900.0
1798,1057,16,1,5301300.0
1799,1057,81,1,1356800.0
1800,1057,144,1,3797300.0
1801,1057,126,1,1620900.0
1802,1058,53,1,345200.0
1803,1058,159,1,5337100.0
1804,1059,29,1,2716700.0
1805,1059,261,1,5538100.0
1806,1059,92,1,5268800.0
1807,1059,198,1,2431600.0
1808,1060,217,1,1987400.0
1809,1060,89,1,6763800.0
1810,1061,144,1,3912900.0
1811,1062,122,1,2557900.0
1812,1062,132,2,2721900.0
1813,1063,288,1,1307200.0
1814,1064,287,1,3371100.0
1815,1065,217,1,1958400.0
1816,1065,146,1,544700.0
1817,1066,175,1,1279700.0
1818,1066,141,1,2559000.0
1819,1067,234,1,451600.0
1820,1067,9,1,4699800.0
1821,1068,269,1,2094300.0
1822,1068,134,2,4496600.0
1823,1069,11,1,8028000.0
1824,1070,223,1,7782300.0
1825,1070,295,2,821800.0
1826,1071,136,1,647200.0
1827,1071,92,1,5390600.0
1828,1072,124,1,970900.0
1829,1072,276,1,1316300.0
1830,1072,166,1,4858300.0
1831,1073,198,1,2424800.0
1832,1073,101,1,4038100.0
1833,1073,166,1,4863800.0
1834,1074,189,1,2242900.0
1835,1074,76,1,2162000.0
1836,1074,251,1,247800.0
1837,1075,194,1,711700.0
1838,1076,25,1,2277300.0
1839,1076,230,1,1166900.0
1840,1077,276,1,1305800.0
1841,1078,123,1,2222400.0
1842,1078,147,1,1883500.0
1843,1079,77,1,5211600.0
1844,1080,107,1,4425200.0
1845,1080,31,1,5328500.0
1846,1081,135,1,1571500.0
1847,1082,17,1,4744100.0
1848,1083,158,2,1103000.0
1849,1083,300,1,2181500.0
1850,1084,230,1,1165100.0
1851,1085,262,1,1083300.0
1852,1085,250,1,1288400.0
1853,1086,192,1,1743800.0
1854,1087,162,1,6938400.0
1855,1087,143,1,5911900.0
1856,1087,247,1,1074600.0
1857,1088,47,1,1365300.0
1858,1088,130,1,2068300.0
1859,1089,86,1,1447200.0
1860,1089,116,1,4287000.0
1861,1090,188,1,2267700.0
1862,1091,270,1,1847600.0
1863,1091,276,1,1329900.0
1864,1091,187,1,1598400.0
1865,1091,86,1,1450800.0
1866,1092,193,1,9640900.0
1867,1092,236,1,6826200.0
1868,1092,177,1,3331600.0
1869,1093,198,1,2411100.0
1870,1094,27,1,1611300.0
1871,1094,53,1,345200.0
1872,1094,89,1,6583300.0
1873,1095,33,1,416400.0
1874,1096,209,1,5372300.0
1875,1096,185,1,3154500.0
1876,1096,282,1,306000.0
1877,1097,209,2,5400400.0
1878,1098,53,1,343300.0
1879,1098,12,1,801200.0
1880,1099,129,1,1404500.0
1881,1100,206,1,673900.0
1882,1101,45,1,6123700.0
1883,1101,2,1,6045000.0
1884,1101,6,2,1615100.0
1885,1102,238,2,5539300.0
1886,1103,96,2,3021600.0
1887,1104,94,1,560900.0
1888,1105,297,1,3309900.0
1889,1106,182,1,4684200.0
1890,1107,106,1,7834000.0
1891,1108,196,1,5594500.0
1892,1109,132,1,2687300.0
1893,1110,133,1,911400.0
1894,1110,236,2,6546000.0
1895,1111,289,1,3523800.0
1896,1111,170,1,7729400.0
1897,1112,77,1,5150100.0
1898,1112,86,1,1462900.0
1899,1113,108,1,7554200.0
1900,1114,205,1,1588200.0
1901,1114,143,1,5690600.0
1902,1115,177,1,3429900.0
1903,1116,150,2,2103600.0
1904,1117,253,1,760600.0
1905,1117,218,1,1451600.0
1906,1118,26,2,620400.0
1907,1118,290,1,1262600.0
1908,1119,144,1,3836800.0
1909,1120,131,1,8795300.0
1910,1120,224,1,1601400.0
1911,1121,113,1,3920500.0
1912,1121,225,1,941500.0
1913,1121,124,1,966900.0
1914,1122,137,2,4828100.0
1915,1123,154,1,3155300.0
1916,1123,294,1,3236500.0
1917,1123,33,1,426700.0
1918,1124,112,1,4666100.0
1919,1124,286,1,5183700.0
1920,1125,137,1,4596700.0
1921,1125,148,1,4254500.0
1922,1126,192,1,1693600.0
1923,1127,142,1,5201400.0
1924,1128,299,1,523800.0
1925,1128,19,1,589200.0
1926,1129,289,1,3527000.0
1927,1130,238,1,5781800.0
1928,1131,135,1,1598800.0
1929,1131,124,1,953800.0
1930,1132,250,1,1273900.0
1931,1133,179,1,3220400.0
1932,1133,283,1,876900.0
1933,1133,10,1,3433100.0
1934,1133,299,1,532900.0
1935,1134,155,1,4330900.0
1936,1134,228,1,2261400.0
1937,1135,285,1,7805000.0
1938,1136,199,1,1526200.0
1939,1137,279,1,919400.0
1940,1138,122,1,2619100.0
1941,1139,189,1,2180800.0
1942,1139,183,1,3945500.0
1943,1139,270,1,1879500.0
1944,1139,209,2,5203400.0
1945,1140,117,1,1798800.0
1946,1140,222,1,1530300.0
1947,1141,6,2,1589500.0
1948,1141,27,1,1616100.0
1949,1142,213,1,5188300.0
1950,1142,122,1,2578600.0
1951,1142,242,1,700700.0
1952,1142,136,2,634400.0
1953,1143,43,1,1505100.0
1954,1143,56,1,1320000.0
1955,1144,110,1,1709900.0
1956,1145,176,1,2685200.0
1957,1145,44,1,430300.0
1958,1145,110,1,1646700.0
1959,1146,52,1,3344000.0
1960,1147,125,1,447500.0
1961,1147,102,1,2245700.0
1962,1148,248,1,4984000.0
1963,1149,248,1,4957400.0
1964,1150,26,1,611100.0
1965,1151,206,1,661500.0
1966,1151,132,1,2702000.0
1967,1152,290,1,1266100.0
1968,1152,250,1,1305900.0
1969,1153,52,1,3275500.0
1970,1153,97,1,3766500.0
1971,1154,175,1,1241300.0
1972,1154,88,1,1126600.0
1973,1155,102,1,2335700.0
1974,1155,189,1,2198700.0
1975,1156,174,2,1706500.0
1976,1157,97,1,3736400.0
1977,1158,52,2,3185600.0
1978,1158,253,1,751500.0
1979,1159,201,1,5913700.0
1980,1160,207,1,4769700.0
1981,1161,233,1,1502000.0
1982,1161,120,1,1520000.0
1983,1161,41,1,3422300.0
1984,1162,274,1,1829200.0
1985,1163,27,1,1656300.0
1986,1164,295,1,795000.0
1987,1164,243,1,631200.0
1988,1164,201,1,5686300.0
1989,1164,158,1,1089400.0
1990,1165,260,1,4021300.0
1991,1166,209,1,5259700.0
1992,1166,35,1,1541500.0
1993,1166,112,1,4786900.0
1994,1166,266,1,1888100.0
1995,1167,240,1,1654200.0
1996,1168,215,1,4096200.0
1997,1168,89,1,6936000.0
1998,1169,118,1,1997200.0
1999,1170,67,1,1370400.0
2000,1171,17,1,4735900.0
2001,1171,196,1,5597100.0
2002,1171,136,1,667000.0
2003,1172,127,2,960400.0
2004,1173,229,1,382600.0
2005,1173,279,1,926200.0
2006,1174,167,1,1899400.0
2007,1174,287,1,3304000.0
2008,1175,40,1,1014700.0
2009,1176,5,1,4684700.0
2010,1177,160,1,1019200.0
2011,1178,188,2,2186700.0
2012,1179,10,1,3442100.0
2013,1179,51,1,246200.0
2014,1180,97,1,3745900.0
2015,1180,104,2,1567000.0
2016,1180,7,1,320400.0
2017,1181,249,1,3625000.0
2018,1182,222,1,1576000.0
2019,1183,282,1,302300.0
2020,1183,181,1,8635500.0
2021,1184,191,1,4337700.0
2022,1184,166,1,4748700.0
2023,1184,64,1,371500.0
2024,1184,40,1,1053400.0
2025,1185,67,1,1341200.0
2026,1186,223,1,7992900.0
2027,1187,266,1,1934300.0
2028,1187,254,1,1587300.0
2029,1187,85,2,1259300.0
2030,1188,274,1,1835000.0
2031,1189,182,1,4781800.0
2032,1190,119,1,2988900.0
2033,1191,236,1,6525800.0
2034,1192,115,1,3989300.0
2035,1193,166,1,4848800.0
2036,1193,214,1,3581700.0
2037,1193,213,1,4952100.0
2038,1193,247,1,1099300.0
2039,1194,9,1,4731600.0
2040,1194,295,1,792000.0
2041,1195,27,1,1608300.0
2042,1196,187,1,1565200.0
2043,1197,94,1,565500.0
2044,1197,178,1,1827200.0
2045,1197,90,1,2349300.0
2046,1198,217,1,2009500.0
2047,1198,159,2,5122600.0
2048,1198,52,1,3242500.0
2049,1198,92,1,5313200.0
2050,1199,250,1,1271100.0
2051,1199,46,1,5175500.0
2052,1200,202,1,3089900.0
2053,1200,157,1,5090600.0
2054,1200,37,1,944500.0
2055,1201,177,1,3349600.0
2056,1201,11,2,8290800.0
2057,1201,179,2,3179100.0
2058,1201,115,1,3936700.0
2059,1202,68,1,5536600.0
2060,1202,143,1,5739200.0
2061,1202,210,1,9076000.0
2062,1202,126,1,1664800.0
2063,1203,22,1,1047000.0
2064,1204,111,1,775800.0
2065,1205,50,1,2931800.0
2066,1205,26,1,626400.0
2067,1206,268,1,5958900.0
2068,1207,180,1,2578400.0
2069,1208,250,1,1244000.0
2070,1209,216,1,1783200.0
2071,1210,292,1,1925300.0
2072,1210,191,2,4441700.0
2073,1211,214,1,3520600.0
2074,1212,206,3,652900.0
2075,1212,107,1,4545500.0
2076,1213,178,1,1800800.0
2077,1213,220,1,2252100.0
2078,1213,170,1,7613900.0
2079,1214,145,1,1521800.0
2080,1215,152,1,7254000.0
2081,1215,17,1,4549700.0
2082,1215,260,1,3954200.0
2083,1215,19,1,586000.0
2084,1216,31,1,5285600.0
2085,1217,291,1,1800700.0
2086,1218,81,1,1344900.0
2087,1218,75,1,1455800.0
2088,1219,53,1,348800.0
2089,1219,95,1,1117100.0
2090,1219,185,1,3251800.0
2091,1220,93,1,357400.0
2092,1221,168,1,3855800.0
2093,1222,275,1,4958300.0
2094,1223,57,1,3664500.0
2095,1223,273,1,4672800.0
2096,1223,17,1,4564800.0
2097,1224,64,1,385900.0
2098,1224,53,1,356500.0
2099,1225,113,1,3891900.0
2100,1225,135,1,1532900.0
2101,1225,41,1,3477900.0
2102,1225,144,1,3788500.0
2103,1226,159,1,5273100.0
2104,1226,160,1,1049900.0
2105,1227,54,1,1961000.0
2106,1228,138,1,5279700.0
2107,1229,118,1,2036500.0
2108,1229,127,1,992500.0
2109,1230,219,1,4716800.0
2110,1231,274,1,1835400.0
2111,1232,267,1,789800.0
2112,1233,13,2,1146800.0
2113,1233,28,1,1412800.0
2114,1234,228,1,2326800.0
2115,1234,271,1,2701500.0
2116,1234,53,1,358500.0
2117,1235,230,1,1162100.0
2118,1235,144,1,3786400.0
2119,1236,109,1,5785100.0
2120,1237,198,1,2532700.0
2121,1238,260,1,4030100.0
2122,1239,246,1,3214900.0
2123,1240,247,2,1099300.0
2124,1240,200,1,700400.0
2125,1240,226,1,1828900.0
2126,1241,97,1,3750500.0
2127,1241,190,1,1581500.0
2128,1242,119,1,2897400.0
2129,1243,29,1,2709300.0
2130,1244,168,1,3861400.0
2131,1245,72,2,4736700.0
2132,1246,288,1,1250700.0
2133,1246,208,2,2249100.0
2134,1247,163,1,6813700.0
2135,1247,215,1,4143700.0
2136,1247,36,1,966500.0
2137,1248,115,1,4093300.0
2138,1248,15,1,357800.0
2139,1248,80,1,4076500.0
2140,1248,98,1,1378400.0
2141,1249,293,1,485300.0
2142,1249,117,1,1822800.0
2143,1250,291,1,1750000.0
2144,1250,165,1,3324800.0
2145,1251,220,1,2174100.0
2146,1251,278,2,1593300.0
2147,1252,44,1,438200.0
2148,1253,183,1,3981600.0
2149,1254,12,1,791900.0
2150,1255,117,1,1830300.0
2151,1256,131,1,8814700.0
2152,1256,232,1,776300.0
2153,1257,221,1,2329800.0
2154,1258,128,1,1011700.0
2155,1259,88,1,1133200.0
2156,1259,57,1,3618800.0
2157,1259,21,1,5158900.0
2158,1259,242,2,716300.0
2159,1260,241,1,1093500.0
2160,1261,168,1,3786700.0
2161,1262,66,1,2296800.0
2162,1262,220,1,2186900.0
2163,1263,140,1,5136500.0
2164,1263,73,1,1113700.0
2165,1263,141,2,2534200.0
2166,1264,286,1,5288200.0
2167,1265,201,1,5794800.0
2168,1266,298,2,3500000.0
2169,1267,209,1,5373800.0
2170,1267,294,1,3239400.0
2171,1267,213,1,5058900.0
2172,1267,51,1,249800.0
2173,1268,121,2,1270200.0
2174,1268,180,2,2607200.0
2175,1269,169,1,3665000.0
2176,1270,142,1,5431600.0
2177,1270,273,1,4759900.0
2178,1270,10,1,3463000.0
2179,1270,122,1,2591900.0
2180,1271,187,1,1609400.0
2181,1271,93,1,363500.0
2182,1272,157,1,5119700.0
2183,1273,183,2,3829700.0
2184,1273,272,1,3521300.0
2185,1273,293,1,484900.0
2186,1273,238,1,5709200.0
2187,1274,67,1,1407200.0
2188,1274,260,1,4029800.0
2189,1275,246,1,3302900.0
2190,1275,296,1,7365100.0
2191,1276,75,1,1476500.0
2192,1276,263,2,1214600.0
2193,1277,292,1,1896200.0
2194,1278,142,1,5159000.0
2195,1278,57,1,3779700.0
2196,1279,201,1,5910700.0
2197,1280,294,2,3150300.0
2198,1281,270,1,1884400.0
2199,1282,239,1,1343900.0
2200,1282,199,1,1548400.0
2201,1282,49,1,1866000.0
2202,1283,7,1,313500.0
2203,1284,71,1,7026400.0
2204,1284,202,1,3103300.0
2205,1285,126,1,1653700.0
2206,1285,138,1,5415300.0
2207,1285,247,1,1117600.0
2208,1285,250,1,1270200.0
2209,1286,136,1,661300.0
2210,1286,185,1,3108100.0
2211,1286,289,1,3550200.0
2212,1286,141,1,2434300.0
2213,1287,77,2,5112900.0
2214,1288,132,1,2655900.0
2215,1289,276,1,1356100.0
2216,1290,135,1,1571000.0
2217,1290,211,1,385900.0
2218,1291,192,1,1719000.0
2219,1291,173,1,2281000.0
2220,1292,130,1,2110400.0
2221,1292,159,1,5401600.0
2222,1292,17,1,4692600.0
2223,1293,296,1,7591000.0
2224,1293,194,1,717200.0
2225,1294,238,1,5543400.0
2226,1295,86,1,1486200.0
2227,1296,188,1,2196100.0
2228,1296,258,1,2446900.0
2229,1297,232,1,777200.0
2230,1298,235,1,4205600.0
2231,1299,76,1,2246300.0
2232,1300,218,1,1454400.0
2233,1301,296,1,7552600.0
2234,1301,189,1,2290200.0
2235,1301,33,1,440800.0
2236,1301,74,1,1004700.0
2237,1302,11,1,7844800.0
2238,1303,88,1,1129500.0
2239,1304,195,1,5580100.0
2240,1304,232,1,749300.0
2241,1305,186,1,1591300.0
2242,1305,15,1,355900.0
2243,1306,243,1,643400.0
2244,1306,138,1,5407100.0
2245,1307,86,1,1464200.0
2246,1307,178,1,1858300.0
2247,1307,78,1,6239100.0
2248,1308,97,1,3872600.0
2249,1309,59,1,1555000.0
2250,1310,186,1,1660600.0
2251,1310,267,1,765500.0
2252,1311,136,1,652200.0
2253,1312,56,2,1264900.0
2254,1312,50,2,2985600.0
2255,1313,114,1,5338600.0
2256,1313,85,1,1212500.0
2257,1314,21,1,5068800.0
2258,1314,80,1,4103000.0
2259,1314,76,2,2243100.0
2260,1315,53,1,344100.0
2261,1316,90,1,2368200.0
2262,1317,256,1,2848600.0
2263,1318,278,1,1627600.0
2264,1318,269,1,2018900.0
2265,1319,110,3,1733000.0
2266,1319,213,1,5237500.0
2267,1320,14,1,727900.0
2268,1321,36,2,940200.0
2269,1322,215,1,3966900.0
2270,1323,128,1,1005200.0
2271,1324,181,1,8755500.0
2272,1324,215,1,4056200.0
2273,1324,97,1,3819000.0
2274,1325,262,1,1091100.0
2275,1326,39,2,3819700.0
2276,1327,270,1,1849000.0
2277,1327,159,1,5332800.0
2278,1328,277,1,1480200.0
2279,1329,65,1,6710100.0
2280,1329,227,1,988900.0
2281,1329,247,1,1101900.0
2282,1329,280,1,3417200.0
2283,1330,41,2,3306400.0
2284,1331,189,1,2291700.0
2285,1331,246,1,3323700.0
2286,1332,241,1,1058300.0
2287,1332,112,1,4873200.0
2288,1333,131,1,9159100.0
2289,1334,235,1,4218700.0
2290,1334,20,1,2837200.0
2291,1335,271,1,2735600.0
2292,1336,117,1,1802900.0
2293,1337,6,1,1566100.0
2294,1338,212,1,5169500.0
2295,1339,259,1,2193600.0
2296,1339,256,1,2879300.0
2297,1340,188,1,2289400.0
2298,1340,112,1,4775700.0
2299,1340,106,1,7687700.0
2300,1341,298,1,3391000.0
2301,1342,123,1,2211800.0
2302,1342,199,1,1546900.0
2303,1342,69,1,2635900.0
2304,1343,74,1,1010000.0
2305,1343,32,1,3112100.0
2306,1343,233,1,1466400.0
2307,1344,152,1,7139700.0
2308,1345,281,1,1816100.0
2309,1346,299,3,526100.0
2310,1346,103,1,2916200.0
2311,1347,85,1,1246000.0
2312,1348,79,1,788700.0
2313,1348,167,1,1919800.0
2314,1349,222,1,1567900.0
2315,1350,85,1,1268900.0
2316,1351,270,2,1799500.0
2317,1352,294,1,3190200.0
2318,1353,49,2,1822800.0
2319,1353,227,1,1000500.0
2320,1354,281,2,1725900.0
2321,1355,82,1,5465400.0
2322,1356,30,1,4374000.0
2323,1357,101,1,4253400.0
2324,1358,226,2,1816900.0
2325,1358,16,1,5185000.0
2326,1359,204,2,700300.0
2327,1359,126,1,1617800.0
2328,1359,71,1,7275000.0
2329,1360,111,1,793300.0
2330,1361,88,1,1138400.0
2331,1361,125,1,455900.0
2332,1362,109,2,5931200.0
2333,1362,59,2,1556700.0
2334,1362,295,1,785600.0
2335,1363,99,1,1866200.0
2336,1363,75,1,1456400.0
2337,1363,124,1,944000.0
2338,1364,117,1,1762900.0
2339,1365,57,1,3640200.0
2340,1366,38,1,2629500.0
2341,1366,213,1,4955500.0
2342,1366,276,1,1332400.0
2343,1367,90,2,2292000.0
2344,1367,204,1,728900.0
2345,1367,257,2,5725300.0
2346,1368,174,1,1704100.0
2347,1369,71,1,7289200.0
2348,1370,228,1,2238600.0
2349,1370,107,1,4621700.0
2350,1370,200,1,701300.0
2351,1371,185,1,3099300.0
2352,1372,243,1,633800.0
2353,1372,238,1,5759700.0
2354,1372,18,1,1427800.0
2355,1373,71,1,7376700.0
2356,1374,35,1,1580400.0
2357,1375,117,1,1772300.0
2358,1376,285,2,7703800.0
2359,1377,139,1,4774500.0
2360,1378,77,1,5217800.0
2361,1379,252,1,985200.0
2362,1380,175,1,1308200.0
2363,1380,266,1,1844100.0
2364,1381,296,1,7761000.0
2365,1382,259,1,2170100.0
2366,1382,124,1,931900.0
2367,1383,95,2,1152300.0
2368,1383,124,1,955700.0
2369,1383,255,1,4045400.0
2370,1383,248,1,5076600.0
2371,1384,16,2,5301600.0
2372,1384,282,1,308600.0
2373,1385,105,1,1750900.0
2374,1386,1,1,823300.0
2375,1387,263,1,1183200.0
2376,1388,264,1,1313800.0
2377,1388,121,1,1266600.0
2378,1388,140,1,5089900.0
2379,1389,175,1,1273500.0
2380,1389,203,1,8049200.0
2381,1389,163,1,7008900.0
2382,1390,158,1,1068400.0
2383,1391,131,1,9266200.0
2384,1391,177,2,3332000.0
2385,1392,77,1,5070100.0
2386,1393,184,1,3925300.0
2387,1394,182,1,4691200.0
2388,1395,96,1,2915200.0
2389,1395,173,1,2308600.0
2390,1396,229,1,371700.0
2391,1397,281,1,1739200.0
2392,1397,7,1,319800.0
2393,1398,198,1,2495900.0
2394,1398,152,1,7314800.0
2395,1399,149,1,1150500.0
2396,1400,285,1,8031600.0
2397,1401,122,1,2592000.0
2398,1402,203,1,8143800.0
2399,1403,214,1,3692900.0
2400,1404,119,1,2910200.0
2401,1404,271,1,2670700.0
2402,1405,132,1,2750500.0
2403,1406,241,1,1081700.0
2404,1407,114,1,5349300.0
2405,1407,86,1,1423400.0
2406,1408,219,1,4599500.0
2407,1408,201,1,5823900.0
2408,1408,3,1,6476100.0
2409,1408,50,1,2957400.0
2410,1409,102,1,2316300.0
2411,1409,241,1,1068100.0
2412,1410,188,1,2252300.0
2413,1411,120,1,1549500.0
2414,1411,277,1,1468700.0
2415,1412,284,1,3735600.0
2416,1412,98,1,1334900.0
2417,1412,227,1,994200.0
2418,1412,278,1,1676600.0
2419,1413,166,1,4691000.0
2420,1414,119,1,2948300.0
2421,1415,267,1,771600.0
2422,1416,226,1,1781900.0
2423,1417,122,2,2585500.0
2424,1417,295,1,801700.0
2425,1417,208,2,2248600.0
2426,1417,161,1,1751300.0
2427,1418,206,1,675200.0
2428,1419,55,3,1729800.0
2429,1420,47,1,1315300.0
2430,1420,152,2,7270900.0
2431,1420,291,1,1736300.0
2432,1421,222,1,1531500.0
2433,1422,286,1,5363500.0
2434,1422,188,1,2257800.0
2435,1423,289,1,3680900.0
2436,1424,268,1,5758600.0
2437,1425,68,1,5579600.0
2438,1425,17,3,4655100.0
2439,1426,33,1,438300.0
2440,1427,299,1,528400.0
2441,1428,259,1,2224000.0
2442,1429,16,1,5095000.0
2443,1430,7,1,325200.0
2444,1430,130,1,2145000.0
2445,1430,131,1,9140200.0
2446,1431,181,1,8553200.0
2447,1432,280,1,3277400.0
2448,1432,179,1,3177600.0
2449,1433,162,1,6959400.0
2450,1434,147,1,1902800.0
2451,1435,199,1,1594000.0
2452,1436,158,1,1112200.0
2453,1436,268,1,5814800.0
2454,1437,152,1,7387200.0
2455,1437,23,1,5810300.0
2456,1438,18,1,1399300.0
2457,1439,174,1,1760700.0
2458,1439,77,1,5049100.0
2459,1439,5,1,4528000.0
2460,1440,64,1,369700.0
2461,1441,16,1,5234400.0
2462,1442,156,1,1116200.0
2463,1443,265,1,6424000.0
2464,1443,42,1,1532600.0
2465,1443,258,1,2500800.0
2466,1444,178,1,1861000.0
2467,1444,66,1,2340500.0
2468,1445,168,1,3972900.0
2469,1446,270,1,1899600.0
2470,1447,254,1,1644800.0
2471,1448,111,1,765000.0
2472,1448,200,1,708300.0
2473,1448,285,1,7715500.0
2474,1449,8,1,1141200.0
2475,1449,199,1,1574000.0
2476,1450,246,1,3271700.0
2477,1450,50,1,2867200.0
2478,1451,106,1,7536200.0
2479,1451,155,1,4422600.0
2480,1452,207,1,4726700.0
2481,1453,113,1,3831600.0
2482,1454,225,1,899100.0
2483,1454,8,1,1100900.0
2484,1455,236,1,6612900.0
2485,1456,80,1,4094500.0
2486,1456,62,2,6249300.0
2487,1456,93,1,373400.0
2488,1456,276,1,1340900.0
2489,1457,154,1,3094000.0
2490,1458,181,2,8395100.0
2491,1459,159,1,5197700.0
2492,1459,222,1,1566100.0
2493,1459,180,1,2549100.0
2494,1459,51,1,246600.0
2495,1460,297,2,3284400.0
2496,1460,180,1,2600500.0
2497,1461,210,1,9416100.0
2498,1462,287,1,3229200.0
2499,1463,279,1,896700.0
2500,1464,15,1,350100.0
2501,1465,39,1,3746600.0
2502,1466,10,1,3560300.0
2503,1466,160,1,1049700.0
2504,1467,119,1,2887700.0
2505,1468,261,1,5705900.0
2506,1469,228,1,2228500.0
2507,1470,256,1,3008400.0
2508,1470,106,1,7553800.0
2509,1470,94,1,569900.0
2510,1470,212,1,5209800.0
2511,1471,246,3,3219300.0
2512,1471,151,1,7634900.0
2513,1471,109,1,5729900.0
2514,1471,100,1,661200.0
2515,1472,299,1,543000.0
2516,1473,67,1,1364500.0
2517,1473,130,1,2056900.0
2518,1474,14,1,726400.0
2519,1475,207,1,4581400.0
2520,1476,15,1,352900.0
2521,1476,244,2,8495500.0
2522,1477,209,1,5298400.0
2523,1477,185,1,3159300.0
2524,1477,265,1,6532400.0
2525,1478,70,1,5488300.0
2526,1478,249,1,3491200.0
2527,1478,101,1,4209800.0
2528,1479,248,1,4847500.0
2529,1480,104,1,1575900.0
2530,1480,266,1,1884800.0
2531,1481,12,1,791700.0
2532,1481,177,1,3433400.0
2533,1481,94,1,562600.0
2534,1482,82,1,5259700.0
2535,1483,267,2,766600.0
2536,1483,153,1,861000.0
2537,1484,297,1,3151000.0
2538,1485,105,1,1800200.0
2539,1486,169,1,3637800.0
2540,1487,260,1,4016000.0
2541,1488,137,1,4757100.0
2542,1488,22,1,1090900.0
2543,1488,283,1,856300.0
2544,1489,28,1,1363700.0
2545,1489,64,1,382400.0
2546,1490,205,1,1627500.0
2547,1491,93,2,355200.0
2548,1491,238,1,5775300.0
2549,1491,107,1,4467600.0
2550,1492,20,1,2859900.0
2551,1493,29,1,2656000.0
2552,1493,178,1,1877100.0
2553,1494,168,1,3789900.0
2554,1494,122,1,2583100.0
2555,1495,186,1,1635600.0
2556,1496,169,1,3546300.0
2557,1497,59,1,1550000.0
2558,1498,228,2,2263100.0
2559,1499,69,1,2568000.0
2560,1500,146,1,521200.0
2561,1501,170,1,7633300.0
2562,1501,187,1,1593600.0
2563,1502,251,1,247800.0
2564,1503,80,2,4192400.0
2565,1504,104,1,1639700.0
2566,1504,142,1,5161000.0
2567,1505,63,3,7289300.0
2568,1505,218,1,1438400.0
2569,1506,298,1,3433200.0
2570,1507,82,1,5367600.0
2571,1507,48,1,846200.0
2572,1508,266,1,1839600.0
2573,1508,260,1,3946400.0
2574,1508,280,1,3379700.0
2575,1508,180,1,2492200.0
2576,1509,122,1,2645100.0
2577,1510,87,2,1827000.0
2578,1511,128,1,972200.0
2579,1512,208,1,2277100.0
2580,1512,223,1,7970000.0
2581,1513,168,1,3923100.0
2582,1514,132,1,2701500.0
2583,1515,101,1,4054800.0
2584,1515,143,1,5870600.0
2585,1516,276,1,1365600.0
2586,1516,94,1,572700.0
2587,1516,72,1,4743700.0
2588,1517,28,1,1355900.0
2589,1517,199,1,1564800.0
2590,1518,167,1,1926300.0
2591,1518,231,1,6557900.0
2592,1519,203,1,7852400.0
2593,1519,246,1,3256000.0
2594,1520,129,1,1358200.0
2595,1521,167,1,1917500.0
2596,1522,163,1,6987900.0
2597,1523,105,1,1780000.0
2598,1524,259,1,2142800.0
2599,1524,40,1,1010000.0
2600,1524,252,1,979600.0
2601,1525,180,1,2495300.0
2602,1525,220,1,2201000.0
2603,1526,21,1,4945400.0
2604,1527,229,1,386100.0
2605,1528,204,1,697200.0
2606,1529,77,1,5233900.0
2607,1530,4,1,973500.0
2608,1531,43,1,1496200.0
2609,1531,268,1,5688000.0
2610,1531,47,1,1370000.0
2611,1531,197,1,2769100.0
2612,1532,215,1,4045700.0
2613,1532,170,1,7898100.0
2614,1532,243,1,626500.0
2615,1532,29,1,2638300.0
2616,1533,156,1,1150300.0
2617,1533,36,1,957100.0
2618,1534,115,1,3967300.0
2619,1534,214,1,3658100.0
2620,1535,135,1,1564400.0
2621,1535,120,1,1512600.0
2622,1536,283,1,893600.0
2623,1536,115,1,4045700.0
2624,1537,49,1,1878500.0
2625,1538,194,1,711600.0
2626,1538,281,1,1778000.0
2627,1539,198,1,2497600.0
2628,1540,196,1,5502600.0
2629,1541,57,1,3760600.0
2630,1542,113,1,3720500.0
2631,1543,101,3,4140200.0
2632,1544,26,1,624600.0
2633,1544,44,1,443200.0
2634,1544,143,1,5632900.0
2635,1545,200,1,718200.0
2636,1545,289,1,3528800.0
2637,1546,145,1,1516100.0
2638,1546,272,1,3351600.0
2639,1547,58,1,485500.0
2640,1547,251,1,257500.0
2641,1548,275,1,4956400.0
2642,1549,195,1,5507100.0
2643,1550,123,1,2157200.0
2644,1551,245,1,2028200.0
2645,1551,192,1,1721400.0
2646,1552,101,1,4107900.0
2647,1553,172,2,6580500.0
2648,1554,248,1,4980900.0
2649,1555,40,1,1025300.0
2650,1556,192,1,1714100.0
2651,1557,3,1,6326000.0
2652,1557,267,1,797300.0
2653,1558,243,1,649700.0
2654,1558,134,1,4623300.0
2655,1558,99,1,1959500.0
2656,1559,126,2,1643600.0
2657,1559,190,1,1579400.0
2658,1559,230,1,1151200.0
2659,1560,211,1,386000.0
2660,1560,147,1,1880100.0
2661,1560,83,1,1601800.0
2662,1560,197,2,2794600.0
2663,1561,251,1,244200.0
2664,1562,175,1,1244800.0
2665,1562,133,1,894700.0
2666,1563,133,1,911800.0
2667,1564,173,1,2289000.0
2668,1565,72,1,4760100.0
2669,1565,266,1,1844400.0
2670,1566,31,1,5159800.0
2671,1567,82,1,5376600.0
2672,1567,293,1,466000.0
2673,1568,212,1,5036500.0
2674,1568,165,1,3430600.0
2675,1568,79,1,802900.0
2676,1569,187,1,1591200.0
2677,1570,53,2,347700.0
2678,1571,32,1,3182800.0
2679,1572,129,1,1421100.0
2680,1573,226,1,1822600.0
2681,1574,275,1,5111500.0
2682,1574,253,1,768400.0
2683,1575,27,1,1661400.0
2684,1576,237,1,497900.0
2685,1577,223,1,7861600.0
2686,1577,120,1,1508600.0
2687,1577,298,1,3492900.0
2688,1577,283,1,855800.0
2689,1578,21,1,5207300.0
2690,1578,141,1,2556000.0
2691,1579,297,1,3267600.0
2692,1579,96,1,2933600.0
2693,1580,286,1,5318700.0
2694,1581,280,2,3431800.0
2695,1582,190,1,1537000.0
2696,1583,182,2,4846100.0
2697,1583,57,2,3586800.0
2698,1584,6,1,1550100.0
2699,1584,172,1,6777300.0
2700,1585,239,3,1305400.0
2701,1585,21,2,5147400.0
2702,1586,292,1,1995600.0
2703,1586,118,1,2040500.0
2704,1587,255,1,4085100.0
2705,1588,172,1,6811400.0
2706,1589,191,1,4460000.0
2707,1590,69,1,2648500.0
2708,1591,6,1,1616500.0
2709,1591,108,1,7442800.0
2710,1592,24,1,3855100.0
2711,1593,234,1,452300.0
2712,1594,44,1,450700.0
2713,1595,112,1,4682300.0
2714,1595,257,1,5604700.0
2715,1595,246,1,3327000.0
2716,1596,164,1,1849200.0
2717,1596,175,1,1304100.0
2718,1597,207,1,4750200.0
2719,1597,160,1,1044400.0
2720,1597,21,1,5042400.0
2721,1597,127,1,969500.0
2722,1598,157,1,5210900.0
2723,1599,216,1,1734600.0
2724,1600,184,1,3878300.0
2725,1600,179,1,3239200.0
2726,1600,173,1,2260100.0
2727,1601,85,2,1262700.0
2728,1601,70,1,5313200.0
2729,1602,152,1,7192900.0
2730,1602,207,1,4678700.0
2731,1603,140,1,5129300.0
2732,1604,61,1,593300.0
2733,1605,193,1,9988200.0
2734,1606,30,1,4304200.0
2735,1606,134,2,4591700.0
2736,1607,63,1,7101900.0
2737,1607,54,1,1901700.0
2738,1607,99,1,1872000.0
2739,1608,244,1,8182800.0
2740,1608,30,1,4315500.0
2741,1608,12,1,790200.0
2742,1609,80,1,4152700.0
2743,1609,106,1,7688200.0
2744,1610,105,1,1766300.0
2745,1610,28,1,1356800.0
2746,1611,103,1,2888000.0
2747,1612,73,1,1122100.0
2748,1613,272,1,3472800.0
2749,1614,99,1,1902100.0
2750,1615,88,1,1100100.0
2751,1616,185,1,3232900.0
2752,1616,133,2,891500.0
2753,1617,126,1,1639800.0
2754,1617,18,1,1408800.0
2755,1618,187,1,1586800.0
2756,1619,131,1,8853200.0
2757,1620,114,1,5404700.0
2758,1620,73,1,1084800.0
2759,1620,130,1,2147000.0
2760,1620,240,1,1615500.0
2761,1621,261,1,5604600.0
2762,1621,272,1,3455500.0
2763,1622,157,1,5205200.0
2764,1623,148,1,4275900.0
2765,1624,83,1,1650700.0
2766,1624,110,1,1679800.0
2767,1624,107,1,4657400.0
2768,1625,259,1,2111900.0
2769,1626,183,1,4038700.0
2770,1626,87,2,1822000.0
2771,1627,118,1,2070700.0
2772,1628,177,1,3315000.0
2773,1628,62,1,6097400.0
2774,1629,35,1,1548800.0
2775,1629,185,1,3112100.0
2776,1629,183,1,3951500.0
2777,1630,117,2,1792400.0
2778,1630,54,2,1970400.0
2779,1631,14,1,715300.0
2780,1631,270,1,1860600.0
2781,1632,268,1,5961900.0
2782,1632,300,1,2203800.0
2783,1633,265,2,6463100.0
2784,1633,238,1,5713500.0
2785,1634,144,1,3767700.0
2786,1635,174,1,1726700.0
2787,1635,3,1,6330000.0
2788,1636,220,2,2172900.0
2789,1637,24,2,3820800.0
2790,1637,133,1,893000.0
2791,1638,132,2,2674700.0
2792,1639,273,1,4531500.0
2793,1639,162,1,6705700.0
2794,1639,229,1,388400.0
2795,1640,163,1,6957000.0
2796,1641,133,2,925100.0
2797,1642,261,1,5640300.0
2798,1643,113,1,3767200.0
2799,1643,82,1,5341300.0
2800,1644,260,1,3941800.0
2801,1645,1,2,854300.0
2802,1645,171,1,1614000.0
2803,1646,65,1,6832100.0
2804,1646,264,1,1315600.0
2805,1647,51,1,246100.0
2806,1647,143,3,5867100.0
2807,1647,123,1,2139800.0
2808,1648,196,1,5736900.0
2809,1648,123,1,2243500.0
2810,1649,63,1,7008600.0
2811,1650,258,1,2400700.0
2812,1651,269,1,2047200.0
2813,1651,82,1,5330100.0
2814,1652,215,2,4022100.0
2815,1652,233,1,1533800.0
2816,1653,51,1,250400.0
2817,1653,206,1,668800.0
2818,1654,288,1,1236400.0
2819,1655,148,1,4194900.0
2820,1656,284,1,3676700.0
2821,1657,246,1,3220100.0
2822,1658,279,1,941300.0
2823,1659,11,1,7964200.0
2824,1660,39,1,3708300.0
2825,1661,280,1,3360600.0
2826,1661,103,2,2885800.0
2827,1662,276,1,1322500.0
2828,1663,299,1,541200.0
2829,1663,57,1,3638900.0
2830,1664,275,1,4997500.0
2831,1664,146,1,521100.0
2832,1665,68,1,5301900.0
2833,1665,254,1,1636500.0
2834,1665,40,1,1050600.0
2835,1666,188,1,2262300.0
2836,1666,39,1,3779000.0
2837,1667,121,1,1288400.0
2838,1668,142,1,5162300.0
2839,1669,98,1,1355700.0
2840,1670,290,1,1269100.0
2841,1670,239,1,1351900.0
2842,1670,13,1,1177600.0
2843,1671,113,1,3800500.0
2844,1672,240,2,1586900.0
2845,1673,137,1,4795200.0
2846,1674,224,1,1622200.0
2847,1674,81,1,1357800.0
2848,1675,23,1,5955900.0
2849,1676,45,2,6335100.0
2850,1677,46,1,5242700.0
2851,1678,289,1,3551000.0
2852,1678,215,1,4088400.0
2853,1679,164,1,1860100.0
2854,1680,277,1,1421200.0
2855,1681,229,1,373700.0
2856,1682,141,1,2515000.0
2857,1683,172,1,6873200.0
2858,1683,152,1,7202300.0
2859,1684,184,1,3856900.0
2860,1684,290,1,1280000.0
2861,1685,72,1,4656400.0
2862,1686,233,1,1495200.0
2863,1686,67,1,1340400.0
2864,1687,80,1,3988400.0
2865,1687,92,1,5414700.0
2866,1688,157,1,5250700.0
2867,1689,280,1,3456200.0
2868,1690,80,1,4050500.0
2869,1691,159,1,5391000.0
2870,1691,108,1,7557300.0
2871,1691,266,1,1873600.0
2872,1691,210,1,9219700.0
2873,1692,74,1,973700.0
2874,1692,168,1,3983600.0
2875,1692,230,1,1207600.0
2876,1693,124,1,964000.0
2877,1693,130,2,2087600.0
2878,1694,198,1,2532500.0
2879,1694,267,2,790600.0
2880,1695,166,1,4700400.0
2881,1695,214,1,3715200.0
2882,1695,45,1,6281000.0
2883,1695,118,1,2016900.0
2884,1696,105,2,1791900.0
2885,1696,253,1,779300.0
2886,1697,188,1,2178500.0
2887,1698,35,1,1594200.0
2888,1698,150,1,2076200.0
2889,1699,126,1,1657000.0
2890,1699,51,1,245500.0
2891,1700,238,1,5731300.0
2892,1700,193,1,10016300.0
2893,1701,161,1,1749300.0
2894,1701,146,1,548400.0
2895,1701,253,1,783200.0
2896,1702,267,1,787300.0
2897,1702,5,1,4553900.0
2898,1703,110,1,1695800.0
2899,1703,92,1,5401000.0
2900,1703,136,1,657900.0
2901,1704,289,1,3559000.0
2902,1705,259,1,2199200.0
2903,1706,132,1,2673200.0
2904,1707,12,1,815100.0
2905,1708,166,1,4623900.0
2906,1709,252,1,953300.0
2907,1710,119,1,2857300.0
2908,1710,165,1,3320500.0
2909,1710,168,1,3913500.0
2910,1711,67,1,1396100.0
2911,1711,6,1,1544600.0
2912,1711,185,1,3246600.0
2913,1712,33,1,427400.0
2914,1713,226,2,1795300.0
2915,1713,291,2,1799300.0
2916,1713,224,1,1625900.0
2917,1714,127,1,974600.0
2918,1715,37,1,945500.0
2919,1716,248,1,4952600.0
2920,1717,259,1,2152600.0
2921,1718,138,1,5311300.0
2922,1719,242,1,722100.0
2923,1719,9,1,4689000.0
2924,1720,233,1,1509600.0
2925,1721,86,1,1419200.0
2926,1722,139,1,4590000.0
2927,1723,213,1,4997900.0
2928,1724,61,1,608000.0
2929,1725,136,1,655200.0
2930,1725,151,1,7778600.0
2931,1725,291,1,1788800.0
2932,1726,209,1,5285300.0
2933,1727,105,1,1797100.0
2934,1728,238,1,5489900.0
2935,1729,239,1,1333700.0
2936,1730,245,1,2071000.0
2937,1731,218,1,1485400.0
2938,1732,76,2,2234500.0
2939,1732,33,1,416400.0
2940,1732,266,1,1884600.0
2941,1733,72,1,4553600.0
2942,1734,262,2,1068900.0
2943,1734,117,1,1736100.0
2944,1734,69,1,2594100.0
2945,1734,58,1,488700.0
2946,1735,17,2,4670400.0
2947,1736,274,1,1871700.0
2948,1736,217,1,1940400.0
2949,1737,258,1,2421200.0
2950,1737,88,1,1129600.0
2951,1737,118,1,2028500.0
2952,1738,112,1,4868700.0
2953,1739,14,1,714800.0
2954,1740,202,1,3065400.0
2955,1741,160,1,1032000.0
2956,1742,192,1,1694000.0
2957,1743,115,1,4116100.0
2958,1744,235,1,4409100.0
2959,1745,220,1,2186800.0
2960,1745,168,1,3880100.0
2961,1746,31,1,5341600.0
2962,1747,175,1,1256400.0
2963,1747,36,2,966100.0
2964,1748,86,1,1410900.0
2965,1749,254,1,1590500.0
2966,1750,34,1,366800.0
2967,1750,247,2,1119400.0
2968,1750,44,1,431400.0
2969,1750,197,1,2686400.0
2970,1751,45,2,6238300.0
2971,1751,114,1,5443200.0
2972,1751,242,1,708600.0
2973,1752,194,1,707500.0
2974,1752,160,1,1029800.0
2975,1752,183,2,3846600.0
2976,1752,179,1,3224900.0
2977,1753,26,1,634500.0
2978,1754,173,1,2203300.0
2979,1755,153,1,855800.0
2980,1755,157,2,5275300.0
2981,1755,260,2,3992200.0
2982,1755,245,1,2108500.0
2983,1756,87,1,1725700.0
2984,1756,177,1,3447700.0
2985,1757,287,1,3205000.0
2986,1758,299,1,538700.0
2987,1759,133,1,892200.0
2988,1760,241,1,1088700.0
2989,1761,176,2,2732000.0
2990,1762,254,1,1658700.0
2991,1762,124,1,928800.0
2992,1763,138,1,5238300.0
2993,1764,182,1,4766200.0
2994,1765,214,1,3717500.0
2995,1765,42,1,1559600.0
2996,1765,216,1,1778400.0
2997,1766,60,1,618500.0
2998,1766,37,1,937000.0
2999,1767,220,1,2277000.0
3000,1767,291,1,1813000.0
3001,1767,231,1,6477100.0
3002,1768,115,1,4028700.0
3003,1768,30,1,4429200.0
3004,1769,69,1,2640000.0
3005,1769,248,1,4847600.0
3006,1769,145,1,1548600.0
3007,1770,116,1,4397600.0
3008,1770,199,1,1520100.0
3009,1771,159,1,5209100.0
3010,1771,34,1,383000.0
3011,1772,228,1,2301100.0
3012,1773,78,1,6268300.0
3013,1774,288,1,1284900.0
3014,1774,172,1,6603100.0
3015,1775,218,1,1454800.0
3016,1775,198,1,2482800.0
3017,1776,6,1,1617900.0
3018,1777,112,1,4856900.0
3019,1778,169,1,3563500.0
3020,1778,213,1,5196900.0
3021,1778,232,1,748000.0
3022,1778,51,1,246300.0
3023,1779,257,1,5643300.0
3024,1779,183,2,3876300.0
3025,1780,295,1,796800.0
3026,1781,199,1,1580000.0
3027,1781,56,1,1312500.0
3028,1782,132,1,2737200.0
3029,1782,164,2,1899200.0
3030,1783,47,1,1363600.0
3031,1783,189,1,2241700.0
3032,1784,16,1,5241700.0
3033,1784,213,1,5015600.0
3034,1785,110,2,1656800.0
3035,1785,282,1,308700.0
3036,1785,52,1,3335200.0
3037,1786,193,1,9819100.0
3038,1787,209,1,5212900.0
3039,1787,251,1,245900.0
3040,1787,245,1,2035900.0
3041,1788,26,1,626500.0
3042,1789,217,1,1952400.0
3043,1789,215,1,4028200.0
3044,1790,240,1,1570900.0
3045,1791,119,1,3003600.0
3046,1791,159,1,5188500.0
3047,1791,255,1,4270700.0
3048,1792,113,1,3765600.0
3049,1793,22,1,1098400.0
3050,1793,101,1,4089600.0
3051,1793,181,1,8491200.0
3052,1794,72,1,4696500.0
3053,1794,127,1,993500.0
3054,1795,37,1,970600.0
3055,1796,100,1,632700.0
3056,1797,196,1,5556500.0
3057,1798,261,1,5662000.0
3058,1798,213,1,5201100.0
3059,1799,80,1,4191700.0
3060,1800,108,1,7374700.0
3061,1800,214,1,3633600.0
3062,1800,7,1,314900.0
3063,1801,213,1,5024400.0
3064,1802,153,2,867100.0
3065,1802,266,1,1910400.0
3066,1802,273,2,4669000.0
3067,1802,75,1,1430400.0
3068,1803,177,1,3379800.0
3069,1804,104,1,1647900.0
3070,1804,259,1,2124800.0
3071,1805,177,1,3425700.0
3072,1806,174,1,1756100.0
3073,1807,138,1,5255300.0
3074,1807,75,1,1485600.0
3075,1808,111,1,772200.0
3076,1808,241,3,1080400.0
3077,1808,13,1,1167000.0
3078,1808,108,1,7341500.0
3079,1809,90,1,2343200.0
3080,1809,115,1,4135100.0
3081,1810,141,1,2461700.0
3082,1811,27,1,1602600.0
3083,1811,119,1,3015900.0
3084,1812,280,2,3341400.0
3085,1813,269,1,2082100.0
3086,1814,276,1,1348500.0
3087,1814,90,1,2314500.0
3088,1815,284,1,3677000.0
3089,1816,146,1,538600.0
3090,1817,32,1,3161700.0
3091,1817,51,1,254100.0
3092,1817,199,2,1567700.0
3093,1818,194,1,696400.0
3094,1818,78,1,6215800.0
3095,1818,84,1,723900.0
3096,1819,152,1,7192300.0
3097,1819,215,1,3986800.0
3098,1819,10,1,3489100.0
3099,1820,164,2,1900400.0
3100,1821,269,1,2021000.0
3101,1822,265,1,6484300.0
3102,1823,114,1,5472700.0
3103,1824,283,1,861100.0
3104,1825,25,1,2298600.0
3105,1825,261,1,5551600.0
3106,1826,30,2,4280400.0
3107,1826,245,1,2061200.0
3108,1826,117,1,1791200.0
3109,1827,118,1,1985500.0
3110,1828,288,1,1291600.0
3111,1829,24,1,3791600.0
3112,1829,264,2,1326200.0
3113,1830,250,1,1248400.0
3114,1831,6,1,1559900.0
3115,1831,16,1,5343400.0
3116,1831,103,1,2929800.0
3117,1832,227,1,992800.0
3118,1832,70,1,5579400.0
3119,1832,113,1,3779800.0
3120,1833,68,1,5284600.0
3121,1833,274,1,1792500.0
3122,1833,300,1,2224600.0
3123,1834,27,1,1619600.0
3124,1834,112,1,4791700.0
3125,1834,51,1,251800.0
3126,1835,118,1,2026400.0
3127,1835,113,2,3774500.0
3128,1835,6,1,1595800.0
3129,1836,122,1,2539900.0
3130,1836,149,1,1170100.0
3131,1836,16,1,5208600.0
3132,1837,235,1,4395300.0
3133,1837,274,2,1802100.0
3134,1837,35,1,1580800.0
3135,1837,159,1,5145300.0
3136,1838,298,1,3482800.0
3137,1838,50,1,2846800.0
3138,1838,27,1,1674400.0
3139,1839,260,1,3966600.0
3140,1840,61,1,607200.0
3141,1840,17,1,4645200.0
3142,1841,74,1,999000.0
3143,1842,14,1,721800.0
3144,1842,272,1,3456200.0
3145,1842,150,1,2101400.0
3146,1843,290,1,1286300.0
3147,1844,2,1,6080600.0
3148,1844,3,1,6371500.0
3149,1845,249,1,3501800.0
3150,1845,82,1,5343500.0
3151,1845,300,1,2270800.0
3152,1845,211,1,377500.0
3153,1846,246,1,3218700.0
3154,1846,100,1,641300.0
3155,1847,166,1,4825200.0
3156,1847,97,1,3758800.0
3157,1847,74,1,991500.0
3158,1848,81,1,1385100.0
3159,1849,1,1,821700.0
3160,1849,225,1,941900.0
3161,1850,152,3,7199300.0
3162,1850,92,1,5360300.0
3163,1851,225,1,904800.0
3164,1851,18,2,1405600.0
3165,1851,74,2,978000.0
3166,1852,263,2,1156900.0
3167,1852,81,1,1358400.0
3168,1853,16,1,5337600.0
3169,1854,166,1,4624400.0
3170,1855,86,2,1448900.0
3171,1856,17,1,4553800.0
3172,1856,171,1,1594100.0
3173,1856,232,1,788200.0
3174,1856,115,1,4002400.0
3175,1857,188,1,2306300.0
3176,1857,255,1,4265000.0
3177,1858,280,2,3332900.0
3178,1858,223,1,7845100.0
3179,1858,89,1,6674100.0
3180,1859,229,1,387000.0
3181,1859,186,1,1622700.0
3182,1859,39,1,3833900.0
3183,1859,300,1,2197500.0
3184,1860,82,1,5481500.0
3185,1861,172,1,6904400.0
3186,1862,56,1,1313400.0
3187,1863,284,1,3783300.0
3188,1863,62,1,6273700.0
3189,1863,70,1,5539400.0
3190,1864,261,1,5604700.0
3191,1864,22,1,1061600.0
3192,1865,114,1,5434600.0
3193,1865,175,1,1286000.0
3194,1865,266,1,1857500.0
3195,1866,149,2,1203100.0
3196,1867,98,1,1340400.0
3197,1868,1,1,850000.0
3198,1868,126,1,1654600.0
3199,1869,147,2,1914000.0
3200,1870,21,1,4985800.0
3201,1871,139,1,4830600.0
3202,1872,186,1,1643100.0
3203,1872,251,1,254000.0
3204,1873,143,1,5829900.0
3205,1874,197,1,2738300.0
3206,1875,90,1,2271500.0
3207,1876,69,1,2502400.0
3208,1877,198,1,2476200.0
3209,1878,112,1,4728500.0
3210,1879,250,2,1263500.0
3211,1880,129,1,1382100.0
3212,1881,114,1,5463300.0
3213,1881,97,1,3692200.0
3214,1882,234,1,467200.0
3215,1882,130,1,2159800.0
3216,1883,117,1,1815100.0
3217,1883,194,1,704000.0
3218,1883,98,1,1368600.0
3219,1883,272,1,3507600.0
3220,1884,160,1,1017800.0
3221,1884,229,1,383100.0
3222,1885,163,1,7056300.0
3223,1885,159,1,5264300.0
3224,1885,209,2,5260300.0
3225,1885,42,2,1529400.0
3226,1886,149,2,1176900.0
3227,1886,168,1,3780600.0
3228,1887,110,1,1698300.0
3229,1888,246,1,3169900.0
3230,1888,284,1,3697900.0
3231,1889,203,1,7881100.0
3232,1889,94,1,558200.0
3233,1890,1,1,845300.0
3234,1891,202,1,3105000.0
3235,1892,33,1,437400.0
3236,1892,93,1,371100.0
3237,1893,67,1,1374100.0
3238,1893,199,1,1580900.0
3239,1893,172,1,6862700.0
3240,1894,262,2,1091900.0
3241,1894,16,2,5374900.0
3242,1895,140,1,5271400.0
3243,1895,243,1,635300.0
3244,1895,78,1,6240800.0
3245,1896,101,1,4260500.0
3246,1897,6,1,1578900.0
3247,1898,213,1,5238300.0
3248,1899,294,1,3244000.0
3249,1900,173,1,2333100.0
3250,1901,40,1,1008500.0
3251,1902,101,1,4107100.0
3252,1902,244,1,8518500.0
3253,1902,127,1,980800.0
3254,1903,300,1,2176100.0
3255,1904,245,1,2014500.0
3256,1904,5,1,4505100.0
3257,1904,26,2,621800.0
3258,1904,66,1,2333300.0
3259,1905,70,1,5624800.0
3260,1906,187,1,1554700.0
3261,1906,173,1,2249100.0
3262,1907,78,1,6505400.0
3263,1907,76,1,2278100.0
3264,1908,210,1,9556600.0
3265,1909,267,1,797200.0
3266,1910,159,1,5410800.0
3267,1911,285,1,8032100.0
3268,1911,216,1,1786700.0
3269,1911,250,1,1260100.0
3270,1912,113,1,3905900.0
3271,1913,221,1,2437800.0
3272,1913,88,1,1110300.0
3273,1913,258,1,2405600.0
3274,1914,2,1,5865600.0
3275,1915,231,2,6411900.0
3276,1915,121,1,1254700.0
3277,1916,224,1,1599500.0
3278,1917,186,1,1614000.0
3279,1918,290,1,1274400.0
3280,1919,228,1,2329200.0
3281,1920,276,1,1367400.0
3282,1920,114,1,5473500.0
3283,1920,65,2,6668500.0
3284,1921,293,1,483800.0
3285,1921,115,1,3940400.0
3286,1922,173,1,2317700.0
3287,1922,122,1,2610300.0
3288,1923,62,1,6270200.0
3289,1924,244,1,8527100.0
3290,1924,98,1,1375300.0
3291,1925,167,2,1963100.0
3292,1926,14,1,693000.0
3293,1927,198,1,2441200.0
3294,1928,227,1,968700.0
3295,1928,85,1,1268600.0
3296,1928,143,1,5888900.0
3297,1929,187,1,1571900.0
3298,1929,101,1,4052200.0
3299,1930,24,1,3883200.0
3300,1931,267,2,772300.0
3301,1932,124,1,964600.0
3302,1933,257,2,5544600.0
3303,1933,105,2,1782700.0
3304,1934,180,1,2546200.0
3305,1935,182,1,4696800.0
3306,1935,7,1,325100.0
3307,1936,176,1,2659900.0
3308,1937,190,1,1549000.0
3309,1938,59,1,1506800.0
3310,1938,45,1,6200000.0
3311,1939,283,1,895100.0
3312,1940,197,1,2766800.0
3313,1941,116,1,4298800.0
3314,1941,202,1,3135500.0
3315,1941,109,1,5773000.0
3316,1942,95,1,1157500.0
3317,1942,134,1,4545600.0
3318,1943,281,1,1789900.0
3319,1944,57,1,3708200.0
3320,1944,225,2,899300.0
3321,1945,280,1,3389900.0
3322,1946,79,1,799500.0
3323,1947,300,1,2256100.0
3324,1947,182,2,4784800.0
3325,1947,256,1,2936900.0
3326,1948,49,1,1827700.0
3327,1948,218,1,1502800.0
3328,1949,221,1,2443900.0
3329,1950,294,1,3257500.0
3330,1950,59,1,1524000.0
3331,1951,167,1,1872100.0
3332,1951,85,1,1234600.0
3333,1952,88,1,1106400.0
3334,1953,221,1,2336500.0
3335,1953,79,1,794200.0
3336,1954,73,1,1100100.0
3337,1954,247,2,1104000.0
3338,1955,17,1,4543000.0
3339,1956,65,2,6710900.0
3340,1956,230,1,1207600.0
3341,1956,229,1,378700.0
3342,1957,295,1,806800.0
3343,1957,149,1,1150100.0
3344,1958,170,1,7801000.0
3345,1959,8,1,1100300.0
3346,1960,263,1,1182200.0
3347,1960,9,1,4469100.0
3348,1961,188,1,2224900.0
3349,1961,100,1,654600.0
3350,1962,12,1,783400.0
3351,1962,194,1,689300.0
3352,1963,254,1,1635000.0
3353,1964,126,1,1652900.0
3354,1964,173,1,2270800.0
3355,1965,245,1,2010500.0
3356,1966,84,1,712100.0
3357,1967,10,1,3360700.0
3358,1968,247,1,1135600.0
3359,1968,4,2,981500.0
3360,1969,237,1,497300.0
3361,1970,20,1,2843100.0
3362,1971,185,1,3087700.0
3363,1971,138,1,5334400.0
3364,1972,185,1,3250900.0
3365,1972,188,1,2249700.0
3366,1972,9,1,4469700.0
3367,1973,40,1,1052100.0
3368,1974,298,1,3354300.0
3369,1974,216,1,1776800.0
3370,1975,197,1,2672700.0
3371,1975,28,2,1412000.0
3372,1976,54,1,1923000.0
3373,1977,294,1,3095500.0
3374,1977,186,1,1591300.0
3375,1978,189,1,2279600.0
3376,1979,193,3,9568800.0
3377,1979,246,1,3283100.0
3378,1980,242,1,698500.0
3379,1981,268,1,5939400.0
3380,1982,59,1,1497000.0
3381,1983,105,1,1825800.0
3382,1984,28,1,1417900.0
3383,1984,278,1,1582700.0
3384,1984,181,1,8847800.0
3385,1985,232,1,784600.0
3386,1985,110,1,1693400.0
3387,1986,133,1,875800.0
3388,1986,7,1,322200.0
3389,1986,16,1,5165800.0
3390,1987,144,1,3890900.0
3391,1988,271,1,2646400.0
3392,1989,266,1,1942700.0
3393,1990,254,1,1601400.0
3394,1991,148,1,4233100.0
3395,1992,7,1,326000.0
3396,1992,255,1,4150800.0
3397,1993,55,1,1673300.0
3398,1994,241,1,1099000.0
3399,1995,248,1,5105000.0
3400,1995,164,1,1827600.0
3401,1996,184,1,3799400.0
3402,1996,87,1,1821100.0
3403,1997,204,2,721100.0
3404,1998,196,1,5664700.0
3405,1999,63,1,7167700.0
3406,2000,169,1,3596900.0
3407,2001,48,1,871000.0
3408,2001,98,1,1343900.0
3409,2001,143,1,5678100.0
3410,2001,90,1,2274800.0
3411,2002,134,1,4498600.0
3412,2002,58,1,495900.0
3413,2002,190,1,1510600.0
3414,2003,295,1,812900.0
3415,2003,187,1,1586600.0
3416,2003,184,1,3885700.0
3417,2004,217,1,1937900.0
3418,2004,37,1,932200.0
3419,2005,23,1,5728400.0
3420,2006,88,2,1135600.0
3421,2007,54,1,1870000.0
3422,2008,284,1,3751900.0
3423,2009,155,1,4530700.0
3424,2009,139,1,4558300.0
3425,2009,279,1,902100.0
3426,2010,157,1,5072600.0
3427,2011,136,1,660500.0
3428,2011,283,1,874700.0
3429,2011,52,1,3296300.0
3430,2012,264,1,1344700.0
3431,2012,249,1,3530100.0
3432,2012,182,1,4887600.0
3433,2012,113,2,3769100.0
3434,2013,110,1,1698500.0
3435,2013,120,2,1565100.0
3436,2014,131,1,9103200.0
3437,2014,30,2,4247300.0
3438,2014,118,2,2009900.0
3439,2015,190,1,1510100.0
3440,2016,185,1,3251400.0
3441,2017,226,1,1822700.0
3442,2017,62,2,6266700.0
3443,2018,165,1,3484600.0
3444,2019,276,1,1338200.0
3445,2019,41,1,3342500.0
3446,2020,167,1,1964300.0
3447,2020,215,1,4094800.0
3448,2021,132,1,2616800.0
3449,2022,222,1,1533900.0
3450,2023,271,1,2657100.0
3451,2024,145,1,1473600.0
3452,2025,260,1,4017100.0
3453,2026,12,1,788000.0
3454,2027,199,1,1596500.0
3455,2027,97,1,3671300.0
3456,2028,193,1,9834800.0
3457,2029,93,1,369100.0
3458,2029,129,1,1385400.0
3459,2029,158,1,1116000.0
3460,2030,81,1,1334700.0
3461,2030,297,1,3280400.0
3462,2030,235,1,4406200.0
3463,2031,131,1,9196000.0
3464,2031,208,1,2341600.0
3465,2031,121,1,1277800.0
3466,2032,215,1,4019000.0
3467,2032,131,1,9054000.0
3468,2033,293,1,480500.0
3469,2033,229,1,382900.0
3470,2033,157,1,4994600.0
3471,2034,108,1,7351200.0
3472,2035,224,1,1604000.0
3473,2035,109,1,5932400.0
3474,2035,213,1,5091800.0
3475,2036,187,3,1610700.0
3476,2037,276,1,1328300.0
3477,2037,165,1,3487600.0
3478,2038,210,1,9416400.0
3479,2038,108,2,7161800.0
3480,2038,124,2,933600.0
3481,2039,74,1,983600.0
3482,2039,244,1,8338000.0
3483,2040,277,1,1457100.0
3484,2041,147,1,1848800.0
3485,2041,101,2,4165700.0
3486,2042,143,1,5742400.0
3487,2043,89,1,6686400.0
3488,2043,176,1,2710200.0
3489,2044,33,1,434600.0
3490,2045,90,1,2278100.0
3491,2046,90,1,2297600.0
3492,2046,294,1,3128300.0
3493,2047,179,1,3078900.0
3494,2048,294,2,3136300.0
3495,2049,246,1,3261000.0
3496,2050,41,3,3421400.0
3497,2051,75,1,1477500.0
3498,2051,143,1,5863800.0
3499,2052,262,1,1099300.0
3500,2053,276,1,1351700.0
3501,2054,145,1,1468200.0
3502,2054,52,1,3197100.0
3503,2054,163,1,6870500.0
3504,2055,234,2,453600.0
3505,2055,29,1,2694600.0
3506,2056,16,1,5226000.0
3507,2056,59,1,1513700.0
3508,2057,231,1,6619500.0
3509,2058,247,1,1114300.0
3510,2059,81,2,1342000.0
3511,2059,82,1,5304800.0
3512,2059,134,1,4562100.0
3513,2059,8,1,1106900.0
3514,2060,33,1,433500.0
3515,2061,168,1,3987900.0
3516,2061,209,1,5319600.0
3517,2062,171,1,1585200.0
3518,2062,193,1,9635800.0
3519,2062,77,1,5211100.0
3520,2063,133,1,911900.0
3521,2064,11,1,8257800.0
3522,2064,39,1,3725600.0
3523,2064,291,1,1775000.0
3524,2064,256,1,2906700.0
3525,2065,134,1,4508900.0
3526,2065,75,1,1466700.0
3527,2066,91,1,677400.0
3528,2066,211,2,377300.0
3529,2067,41,1,3313900.0
3530,2067,225,1,936900.0
3531,2068,25,1,2280900.0
3532,2068,161,1,1718700.0
3533,2069,3,1,6270700.0
3534,2069,230,1,1171500.0
3535,2069,243,1,621800.0
3536,2070,91,1,654700.0
3537,2070,284,1,3725700.0
3538,2071,217,2,1974900.0
3539,2072,239,1,1356600.0
3540,2072,201,2,5820700.0
3541,2073,277,1,1473200.0
3542,2073,20,1,2755200.0
3543,2073,77,1,5145600.0
3544,2074,55,1,1731200.0
3545,2074,163,1,6941600.0
3546,2074,64,1,389900.0
3547,2075,193,2,10009700.0
3548,2075,263,1,1166300.0
3549,2075,250,1,1271300.0
3550,2075,97,1,3885300.0
3551,2076,287,2,3348000.0
3552,2076,255,1,4080800.0
3553,2077,124,1,957200.0
3554,2078,1,1,856400.0
3555,2078,274,1,1861700.0
3556,2079,27,1,1586400.0
3557,2079,162,1,6735200.0
3558,2079,284,1,3797100.0
3559,2080,26,1,627600.0
3560,2080,61,2,609200.0
3561,2081,167,1,1902800.0
3562,2082,60,1,614100.0
3563,2082,97,1,3760500.0
3564,2082,169,1,3634100.0
3565,2083,137,1,4602900.0
3566,2084,141,1,2506500.0
3567,2084,192,2,1699700.0
3568,2084,35,1,1552800.0
3569,2085,104,1,1642500.0
3570,2086,42,1,1546000.0
3571,2087,36,1,967400.0
3572,2088,162,1,6855600.0
3573,2088,144,1,3801200.0
3574,2089,297,1,3292600.0
3575,2089,246,1,3269900.0
3576,2090,292,1,1984900.0
3577,2091,223,2,7977500.0
3578,2092,219,1,4598300.0
3579,2092,104,1,1648200.0
3580,2093,298,1,3390800.0
3581,2094,212,1,5123200.0
3582,2095,205,1,1621600.0
3583,2095,259,1,2102100.0
3584,2095,269,1,1998800.0
3585,2096,147,1,1912600.0
3586,2097,3,2,6334000.0
3587,2097,280,1,3320800.0
3588,2098,235,1,4217700.0
3589,2098,70,1,5626400.0
3590,2098,199,1,1558300.0
3591,2099,114,1,5456200.0
3592,2099,13,1,1163600.0
3593,2100,271,1,2752900.0
3594,2100,255,1,4267100.0
3595,2100,12,1,828400.0
3596,2101,199,1,1574300.0
3597,2101,71,1,7266600.0
3598,2102,210,1,9326800.0
3599,2102,223,1,8212100.0
3600,2103,72,1,4733100.0
3601,2103,60,1,601600.0
3602,2103,249,2,3608500.0
3603,2103,262,1,1082100.0
3604,2104,216,1,1762500.0
3605,2105,286,1,5385500.0
3606,2105,209,1,5383400.0
3607,2105,276,1,1355700.0
3608,2106,289,1,3589100.0
3609,2107,41,1,3473400.0
3610,2108,40,1,1031300.0
3611,2109,4,1,973500.0
3612,2109,25,1,2281900.0
3613,2109,55,1,1735600.0
3614,2110,252,1,1003200.0
3615,2111,260,2,3967500.0
3616,2112,205,1,1540700.0
3617,2112,292,1,1968500.0
3618,2113,18,2,1406500.0
3619,2114,221,1,2436300.0
3620,2115,261,1,5707700.0
3621,2116,96,1,2890800.0
3622,2116,31,1,5205200.0
3623,2117,119,1,2971100.0
3624,2118,75,1,1460300.0
3625,2118,159,1,5403600.0
3626,2119,247,1,1122800.0
3627,2119,77,1,5013000.0
3628,2120,227,1,1007600.0
3629,2120,287,1,3220600.0
3630,2121,179,2,3151600.0
3631,2122,46,1,5277100.0
3632,2122,186,1,1612400.0
3633,2123,141,1,2496700.0
3634,2123,29,1,2746400.0
3635,2123,240,1,1660000.0
3636,2124,242,3,714800.0
3637,2124,108,1,7389700.0
3638,2125,132,1,2683300.0
3639,2126,190,2,1572500.0
3640,2127,104,1,1596600.0
3641,2127,67,1,1397500.0
3642,2128,226,1,1806700.0
3643,2128,265,1,6799300.0
3644,2129,280,1,3465800.0
3645,2130,181,1,8655000.0
3646,2131,170,1,7591500.0
3647,2132,33,1,426200.0
3648,2133,158,1,1109800.0
3649,2134,28,1,1408400.0
3650,2134,216,1,1756600.0
3651,2134,99,1,1964800.0
3652,2135,255,1,4075600.0
3653,2135,147,2,1919900.0
3654,2135,198,1,2421000.0
3655,2136,99,1,1897900.0
3656,2137,197,1,2747400.0
3657,2137,91,1,643100.0
3658,2138,170,1,7707100.0
3659,2139,273,1,4546700.0
3660,2140,236,1,6836500.0
3661,2140,193,1,9568900.0
3662,2141,190,1,1565200.0
3663,2142,31,1,5239600.0
3664,2143,160,1,1053800.0
3665,2144,165,1,3463500.0
3666,2144,105,1,1791200.0
3667,2145,181,1,8591500.0
3668,2146,30,1,4275800.0
3669,2146,170,1,7888600.0
3670,2146,296,1,7623100.0
3671,2147,25,1,2247800.0
3672,2147,282,1,313900.0
3673,2148,289,1,3690900.0
3674,2149,130,2,2059100.0
3675,2150,182,1,4928700.0
3676,2150,9,1,4685200.0
3677,2151,275,1,5000300.0
3678,2152,41,1,3370900.0
3679,2153,44,1,443300.0
3680,2153,115,1,3968100.0
3681,2153,61,1,605200.0
3682,2153,33,1,438400.0
3683,2154,34,1,378300.0
3684,2154,169,1,3684400.0
3685,2155,28,1,1385800.0
3686,2155,11,1,8151000.0
3687,2155,257,1,5576900.0
3688,2156,239,1,1355600.0
3689,2157,6,1,1587100.0
3690,2158,188,1,2282600.0
3691,2159,240,1,1661900.0
3692,2159,215,1,4047600.0
3693,2160,207,1,4702400.0
3694,2160,119,1,2881300.0
3695,2160,109,2,5828800.0
3696,2161,185,1,3208700.0
3697,2161,190,1,1578600.0
3698,2162,190,1,1556300.0
3699,2162,53,1,361700.0
3700,2163,237,1,498800.0
3701,2164,248,1,4911100.0
3702,2164,295,1,804000.0
3703,2165,23,1,5697600.0
3704,2165,157,1,4989800.0
3705,2166,97,1,3830300.0
3706,2167,69,1,2520500.0
3707,2168,231,1,6548800.0
3708,2168,13,1,1175400.0
3709,2168,111,2,776800.0
3710,2169,269,1,2077000.0
3711,2170,77,2,5212300.0
3712,2170,115,1,4108400.0
3713,2171,168,2,3801300.0
3714,2172,198,1,2400800.0
3715,2172,63,1,7171900.0
3716,2173,197,1,2724800.0
3717,2174,249,1,3572700.0
3718,2174,260,1,4036600.0
3719,2175,18,1,1404500.0
3720,2176,281,1,1770700.0
3721,2176,264,1,1270100.0
3722,2177,212,1,5154900.0
3723,2178,89,3,6890600.0
3724,2178,221,1,2386100.0
3725,2178,254,2,1651500.0
3726,2179,241,2,1071400.0
3727,2179,292,1,1955200.0
3728,2180,242,1,688200.0
3729,2180,143,2,5903800.0
3730,2180,237,1,498500.0
3731,2181,37,1,932700.0
3732,2182,41,1,3469200.0
3733,2182,273,1,4571000.0
3734,2183,53,1,343200.0
3735,2183,5,1,4743200.0
3736,2183,295,1,799600.0
3737,2184,39,1,3828600.0
3738,2184,111,1,795600.0
3739,2185,43,1,1438900.0
3740,2185,121,1,1225700.0
3741,2186,105,1,1829800.0
3742,2186,180,1,2495100.0
3743,2187,249,1,3544600.0
3744,2187,126,1,1683900.0
3745,2187,19,1,575100.0
3746,2188,77,2,5093800.0
3747,2188,151,1,7792000.0
3748,2189,265,2,6560100.0
3749,2190,73,1,1108000.0
3750,2191,131,1,9254200.0
3751,2192,11,1,7844500.0
3752,2192,72,1,4596900.0
3753,2193,234,2,451900.0
3754,2194,201,1,5862900.0
3755,2195,286,1,5354100.0
3756,2195,256,1,3009000.0
3757,2195,85,1,1239700.0
3758,2196,74,1,1006300.0
3759,2197,287,2,3198100.0
3760,2198,70,1,5369000.0
3761,2198,230,1,1148400.0
3762,2198,72,1,4507800.0
3763,2199,227,1,961800.0
3764,2199,22,1,1062400.0
3765,2200,131,1,9010500.0
3766,2201,230,1,1170300.0
3767,2202,208,1,2364700.0
3768,2202,53,1,361000.0
3769,2203,210,1,9588000.0
3770,2204,40,1,1066400.0
3771,2205,62,1,6126500.0
3772,2206,96,2,2997100.0
3773,2207,271,1,2639500.0
3774,2207,19,1,596100.0
3775,2208,28,1,1425100.0
3776,2209,9,1,4599800.0
3777,2209,169,1,3588300.0
3778,2210,60,1,612900.0
3779,2210,159,1,5317400.0
3780,2210,127,1,981100.0
3781,2210,262,2,1085700.0
3782,2211,210,1,9430900.0
3783,2212,168,1,3990600.0
3784,2212,210,2,9181700.0
3785,2212,208,1,2281300.0
3786,2212,165,1,3377800.0
3787,2213,221,2,2421600.0
3788,2213,18,1,1421300.0
3789,2214,111,1,781000.0
3790,2215,224,1,1555000.0
3791,2216,118,1,2050400.0
3792,2216,177,1,3357500.0
3793,2216,160,2,1068400.0
3794,2217,119,1,2982900.0
3795,2218,260,1,4069700.0
3796,2219,20,1,2856200.0
3797,2220,280,1,3356100.0
3798,2220,235,1,4259300.0
3799,2220,112,1,4687200.0
3800,2221,2,1,5900900.0
3801,2221,269,1,2058300.0
3802,2222,50,1,2868400.0
3803,2223,107,1,4459600.0
3804,2224,126,1,1702100.0
3805,2224,258,1,2451300.0
3806,2225,37,1,965700.0
3807,2226,277,2,1451200.0
3808,2226,169,2,3703100.0
3809,2227,126,1,1683900.0
3810,2227,216,1,1836300.0
3811,2228,200,1,678400.0
3812,2229,1,1,819100.0
3813,2229,131,2,9232700.0
3814,2230,279,1,890800.0
3815,2230,285,2,8031700.0
3816,2231,123,1,2241500.0
3817,2231,209,1,5244000.0
3818,2232,125,1,462800.0
3819,2232,127,1,941800.0
3820,2232,244,1,8197800.0
3821,2233,212,1,5297400.0
3822,2234,194,1,692900.0
3823,2234,20,1,2774200.0
3824,2235,285,2,8083400.0
3825,2235,280,1,3414100.0
3826,2236,16,1,5219700.0
3827,2237,53,2,341200.0
3828,2237,237,1,515700.0
3829,2238,188,1,2202000.0
3830,2239,77,1,5243700.0
3831,2240,146,1,535600.0
3832,2241,41,1,3387100.0
3833,2242,110,1,1710300.0
3834,2243,285,1,8018500.0
3835,2244,205,1,1616800.0
3836,2244,194,1,710300.0
3837,2244,26,1,635500.0
3838,2244,280,1,3276500.0
3839,2245,62,1,6252100.0
3840,2245,289,1,3682200.0
3841,2246,84,1,718900.0
3842,2247,206,1,676600.0
3843,2248,102,1,2283000.0
3844,2248,227,2,953400.0
3845,2248,38,1,2677000.0
3846,2249,68,1,5477600.0
3847,2250,68,1,5478700.0
3848,2251,207,1,4563200.0
3849,2251,293,1,468700.0
3850,2252,153,1,867100.0
3851,2252,63,1,7191800.0
3852,2252,277,1,1454800.0
3853,2253,176,1,2690000.0
3854,2254,163,2,7122300.0
3855,2255,161,1,1783400.0
3856,2256,241,1,1087200.0
3857,2256,184,1,3773800.0
3858,2256,16,1,5262200.0
3859,2257,48,1,838200.0
3860,2257,246,1,3218400.0
3861,2258,62,1,6009100.0
3862,2258,124,1,937900.0
3863,2259,250,1,1303100.0
3864,2260,88,1,1134500.0
3865,2261,84,1,747600.0
3866,2261,10,1,3418000.0
3867,2262,112,1,4884700.0
3868,2263,217,1,2035200.0
3869,2264,160,1,1030900.0
3870,2264,80,1,4062200.0
3871,2264,11,2,7883800.0
3872,2265,250,1,1294800.0
3873,2266,66,1,2373300.0
3874,2266,32,1,3200500.0
3875,2267,263,1,1189800.0
3876,2267,89,1,6906200.0
3877,2268,65,1,6708200.0
3878,2268,273,1,4511300.0
3879,2269,132,1,2678100.0
3880,2270,162,1,6827200.0
3881,2270,138,1,5262800.0
3882,2271,80,1,3954100.0
3883,2271,169,1,3604700.0
3884,2272,85,1,1257700.0
3885,2273,20,1,2850000.0
3886,2273,123,1,2156700.0
3887,2274,196,1,5668000.0
3888,2274,76,1,2201200.0
3889,2274,259,2,2166200.0
3890,2275,277,1,1432800.0
3891,2276,261,1,5518400.0
3892,2276,125,1,455400.0
3893,2276,229,1,385600.0
3894,2277,215,1,3983000.0
3895,2278,232,1,747900.0
3896,2279,300,2,2289100.0
3897,2280,86,1,1431400.0
3898,2281,1,1,851600.0
3899,2281,62,1,6114600.0
3900,2281,35,1,1602500.0
3901,2282,248,1,4823600.0
3902,2283,99,1,1863100.0
3903,2284,152,1,7117500.0
3904,2284,36,2,948100.0
3905,2284,197,1,2687200.0
3906,2284,194,1,709400.0
3907,2285,25,1,2174200.0
3908,2286,21,1,4990800.0
3909,2287,234,1,469700.0
3910,2287,32,1,3137500.0
3911,2288,205,1,1566500.0
3912,2288,237,1,515700.0
3913,2289,248,1,4974200.0
3914,2290,13,1,1169400.0
3915,2290,136,1,630500.0
3916,2290,279,1,938700.0
3917,2291,46,2,5087000.0
3918,2292,90,2,2371100.0
3919,2293,264,1,1327600.0
3920,2293,220,1,2199100.0
3921,2293,41,1,3351800.0
3922,2294,55,1,1694200.0
3923,2295,248,1,4818700.0
3924,2295,104,1,1642500.0
3925,2295,232,1,769500.0
3926,2296,292,1,1969500.0
3927,2297,247,1,1085500.0
3928,2298,128,1,998600.0
3929,2298,246,1,3208200.0
3930,2298,16,1,5086500.0
3931,2298,52,1,3295200.0
3932,2299,252,1,994700.0
3933,2300,259,1,2107900.0
3934,2301,210,1,9493000.0
3935,2301,204,2,691000.0
3936,2302,209,1,5296700.0
3937,2302,128,1,1010800.0
3938,2303,199,1,1593500.0
3939,2304,201,1,5886200.0
3940,2305,160,1,1047000.0
3941,2306,287,1,3267000.0
3942,2306,239,1,1309900.0
3943,2307,206,1,656100.0
3944,2308,284,1,3811800.0
3945,2308,153,1,882800.0
3946,2309,274,1,1798000.0
3947,2310,277,1,1477500.0
3948,2310,91,1,653000.0
3949,2311,181,1,8401200.0
3950,2312,41,1,3407400.0
3951,2312,87,1,1821300.0
3952,2313,54,3,1890900.0
3953,2313,165,1,3288500.0
3954,2313,198,1,2492200.0
3955,2313,257,1,5565300.0
3956,2314,276,1,1306100.0
3957,2314,82,1,5446600.0
3958,2314,86,1,1471600.0
3959,2315,164,1,1910600.0
3960,2316,5,1,4625400.0
3961,2317,204,1,720900.0
3962,2318,218,1,1435500.0
3963,2319,35,2,1631700.0
3964,2320,80,1,4034200.0
3965,2320,287,1,3234800.0
3966,2321,166,1,4638200.0
3967,2321,180,1,2595500.0
3968,2322,265,1,6456200.0
3969,2323,210,1,9358500.0
3970,2323,45,1,6059700.0
3971,2324,261,1,5760900.0
3972,2325,265,1,6708200.0
3973,2326,12,2,806500.0
3974,2327,108,2,7448700.0
3975,2328,192,1,1750000.0
3976,2328,216,1,1778800.0
3977,2329,79,1,797300.0
3978,2330,202,2,3032900.0
3979,2330,230,1,1175500.0
3980,2331,198,1,2524000.0
3981,2332,30,1,4460700.0
3982,2332,19,1,590200.0
3983,2333,289,1,3594600.0
3984,2333,245,1,2082700.0
3985,2334,170,1,7758800.0
3986,2335,206,1,681400.0
3987,2336,128,1,982200.0
3988,2337,160,1,1034700.0
3989,2338,54,1,1942800.0
3990,2339,127,1,972200.0
3991,2339,78,1,6496800.0
3992,2340,151,1,7786200.0
3993,2340,100,1,666300.0
3994,2341,139,1,4726100.0
3995,2341,241,2,1069800.0
3996,2342,247,1,1096200.0
3997,2343,35,2,1580400.0
3998,2344,251,1,245000.0
3999,2345,290,1,1255700.0
4000,2346,124,1,932100.0
4001,2346,179,1,3107700.0
4002,2347,93,1,356300.0
4003,2347,148,1,4156600.0
4004,2347,178,1,1853600.0
4005,2347,164,1,1826800.0
4006,2348,132,1,2756800.0
4007,2349,213,1,5142800.0
4008,2350,281,1,1768200.0
4009,2351,117,1,1748600.0
4010,2351,180,1,2555100.0
4011,2351,49,1,1877500.0
4012,2351,244,1,8217400.0
4013,2352,87,1,1816200.0
4014,2353,188,1,2299500.0
4015,2354,116,1,4439200.0
4016,2354,113,1,3835700.0
4017,2355,200,1,678900.0
4018,2356,65,1,6694400.0
4019,2357,8,1,1135700.0
4020,2357,171,1,1582600.0
4021,2358,69,1,2527500.0
4022,2358,84,1,711100.0
4023,2358,104,1,1619100.0
4024,2359,124,1,919300.0
4025,2360,81,1,1363100.0
4026,2361,80,1,4011900.0
4027,2362,136,1,655200.0
4028,2362,121,1,1257300.0
4029,2363,211,1,373600.0
4030,2364,233,1,1466000.0
4031,2364,235,1,4333700.0
4032,2364,297,1,3231800.0
4033,2364,186,1,1628300.0
4034,2365,84,1,750900.0
4035,2365,216,1,1779300.0
4036,2365,36,1,933500.0
4037,2366,100,1,639600.0
4038,2366,258,1,2398800.0
4039,2367,91,1,682000.0
4040,2367,84,1,731400.0
4041,2367,112,1,4826200.0
4042,2368,129,1,1386600.0
4043,2368,190,1,1558300.0
4044,2368,199,1,1540100.0
4045,2368,227,1,987800.0
4046,2369,284,1,3767900.0
4047,2369,120,1,1552600.0
4048,2369,107,1,4431000.0
4049,2370,186,1,1639700.0
4050,2370,293,3,467500.0
4051,2371,36,1,951000.0
4052,2372,281,1,1754700.0
4053,2373,1,1,830500.0
4054,2374,156,2,1115800.0
4055,2375,161,1,1689100.0
4056,2375,292,1,1991100.0
4057,2375,206,1,654500.0
4058,2376,35,1,1559100.0
4059,2377,34,1,380100.0
4060,2378,187,1,1621000.0
4061,2379,196,1,5670800.0
4062,2379,149,1,1196600.0
4063,2380,149,1,1136800.0
4064,2381,132,1,2736100.0
4065,2382,16,1,5253800.0
4066,2383,106,1,7567400.0
4067,2383,39,1,3636600.0
4068,2383,15,1,359400.0
4069,2384,136,1,643800.0
4070,2385,176,1,2699500.0
4071,2386,99,1,1907300.0
4072,2386,135,1,1561900.0
4073,2387,39,1,3618600.0
4074,2388,18,1,1383100.0
4075,2388,220,1,2189600.0
4076,2389,259,1,2203200.0
4077,2390,157,1,5079300.0
4078,2391,219,1,4638900.0
4079,2392,88,1,1116300.0
4080,2392,290,1,1281100.0
4081,2392,70,1,5503600.0
4082,2392,240,1,1606700.0
4083,2393,115,1,3930200.0
4084,2394,222,1,1562100.0
4085,2395,196,1,5730000.0
4086,2395,206,2,659600.0
4087,2396,245,1,2047000.0
4088,2397,201,1,5856300.0
4089,2398,25,1,2221300.0
4090,2398,28,1,1380400.0
4091,2398,281,1,1778200.0
4092,2399,35,1,1577700.0
4093,2399,65,1,6687800.0
4094,2400,159,1,5283900.0
4095,2401,48,2,874000.0
4096,2402,54,1,1976200.0
4097,2402,171,1,1636800.0
4098,2402,229,1,368500.0
4099,2403,185,1,3166800.0
4100,2404,70,1,5337100.0
4101,2404,255,1,4166100.0
4102,2405,3,1,6293600.0
4103,2405,258,2,2493700.0
4104,2406,206,1,665200.0
4105,2407,205,1,1597200.0
4106,2407,39,1,3654500.0
4107,2408,87,1,1741100.0
4108,2408,196,1,5787100.0
4109,2408,10,1,3506900.0
4110,2409,112,1,4788800.0
4111,2409,99,1,1884200.0
4112,2410,156,1,1154600.0
4113,2410,131,1,9131700.0
4114,2411,115,1,4022300.0
4115,2412,85,1,1243400.0
4116,2413,82,1,5185200.0
4117,2413,58,1,495700.0
4118,2413,219,1,4595700.0
4119,2413,252,2,977800.0
4120,2414,296,1,7684400.0
4121,2415,102,1,2283900.0
4122,2416,208,1,2374500.0
4123,2417,54,1,1948300.0
4124,2417,22,1,1103800.0
4125,2417,150,1,2062900.0
4126,2418,129,1,1350700.0
4127,2418,178,1,1862300.0
4128,2419,158,1,1114500.0
4129,2420,18,1,1388300.0
4130,2421,35,1,1546300.0
4131,2421,138,1,5397000.0
4132,2421,93,1,370600.0
4133,2421,130,1,2075100.0
4134,2422,228,1,2301200.0
4135,2423,41,1,3356500.0
4136,2424,169,1,3543700.0
4137,2424,219,1,4746600.0
4138,2424,65,1,6692100.0
4139,2425,66,1,2317400.0
4140,2425,273,1,4723700.0
4141,2425,84,2,718200.0
4142,2426,120,1,1552700.0
4143,2427,87,1,1727300.0
4144,2428,103,2,2898000.0
4145,2428,6,1,1598700.0
4146,2428,35,1,1553800.0
4147,2429,181,1,8843700.0
4148,2429,266,1,1862100.0
4149,2429,120,1,1552600.0
4150,2430,133,1,901000.0
4151,2431,232,1,786000.0
4152,2432,100,1,665200.0
4153,2433,271,1,2641400.0
4154,2434,160,1,1055300.0
4155,2435,292,2,1968800.0
4156,2436,138,1,5316100.0
4157,2437,29,1,2640300.0
4158,2437,14,1,701700.0
4159,2438,162,1,6759400.0
4160,2439,234,1,460400.0
4161,2440,99,1,1880900.0
4162,2440,205,1,1537100.0
4163,2441,36,1,950200.0
4164,2442,65,1,6617500.0
4165,2443,262,1,1093200.0
4166,2443,264,1,1333800.0
4167,2443,118,1,2031800.0
4168,2444,99,1,1905500.0
4169,2444,290,1,1250300.0
4170,2444,72,1,4774400.0
4171,2445,175,1,1291500.0
4172,2445,26,1,613600.0
4173,2446,259,1,2201400.0
4174,2446,99,1,1957600.0
4175,2447,32,2,3026600.0
4176,2447,199,1,1598500.0
4177,2447,263,1,1222400.0
4178,2447,18,1,1430900.0
4179,2448,1,2,838500.0
4180,2449,296,1,7530300.0
4181,2449,42,1,1481000.0
4182,2450,292,1,2001200.0
4183,2451,39,1,3784600.0
4184,2451,216,1,1838000.0
4185,2451,267,1,808000.0
4186,2452,253,1,789300.0
4187,2452,107,1,4664900.0
4188,2452,65,1,6673000.0
4189,2453,288,1,1296300.0
4190,2453,280,3,3368500.0
4191,2453,277,1,1426200.0
4192,2454,171,1,1612600.0
4193,2455,263,1,1194700.0
4194,2456,171,1,1556000.0
4195,2456,259,1,2120400.0
4196,2456,194,1,706300.0
4197,2456,272,1,3503800.0
4198,2457,279,1,888300.0
4199,2457,24,1,3834700.0
4200,2458,267,1,787600.0
4201,2459,37,1,940100.0
4202,2460,56,1,1317300.0
4203,2461,168,1,3927000.0
4204,2462,289,1,3676700.0
4205,2462,278,1,1646100.0
4206,2462,229,1,370600.0
4207,2462,32,1,3111300.0
4208,2463,176,2,2634900.0
4209,2464,31,1,5124300.0
4210,2465,200,2,684900.0
4211,2465,238,1,5666000.0
4212,2466,259,1,2158600.0
4213,2467,189,1,2293400.0
4214,2467,4,1,968500.0
4215,2468,257,1,5558500.0
4216,2469,294,1,3145000.0
4217,2469,261,1,5714500.0
4218,2469,44,1,450600.0
4219,2470,269,1,2056900.0
4220,2471,125,1,448700.0
4221,2471,135,1,1568300.0
4222,2472,31,1,5191900.0
4223,2473,239,1,1329300.0
4224,2474,243,1,642900.0
4225,2475,231,1,6389700.0
4226,2476,149,1,1162600.0
4227,2477,55,1,1669300.0
4228,2478,5,1,4668100.0
4229,2478,145,2,1526400.0
4230,2478,73,1,1123100.0
4231,2479,242,1,697200.0
4232,2480,35,1,1584800.0
4233,2480,57,2,3609300.0
4234,2481,155,1,4432900.0
4235,2482,283,1,890700.0
4236,2483,271,1,2619500.0
4237,2483,133,1,916500.0
4238,2483,158,1,1098900.0
4239,2484,204,1,720800.0
4240,2485,229,1,380500.0
4241,2486,265,1,6581100.0
4242,2486,267,1,775100.0
4243,2487,236,1,6628400.0
4244,2487,32,1,3076700.0
4245,2488,180,1,2494600.0
4246,2489,84,1,722900.0
4247,2489,168,1,3865000.0
4248,2489,54,1,1943000.0
4249,2490,27,1,1581200.0
4250,2491,215,1,4004900.0
4251,2492,176,1,2771600.0
4252,2492,200,1,684600.0
4253,2493,172,1,6687000.0
4254,2493,277,1,1421100.0
4255,2494,207,1,4612200.0
4256,2495,64,1,378400.0
4257,2496,109,1,5722500.0
4258,2496,139,1,4570400.0
4259,2497,171,1,1590000.0
4260,2497,260,2,3898200.0
4261,2497,291,1,1735900.0
4262,2498,54,1,1892300.0
4263,2499,172,1,6692700.0
4264,2500,129,1,1366500.0
4265,2501,101,1,4049800.0
4266,2501,293,1,466200.0
4267,2502,219,1,4613300.0
4268,2502,188,1,2278800.0
4269,2503,212,1,5254200.0
4270,2504,183,1,3840500.0
4271,2505,60,1,615000.0
4272,2506,72,1,4537000.0
4273,2507,200,1,694000.0
4274,2508,121,1,1252300.0
4275,2508,224,1,1563700.0
4276,2509,296,1,7499800.0
4277,2509,94,1,547600.0
4278,2509,200,2,697100.0
4279,2510,104,1,1616200.0
4280,2511,58,1,491700.0
4281,2512,258,1,2423200.0
4282,2512,143,1,5880600.0
4283,2513,16,1,5351700.0
4284,2513,242,1,725900.0
4285,2514,260,1,3992000.0
4286,2514,16,1,5073400.0
4287,2515,133,1,898500.0
4288,2516,50,1,2977700.0
4289,2517,36,1,939600.0
4290,2517,217,1,1955200.0
4291,2518,238,1,5698300.0
4292,2518,166,2,4758700.0
4293,2518,77,2,4977300.0
4294,2518,295,1,821200.0
4295,2519,187,1,1613100.0
4296,2520,298,1,3526100.0
4297,2521,293,1,464400.0
4298,2521,294,1,3220800.0
4299,2521,178,1,1851500.0
4300,2521,54,2,1902600.0
4301,2522,96,1,2901700.0
4302,2523,228,1,2268600.0
4303,2524,243,1,629200.0
4304,2525,34,1,379300.0
4305,2525,226,1,1763900.0
4306,2525,40,1,1048200.0
4307,2525,195,1,5651500.0
4308,2526,76,1,2277400.0
4309,2527,61,1,591600.0
4310,2528,128,1,976000.0
4311,2529,6,1,1549100.0
4312,2530,3,1,6488600.0
4313,2531,199,1,1560900.0
4314,2532,55,1,1730200.0
4315,2533,60,1,609600.0
4316,2533,74,1,991100.0
4317,2534,140,1,5139300.0
4318,2534,26,1,625000.0
4319,2534,117,1,1774200.0
4320,2535,210,1,9065900.0
4321,2536,219,1,4841400.0
4322,2536,249,1,3510600.0
4323,2537,201,1,5861400.0
4324,2538,60,2,613000.0
4325,2539,173,1,2216800.0
4326,2539,258,1,2435600.0
4327,2540,105,1,1809500.0
4328,2541,17,1,4532800.0
4329,2541,297,2,3248200.0
4330,2541,206,2,662600.0
4331,2541,237,1,494400.0
4332,2542,221,1,2371100.0
4333,2542,195,2,5656800.0
4334,2542,119,1,2962200.0
4335,2543,250,1,1304800.0
4336,2544,289,1,3508100.0
4337,2545,226,1,1807900.0
4338,2546,15,1,369000.0
4339,2547,108,1,7268100.0
4340,2548,28,1,1357900.0
4341,2548,287,1,3270900.0
4342,2549,61,1,602200.0
4343,2549,249,1,3666100.0
4344,2549,248,1,4827600.0
4345,2549,100,1,661000.0
4346,2550,97,2,3677400.0
4347,2550,292,2,1949300.0
4348,2550,85,1,1242200.0
4349,2551,4,1,991800.0
4350,2551,72,1,4668500.0
4351,2552,150,2,2111800.0
4352,2553,74,1,968500.0
4353,2554,187,1,1624400.0
4354,2554,246,1,3258500.0
4355,2555,164,1,1908600.0
4356,2556,186,1,1592800.0
4357,2556,281,1,1813100.0
4358,2556,177,2,3428000.0
4359,2556,170,2,7927500.0
4360,2557,188,1,2274800.0
4361,2558,28,1,1414800.0
4362,2559,118,1,2042900.0
4363,2559,250,1,1255400.0
4364,2560,59,1,1478800.0
4365,2560,80,1,4138400.0
4366,2560,221,1,2438100.0
4367,2561,273,1,4558800.0
4368,2562,178,1,1880600.0
4369,2562,288,2,1306700.0
4370,2562,91,1,645400.0
4371,2563,153,1,898100.0
4372,2564,150,1,2099600.0
4373,2565,3,1,6415700.0
4374,2566,192,1,1678400.0
4375,2567,256,1,2975400.0
4376,2567,183,1,3915900.0
4377,2567,24,1,4007600.0
4378,2567,280,1,3370800.0
4379,2568,84,1,737000.0
4380,2569,196,1,5627700.0
4381,2569,69,1,2609700.0
4382,2570,169,1,3651500.0
4383,2571,35,1,1559300.0
4384,2571,222,1,1556000.0
4385,2572,293,1,476600.0
4386,2572,23,1,5796600.0
4387,2572,34,1,364100.0
4388,2572,281,1,1780000.0
4389,2573,53,1,350600.0
4390,2574,149,1,1137300.0
4391,2574,184,1,3728500.0
4392,2574,140,1,5086800.0
4393,2575,18,1,1398400.0
4394,2576,227,1,984000.0
4395,2577,88,1,1156100.0
4396,2577,278,1,1664100.0
4397,2578,68,1,5554400.0
4398,2578,70,1,5424700.0
4399,2579,87,1,1759500.0
4400,2580,106,1,7798600.0
4401,2580,134,1,4625100.0
4402,2581,125,1,464300.0
4403,2581,277,1,1477200.0
4404,2582,49,1,1815400.0
4405,2583,262,1,1118000.0
4406,2584,28,1,1393500.0
4407,2585,181,1,8364300.0
4408,2585,244,1,8133100.0
4409,2585,58,1,506900.0
4410,2586,277,1,1469900.0
4411,2586,115,1,4028100.0
4412,2587,115,1,4131000.0
4413,2588,80,1,4178300.0
4414,2589,28,1,1354100.0
4415,2590,173,1,2311000.0
4416,2590,110,1,1716900.0
4417,2591,297,1,3167900.0
4418,2591,168,1,3959700.0
4419,2592,181,1,8777400.0
4420,2593,185,1,3185100.0
4421,2594,249,1,3637000.0
4422,2594,159,1,5165900.0
4423,2595,13,1,1182700.0
4424,2596,256,1,2878400.0
4425,2596,175,1,1277900.0
4426,2597,1,1,818800.0
4427,2597,105,1,1742700.0
4428,2597,270,1,1888900.0
4429,2597,108,1,7224500.0
4430,2598,121,1,1256400.0
4431,2598,83,1,1630300.0
4432,2598,286,1,5193900.0
4433,2599,213,1,4972600.0
4434,2599,116,1,4400700.0
4435,2600,48,1,839900.0
4436,2600,271,2,2709000.0
4437,2601,164,1,1893400.0
4438,2602,290,1,1269700.0
4439,2602,111,1,785300.0
4440,2602,95,1,1172100.0
4441,2603,2,1,6055900.0
4442,2603,265,1,6485000.0
4443,2604,277,2,1439500.0
4444,2605,242,3,696500.0
4445,2605,84,1,718000.0
4446,2606,238,1,5569100.0
4447,2606,253,1,766700.0
4448,2607,60,1,601600.0
4449,2608,160,1,1062700.0
4450,2609,188,1,2293200.0
4451,2610,243,1,640400.0
4452,2610,69,1,2504500.0
4453,2610,170,1,7941500.0
4454,2610,58,1,479400.0
4455,2611,180,1,2527600.0
4456,2611,82,1,5438200.0
4457,2611,79,1,827700.0
4458,2612,28,1,1378500.0
4459,2613,65,1,6818400.0
4460,2613,86,1,1448200.0
4461,2614,23,1,5786000.0
4462,2614,185,2,3105600.0
4463,2615,97,1,3830700.0
4464,2616,290,1,1262700.0
4465,2617,32,1,3120900.0
4466,2617,269,1,2041000.0
4467,2618,230,1,1199900.0
4468,2619,156,1,1117500.0
4469,2619,110,1,1681500.0
4470,2620,93,1,359700.0
4471,2621,134,1,4603300.0
4472,2621,192,1,1770600.0
4473,2622,173,1,2258600.0
4474,2623,180,1,2601700.0
4475,2623,232,1,778300.0
4476,2623,29,1,2645400.0
4477,2624,289,1,3637400.0
4478,2625,269,1,2095400.0
4479,2625,137,1,4830300.0
4480,2626,283,1,882100.0
4481,2626,239,1,1366400.0
4482,2627,9,2,4640200.0
4483,2628,190,1,1569500.0
4484,2629,256,1,2843900.0
4485,2630,22,1,1045800.0
4486,2630,164,2,1895800.0
4487,2630,50,1,2982500.0
4488,2631,245,1,1993000.0
4489,2632,77,1,5058900.0
4490,2633,249,1,3633700.0
4491,2634,81,2,1315400.0
4492,2635,169,2,3526800.0
4493,2635,2,1,5908800.0
4494,2636,258,1,2512700.0
4495,2637,67,1,1398200.0
4496,2637,8,1,1108400.0
4497,2638,100,1,630600.0
4498,2639,224,1,1577200.0
4499,2640,253,1,769400.0
4500,2641,237,1,497300.0
4501,2642,90,2,2303600.0
4502,2642,267,1,805600.0
4503,2643,157,1,5211900.0
4504,2644,52,1,3215200.0
4505,2645,171,1,1572700.0
4506,2646,156,1,1172000.0
4507,2646,77,2,5203900.0
4508,2647,188,1,2178800.0
4509,2647,234,2,472700.0
4510,2648,281,1,1753800.0
4511,2649,189,1,2282300.0
4512,2650,297,1,3199100.0
4513,2651,212,1,5169000.0
4514,2652,52,1,3217600.0
4515,2653,137,1,4867500.0
4516,2654,58,1,483700.0
4517,2655,161,1,1722100.0
4518,2655,160,1,1043800.0
4519,2656,157,1,5162100.0
4520,2657,78,1,6290000.0
4521,2657,63,1,7054600.0
4522,2657,11,1,8241800.0
4523,2658,280,1,3456100.0
4524,2659,66,1,2398800.0
4525,2659,178,1,1871200.0
4526,2660,186,1,1672000.0
4527,2661,286,1,5122100.0
4528,2662,281,1,1764300.0
4529,2663,143,1,5864500.0
4530,2663,276,1,1337100.0
4531,2664,43,1,1435700.0
4532,2665,242,1,697500.0
4533,2665,247,1,1099900.0
4534,2666,203,1,7996400.0
4535,2667,278,1,1584800.0
4536,2667,163,1,7110300.0
4537,2668,88,1,1142400.0
4538,2669,264,1,1319700.0
4539,2669,225,1,924900.0
4540,2670,231,1,6366500.0
4541,2670,251,1,247300.0
4542,2671,125,1,445600.0
4543,2672,196,1,5815700.0
4544,2672,219,1,4779500.0
4545,2673,108,1,7272000.0
4546,2673,70,1,5337900.0
4547,2673,198,1,2401900.0
4548,2674,199,1,1601000.0
4549,2674,26,1,632800.0
4550,2675,75,1,1428900.0
4551,2675,245,1,2086300.0
4552,2676,239,1,1297800.0
4553,2676,186,1,1640800.0
4554,2676,234,1,467400.0
4555,2676,216,1,1747000.0
4556,2677,207,1,4552000.0
4557,2677,224,2,1560500.0
4558,2677,173,1,2313400.0
4559,2678,219,1,4687000.0
4560,2678,94,1,578700.0
4561,2679,197,1,2657000.0
4562,2680,63,1,7026900.0
4563,2681,152,1,7137900.0
4564,2682,91,2,663000.0
4565,2682,55,2,1737200.0
4566,2682,66,1,2273500.0
4567,2682,169,1,3502800.0
4568,2683,166,1,4883500.0
4569,2683,215,1,3959000.0
4570,2684,266,1,1940500.0
4571,2685,229,1,375500.0
4572,2685,216,1,1834500.0
4573,2686,250,1,1267600.0
4574,2687,96,2,2888200.0
4575,2688,249,1,3663000.0
4576,2688,102,1,2357400.0
4577,2689,137,1,4818500.0
4578,2690,183,1,3932200.0
4579,2690,239,1,1358700.0
4580,2691,91,1,646700.0
4581,2691,116,1,4362000.0
4582,2691,293,1,479800.0
4583,2692,293,1,458400.0
4584,2692,269,1,2093200.0
4585,2693,87,1,1768900.0
4586,2694,128,1,993100.0
4587,2695,28,1,1367600.0
4588,2695,155,2,4469900.0
4589,2696,172,1,6604800.0
4590,2696,154,1,3069200.0
4591,2696,165,1,3356900.0
4592,2697,186,2,1596600.0
4593,2697,126,1,1701900.0
4594,2698,17,1,4561500.0
4595,2698,111,1,793200.0
4596,2699,226,1,1787400.0
4597,2699,64,1,371500.0
4598,2699,263,1,1187700.0
4599,2700,254,1,1628900.0
4600,2701,74,1,967900.0
4601,2702,88,1,1116700.0
4602,2703,110,1,1716300.0
4603,2703,227,1,989600.0
4604,2703,262,2,1073000.0
4605,2704,6,1,1580500.0
4606,2704,1,1,821900.0
4607,2704,66,1,2314700.0
4608,2704,88,1,1164700.0
4609,2705,147,1,1882000.0
4610,2705,217,1,2007200.0
4611,2706,140,1,5055900.0
4612,2707,106,1,7839100.0
4613,2707,241,1,1081700.0
4614,2708,215,1,4124500.0
4615,2708,148,1,4093400.0
4616,2709,192,1,1764000.0
4617,2709,2,1,6163800.0
4618,2710,130,1,2089200.0
4619,2711,271,1,2710300.0
4620,2711,220,1,2190800.0
4621,2712,104,1,1622400.0
4622,2712,126,1,1692700.0
4623,2713,108,1,7597800.0
4624,2713,286,1,5308900.0
4625,2713,223,1,7791100.0
4626,2713,276,1,1353200.0
4627,2714,268,1,5803800.0
4628,2714,13,2,1156400.0
4629,2715,79,3,795800.0
4630,2716,276,1,1341000.0
4631,2716,212,1,5020300.0
4632,2716,227,1,971200.0
4633,2716,118,1,1983500.0
4634,2717,132,1,2623000.0
4635,2718,141,1,2437000.0
4636,2719,242,1,703900.0
4637,2720,72,1,4687500.0
4638,2721,292,1,1997400.0
4639,2721,83,1,1587600.0
4640,2721,138,1,5410600.0
4641,2722,165,1,3364400.0
4642,2723,83,1,1627700.0
4643,2724,187,1,1620700.0
4644,2725,56,1,1300600.0
4645,2725,130,1,2120200.0
4646,2725,184,1,3823800.0
4647,2726,42,1,1551000.0
4648,2726,179,1,3170100.0
4649,2727,50,1,2996300.0
4650,2728,229,1,380800.0
4651,2729,223,1,8110600.0
4652,2730,258,1,2384800.0
4653,2731,226,1,1821800.0
4654,2732,29,1,2690300.0
4655,2732,185,1,3150100.0
4656,2733,291,1,1791000.0
4657,2733,216,1,1762600.0
4658,2733,167,2,1919800.0
4659,2733,135,1,1610500.0
4660,2734,191,1,4421200.0
4661,2734,130,1,2085500.0
4662,2734,262,1,1066800.0
4663,2735,185,1,3245500.0
4664,2735,6,1,1599300.0
4665,2735,50,1,2885800.0
4666,2736,185,1,3169200.0
4667,2736,191,1,4338200.0
4668,2736,235,1,4339100.0
4669,2737,22,1,1048800.0
4670,2737,98,1,1390600.0
4671,2737,167,1,1958100.0
4672,2738,158,1,1074600.0
4673,2738,96,1,2891600.0
4674,2738,129,1,1347600.0
4675,2739,128,1,1009200.0
4676,2740,198,1,2421200.0
4677,2741,283,1,847700.0
4678,2741,202,1,3037600.0
4679,2741,212,1,5009200.0
4680,2742,48,1,862500.0
4681,2742,161,1,1768400.0
4682,2742,139,1,4708200.0
4683,2743,145,1,1471800.0
4684,2743,272,1,3514100.0
4685,2743,267,2,801000.0
4686,2744,19,1,597000.0
4687,2745,171,1,1635000.0
4688,2746,118,1,2062100.0
4689,2747,56,1,1288100.0
4690,2748,103,1,2788200.0
4691,2748,45,1,6289100.0
4692,2749,296,1,7517600.0
4693,2750,178,1,1880600.0
4694,2750,268,2,5947200.0
4695,2750,280,1,3308700.0
4696,2751,245,1,2064600.0
4697,2752,125,1,447400.0
4698,2753,67,1,1370000.0
4699,2754,156,1,1122700.0
4700,2754,157,1,5083600.0
4701,2754,167,1,1863300.0
4702,2755,243,1,635900.0
4703,2756,3,1,6420600.0
4704,2757,184,1,3767900.0
4705,2757,168,1,3814700.0
4706,2758,132,1,2687200.0
4707,2759,17,1,4497100.0
4708,2760,64,1,381600.0
4709,2761,72,1,4626900.0
4710,2762,23,1,5655200.0
4711,2763,106,1,7759200.0
4712,2764,223,1,7973700.0
4713,2765,161,1,1753000.0
4714,2766,26,2,643700.0
4715,2767,94,1,555500.0
4716,2767,86,1,1445600.0
4717,2768,248,1,4958300.0
4718,2769,263,3,1168000.0
4719,2769,171,1,1598500.0
4720,2770,115,1,4133600.0
4721,2771,262,1,1116700.0
4722,2772,103,1,2837400.0
4723,2772,288,1,1238500.0
4724,2772,66,1,2398200.0
4725,2773,11,2,8051100.0
4726,2774,280,1,3451400.0
4727,2775,50,1,2900200.0
4728,2776,210,1,9587500.0
4729,2776,119,1,2907500.0
4730,2776,69,1,2638700.0
4731,2777,17,1,4756400.0
4732,2778,202,1,3121300.0
4733,2778,98,1,1382800.0
4734,2779,91,1,664500.0
4735,2780,4,1,972000.0
4736,2780,94,1,579900.0
4737,2781,254,3,1631600.0
4738,2781,292,1,1920900.0
4739,2782,61,1,610800.0
4740,2783,203,2,8154100.0
4741,2784,206,2,662800.0
4742,2784,210,1,9552100.0
4743,2785,208,1,2342400.0
4744,2785,182,1,4821000.0
4745,2786,254,1,1581000.0
4746,2787,170,1,7710100.0
4747,2787,281,1,1751000.0
4748,2788,177,1,3481500.0
4749,2789,140,1,5172400.0
4750,2790,286,1,5102600.0
4751,2790,179,1,3113400.0
4752,2791,70,1,5389700.0
4753,2792,14,1,695800.0
4754,2793,271,1,2739800.0
4755,2793,173,3,2267300.0
4756,2793,96,1,2978700.0
4757,2794,82,1,5338800.0
4758,2794,275,1,5022000.0
4759,2794,21,1,5119700.0
4760,2795,121,1,1225200.0
4761,2795,61,1,608400.0
4762,2796,93,1,356500.0
4763,2796,189,1,2264200.0
4764,2797,35,2,1560500.0
4765,2797,98,2,1356500.0
4766,2798,222,1,1520200.0
4767,2799,196,1,5566300.0
4768,2800,155,1,4374800.0
4769,2801,229,1,373100.0
4770,2801,291,1,1770100.0
4771,2802,199,1,1607800.0
4772,2803,232,1,746100.0
4773,2804,178,2,1845900.0
4774,2804,65,1,6910700.0
4775,2804,195,2,5422100.0
4776,2805,247,1,1099500.0
4777,2806,46,1,5172300.0
4778,2806,120,1,1566700.0
4779,2806,106,2,7648800.0
4780,2807,152,1,7124100.0
4781,2808,145,1,1490800.0
4782,2809,207,1,4745600.0
4783,2810,173,2,2260400.0
4784,2811,248,1,4829600.0
4785,2811,37,1,927700.0
4786,2812,50,2,2834000.0
4787,2812,72,1,4555200.0
4788,2812,79,1,800000.0
4789,2813,124,1,970500.0
4790,2814,225,2,932500.0
4791,2815,134,1,4477500.0
4792,2816,286,1,5269000.0
4793,2816,153,1,876600.0
4794,2817,112,1,4945700.0
4795,2818,1,3,851400.0
4796,2819,293,1,484900.0
4797,2819,286,1,5239700.0
4798,2820,140,1,5157700.0
4799,2820,30,1,4469700.0
4800,2821,248,1,4886600.0
4801,2821,151,1,7481800.0
4802,2822,221,1,2376800.0
4803,2823,31,1,5135600.0
4804,2824,51,1,240800.0
4805,2824,283,1,894900.0
4806,2825,262,1,1071300.0
4807,2826,203,1,7773900.0
4808,2826,26,1,614000.0
4809,2827,102,1,2323800.0
4810,2827,273,1,4523300.0
4811,2827,118,2,1953400.0
4812,2828,49,1,1874600.0
4813,2829,11,1,7991900.0
4814,2829,141,1,2499400.0
4815,2830,47,1,1363600.0
4816,2830,232,1,756700.0
4817,2831,227,1,1000300.0
4818,2832,70,2,5472600.0
4819,2832,16,1,5163400.0
4820,2833,132,1,2663200.0
4821,2834,207,1,4799200.0
4822,2834,79,1,788700.0
4823,2835,33,1,435800.0
4824,2835,225,1,932700.0
4825,2836,263,1,1175300.0
4826,2836,129,1,1414700.0
4827,2836,27,1,1625000.0
4828,2837,162,1,6870600.0
4829,2837,203,1,8094700.0
4830,2838,173,1,2225300.0
4831,2838,270,1,1840300.0
4832,2839,15,1,368000.0
4833,2840,214,1,3669100.0
4834,2840,34,1,372900.0
4835,2840,259,2,2192600.0
4836,2841,64,1,367900.0
4837,2842,216,1,1811800.0
4838,2842,177,1,3401400.0
4839,2842,284,1,3691400.0
4840,2843,24,1,3820100.0
4841,2843,167,2,1935800.0
4842,2844,58,1,500300.0
4843,2844,265,1,6522700.0
4844,2845,228,1,2271400.0
4845,2846,93,1,360600.0
4846,2846,197,1,2738500.0
4847,2846,51,2,247600.0
4848,2847,274,1,1816800.0
4849,2848,275,1,5112900.0
4850,2848,273,1,4776000.0
4851,2849,143,1,5626100.0
4852,2850,90,1,2344700.0
4853,2851,226,1,1806700.0
4854,2851,95,1,1129700.0
4855,2852,128,1,1013400.0
4856,2852,92,2,5181400.0
4857,2853,97,1,3768200.0
4858,2853,30,2,4394000.0
4859,2854,21,1,5196300.0
4860,2855,18,1,1401400.0
4861,2855,73,1,1132500.0
4862,2856,196,1,5514200.0
4863,2857,164,1,1823600.0
4864,2858,201,1,5644600.0
4865,2859,73,1,1134500.0
4866,2859,117,1,1766300.0
4867,2860,151,1,7853000.0
4868,2860,259,1,2220900.0
4869,2860,145,1,1541000.0
4870,2860,80,1,4069100.0
4871,2861,188,1,2255300.0
4872,2861,45,1,6204400.0
4873,2862,168,1,3876400.0
4874,2862,56,1,1277900.0
4875,2862,45,1,6139800.0
4876,2863,10,1,3469100.0
4877,2863,99,1,1976300.0
4878,2864,196,1,5763900.0
4879,2864,225,1,897400.0
4880,2865,209,1,5297900.0
4881,2866,120,1,1555600.0
4882,2866,267,1,784400.0
4883,2867,53,1,357100.0
4884,2867,254,1,1599500.0
4885,2868,69,1,2558700.0
4886,2869,101,2,4045500.0
4887,2870,257,1,5431200.0
4888,2870,26,1,626600.0
4889,2871,149,1,1151200.0
4890,2872,213,1,5166000.0
4891,2872,200,1,698600.0
4892,2873,233,1,1505400.0
4893,2874,154,1,3140300.0
4894,2875,102,2,2343900.0
4895,2876,138,1,5231100.0
4896,2877,157,1,5186000.0
4897,2878,50,2,2939600.0
4898,2879,85,1,1203900.0
4899,2879,118,1,2060100.0
4900,2880,244,1,8438600.0
4901,2881,113,1,3944000.0
4902,2881,40,1,1045800.0
4903,2881,32,1,3067200.0
4904,2881,107,1,4526900.0
4905,2882,175,1,1251600.0
4906,2882,215,1,4124600.0
4907,2883,106,1,7645800.0
4908,2884,96,1,3004200.0
4909,2884,154,1,3163700.0
4910,2885,213,1,5009900.0
4911,2885,270,1,1808200.0
4912,2886,7,1,326100.0
4913,2886,294,1,3146700.0
4914,2887,37,1,948300.0
4915,2888,251,1,257500.0
4916,2889,60,1,611800.0
4917,2890,89,1,6894000.0
4918,2890,38,1,2771200.0
4919,2891,86,1,1456300.0
4920,2892,229,1,386400.0
4921,2893,52,2,3207000.0
4922,2893,63,1,7051500.0
4923,2894,179,1,3192700.0
4924,2895,179,1,3115100.0
4925,2895,80,1,4188800.0
4926,2896,131,1,9272400.0
4927,2896,211,1,383400.0
4928,2897,244,1,8464100.0
4929,2898,108,1,7278100.0
4930,2899,22,1,1046700.0
4931,2900,111,1,765800.0
4932,2901,45,1,6288500.0
4933,2901,164,1,1806000.0
4934,2901,178,1,1831800.0
4935,2902,276,1,1333500.0
4936,2902,144,2,3790200.0
4937,2903,159,1,5186500.0
4938,2904,250,1,1271400.0
4939,2904,20,1,2801600.0
4940,2904,35,1,1616100.0
4941,2905,247,1,1098500.0
4942,2906,185,1,3240700.0
4943,2907,258,1,2407400.0
4944,2908,135,1,1614100.0
4945,2909,112,1,4751000.0
4946,2910,294,1,3146300.0
4947,2910,79,1,790900.0
4948,2911,149,1,1186100.0
4949,2912,96,2,3027600.0
4950,2912,226,1,1783200.0
4951,2912,84,1,722900.0
4952,2913,232,1,747500.0
4953,2913,49,1,1898000.0
4954,2913,62,1,6095900.0
4955,2913,4,1,971400.0
4956,2914,32,1,3022400.0
4957,2915,131,1,9159000.0
4958,2915,5,1,4705100.0
4959,2916,252,2,968400.0
4960,2917,288,1,1243200.0
4961,2918,54,1,1921500.0
4962,2919,268,1,5916200.0
4963,2920,70,1,5503400.0
4964,2920,194,1,712100.0
4965,2920,207,1,4686800.0
4966,2921,182,2,4871000.0
4967,2921,234,2,468800.0
4968,2922,260,1,4072600.0
4969,2923,123,1,2230100.0
4970,2924,279,2,907000.0
4971,2925,171,1,1593600.0
4972,2926,256,1,2878200.0
4973,2926,204,1,712500.0
4974,2927,214,1,3648100.0
4975,2927,66,1,2370800.0
4976,2928,147,1,1923000.0
4977,2928,278,1,1597400.0
4978,2928,204,1,716500.0
4979,2928,250,1,1272600.0
4980,2929,6,1,1562000.0
4981,2930,230,1,1193200.0
4982,2931,82,1,5208700.0
4983,2931,24,1,3927900.0
4984,2932,18,1,1398500.0
4985,2933,177,1,3353200.0
4986,2934,45,1,6188700.0
4987,2934,179,1,3100300.0
4988,2935,163,1,6761900.0
4989,2936,246,1,3159400.0
4990,2936,249,1,3523700.0
4991,2937,13,1,1161300.0
4992,2938,51,1,242600.0
4993,2939,144,1,3879300.0
4994,2939,121,1,1256800.0
4995,2939,265,1,6480100.0
4996,2939,136,1,632300.0
4997,2940,201,3,5680900.0
4998,2940,66,1,2318100.0
4999,2940,163,1,6810900.0
5000,2940,299,2,539500.0
5001,2941,89,1,6852300.0
5002,2942,294,1,3174300.0
5003,2943,168,1,3849000.0
5004,2943,290,1,1277100.0
5005,2943,63,1,6956800.0
5006,2943,128,1,1006400.0
5007,2944,295,1,815500.0
5008,2944,130,1,2047000.0
5009,2945,198,1,2511500.0
5010,2946,225,1,926800.0
5011,2946,119,1,2880200.0
5012,2947,54,1,1983000.0
5013,2948,218,1,1444500.0
5014,2949,127,1,952300.0
5015,2950,282,1,309100.0
5016,2951,92,1,5393800.0
5017,2952,147,1,1897300.0
5018,2953,282,1,313800.0
5019,2953,69,1,2506900.0
5020,2954,91,1,643000.0
5021,2955,81,1,1371100.0
5022,2956,246,1,3318100.0
5023,2957,18,1,1442900.0
5024,2958,178,1,1818900.0
5025,2959,96,1,3030100.0
5026,2960,53,1,353300.0
5027,2960,227,1,973900.0
5028,2960,57,1,3690900.0
5029,2961,162,1,6857700.0
5030,2962,252,1,1009900.0
5031,2962,39,3,3807600.0
5032,2963,298,1,3467700.0
5033,2964,25,1,2195100.0
5034,2964,119,1,3013800.0
5035,2965,279,1,910600.0
5036,2966,60,1,629900.0
5037,2967,167,1,1906400.0
5038,2967,298,1,3464100.0
5039,2968,1,1,816800.0
5040,2968,48,1,840300.0
5041,2969,292,1,1932200.0
5042,2970,231,1,6387700.0
5043,2971,15,1,349500.0
5044,2971,146,1,545300.0
5045,2972,98,1,1405500.0
5046,2972,44,1,450900.0
5047,2972,204,1,722000.0
5048,2973,221,1,2323400.0
5049,2973,143,1,5636200.0
5050,2974,14,1,701400.0
5051,2974,277,1,1452200.0
5052,2975,171,1,1605600.0
5053,2976,286,3,5297200.0
5054,2976,193,1,9639700.0
5055,2977,89,1,6916300.0
5056,2978,16,1,5223400.0
5057,2979,228,1,2249900.0
5058,2980,33,1,438400.0
5059,2980,131,1,9222500.0
5060,2981,217,1,1933300.0
5061,2981,88,1,1135200.0
5062,2981,192,1,1724800.0
5063,2982,153,2,862800.0
5064,2982,94,1,572500.0
5065,2982,8,1,1119500.0
5066,2983,115,1,4072000.0
5067,2984,118,1,2059900.0
5068,2985,223,1,7933100.0
5069,2986,68,1,5388000.0
5070,2986,30,2,4303000.0
5071,2987,191,1,4371600.0
5072,2987,113,1,3835300.0
5073,2987,120,1,1537200.0
5074,2987,58,2,505300.0
5075,2988,122,1,2518000.0
5076,2988,194,1,711100.0
5077,2988,148,2,4164500.0
5078,2989,68,1,5423500.0
5079,2990,172,1,6967400.0
5080,2990,173,1,2211300.0
5081,2991,40,1,1041500.0
5082,2991,241,1,1114100.0
5083,2991,295,1,807700.0
5084,2992,63,1,6904400.0
5085,2993,3,1,6252300.0
5086,2994,183,2,4010400.0
5087,2995,5,1,4743100.0
5088,2996,60,1,624800.0
5089,2996,48,1,885800.0
5090,2997,24,1,3865800.0
5091,2998,93,1,371400.0
5092,2999,279,1,888200.0
5093,3000,85,1,1211200.0
5094,3001,34,1,377500.0
5095,3001,40,1,1054600.0
5096,3002,143,1,5827300.0
5097,3002,233,1,1487000.0
5098,3003,48,1,854200.0
5099,3004,204,1,722200.0
5100,3005,107,1,4636000.0
5101,3006,110,1,1697100.0
5102,3007,98,2,1369500.0
5103,3007,282,1,313100.0
5104,3008,6,1,1563100.0
5105,3009,37,1,979500.0
5106,3010,186,1,1670500.0
5107,3011,125,1,449100.0
5108,3011,279,1,887200.0
5109,3012,126,1,1668500.0
5110,3013,159,1,5249500.0
5111,3013,36,2,950400.0
5112,3014,10,1,3481700.0
5113,3015,180,1,2589000.0
5114,3016,220,1,2220600.0
5115,3017,38,1,2654800.0
5116,3018,283,1,864200.0
5117,3018,167,1,1896300.0
5118,3019,287,1,3341000.0
5119,3020,271,1,2614800.0
5120,3021,218,2,1496200.0
5121,3021,53,1,350200.0
5122,3022,24,1,3930800.0
5123,3022,179,1,3064400.0
5124,3022,28,2,1397700.0
5125,3023,300,1,2217500.0
5126,3024,158,1,1066500.0
5127,3025,83,2,1605400.0
5128,3025,69,1,2588800.0
5129,3025,59,1,1509600.0
5130,3026,298,1,3461500.0
5131,3026,159,1,5147900.0
5132,3027,143,1,5865300.0
5133,3027,53,1,349700.0
5134,3027,222,1,1574300.0
5135,3028,59,1,1546900.0
5136,3028,49,3,1812300.0
5137,3028,208,1,2306800.0
5138,3028,266,1,1892400.0
5139,3029,63,1,6897600.0
5140,3030,44,1,433200.0
5141,3031,224,1,1597000.0
5142,3032,276,1,1364700.0
5143,3032,79,1,812900.0
5144,3033,148,1,4129600.0
5145,3034,150,1,2131400.0
5146,3034,205,1,1617400.0
5147,3035,225,2,915500.0
5148,3036,89,1,6810600.0
5149,3037,79,1,798000.0
5150,3038,29,1,2665400.0
5151,3038,136,1,654900.0
5152,3038,147,1,1944500.0
5153,3038,234,1,469500.0
5154,3039,242,1,711100.0
5155,3039,275,1,5005500.0
5156,3040,66,1,2282300.0
5157,3041,116,1,4230700.0
5158,3042,300,1,2260200.0
5159,3042,139,3,4603200.0
5160,3043,228,1,2302800.0
5161,3043,42,1,1507300.0
5162,3044,92,1,5277200.0
5163,3044,42,1,1498500.0
5164,3045,85,1,1249000.0
5165,3045,90,1,2267400.0
5166,3046,27,1,1661200.0
5167,3046,205,1,1559500.0
5168,3047,266,1,1891500.0
5169,3048,20,1,2865000.0
5170,3048,95,3,1154600.0
5171,3049,87,1,1800000.0
5172,3050,181,1,8682500.0
5173,3050,82,1,5287800.0
5174,3051,170,1,7682600.0
5175,3052,134,2,4587100.0
5176,3052,261,1,5556300.0
5177,3052,289,1,3631300.0
5178,3053,1,2,814400.0
5179,3054,100,1,661200.0
5180,3055,78,2,6392400.0
5181,3056,278,1,1636800.0
5182,3056,256,2,2920800.0
5183,3057,295,1,819400.0
5184,3057,277,1,1405800.0
5185,3058,199,1,1603900.0
5186,3059,132,1,2697800.0
5187,3059,140,1,5104100.0
5188,3060,24,1,3856800.0
5189,3060,270,1,1795700.0
5190,3060,254,1,1647300.0
5191,3060,70,2,5603300.0
5192,3061,76,1,2171500.0
5193,3061,124,1,931000.0
5194,3062,239,1,1298300.0
5195,3063,226,1,1816900.0
5196,3064,149,1,1164000.0
5197,3065,2,2,5849500.0
5198,3065,279,1,888700.0
5199,3066,277,1,1466500.0
5200,3067,133,1,919100.0
5201,3068,145,1,1534600.0
5202,3069,296,1,7320500.0
5203,3069,134,1,4408900.0
5204,3070,105,1,1782900.0
5205,3070,16,1,5242300.0
5206,3071,285,1,7671100.0
5207,3071,58,2,489200.0
5208,3071,188,1,2221000.0
5209,3071,223,1,7822100.0
5210,3072,131,1,8959300.0
5211,3072,15,1,349700.0
5212,3072,51,1,242300.0
5213,3073,239,1,1291700.0
5214,3074,110,1,1730000.0
5215,3075,52,1,3233100.0
5216,3075,285,1,7656700.0
5217,3076,207,1,4738700.0
5218,3077,90,1,2337000.0
5219,3078,90,1,2274000.0
5220,3079,188,1,2210700.0
5221,3079,162,1,6919300.0
5222,3080,98,1,1405500.0
5223,3081,297,1,3326900.0
5224,3082,36,1,954700.0
5225,3083,167,1,1884200.0
5226,3084,120,2,1582000.0
5227,3085,18,1,1427800.0
5228,3086,217,2,1928100.0
5229,3087,204,1,697400.0
5230,3088,276,1,1336500.0
5231,3088,262,1,1106400.0
5232,3089,244,1,8104600.0
5233,3089,100,1,667100.0
5234,3090,176,1,2701500.0
5235,3091,239,1,1314000.0
5236,3092,197,1,2704000.0
5237,3093,14,1,703100.0
5238,3093,24,1,3810600.0
5239,3094,123,1,2236400.0
5240,3094,249,1,3578100.0
5241,3094,172,1,6667800.0
5242,3095,257,1,5715300.0
5243,3095,90,1,2298800.0
5244,3096,43,1,1437400.0
5245,3097,132,1,2750800.0
5246,3097,158,1,1064300.0
5247,3098,152,1,7327700.0
5248,3098,83,1,1665000.0
5249,3099,238,1,5698800.0
5250,3100,25,1,2229000.0
5251,3101,193,1,9725900.0
5252,3101,136,1,659700.0
5253,3101,295,2,782300.0
5254,3101,60,1,604500.0
5255,3102,16,1,5367300.0
5256,3103,287,2,3225400.0
5257,3103,96,1,2997300.0
5258,3104,212,1,5108500.0
5259,3104,111,1,757000.0
5260,3104,185,1,3201800.0
5261,3105,173,1,2200500.0
5262,3105,296,1,7491600.0
5263,3105,188,1,2275100.0
5264,3106,37,1,928400.0
5265,3107,68,1,5592400.0
5266,3108,270,1,1826800.0
5267,3108,146,1,547300.0
5268,3108,283,1,894700.0
5269,3109,46,1,5318400.0
5270,3110,239,1,1330500.0
5271,3110,5,1,4672300.0
5272,3110,195,1,5539500.0
5273,3111,21,1,5001300.0
5274,3112,158,1,1075000.0
5275,3113,121,2,1265700.0
5276,3114,168,1,3973000.0
5277,3115,139,1,4567400.0
5278,3116,210,1,9327400.0
5279,3116,11,1,8302900.0
5280,3117,226,1,1771800.0
5281,3117,200,1,712100.0
5282,3117,268,1,5733300.0
5283,3118,226,1,1750800.0
5284,3118,160,1,1066900.0
5285,3119,39,1,3657300.0
5286,3120,126,1,1682100.0
5287,3121,248,1,4879200.0
5288,3121,240,1,1638600.0
5289,3122,199,1,1578200.0
5290,3122,35,1,1584400.0
5291,3123,160,2,1046800.0
5292,3123,65,1,6702400.0
5293,3124,181,1,8396300.0
5294,3125,191,1,4441900.0
5295,3126,213,1,5140400.0
5296,3127,50,1,2887300.0
5297,3127,207,1,4741500.0
5298,3127,247,1,1128500.0
5299,3127,214,1,3663600.0
5300,3128,255,1,4039400.0
5301,3129,19,1,575000.0
5302,3130,41,1,3361600.0
5303,3130,30,2,4299500.0
5304,3131,180,1,2522900.0
5305,3131,11,1,7895900.0
5306,3131,164,1,1911300.0
5307,3132,11,1,7846500.0
5308,3132,176,1,2679000.0
5309,3133,210,1,9096000.0
5310,3134,226,1,1813700.0
5311,3134,273,1,4784600.0
5312,3135,284,2,3762700.0
5313,3136,139,1,4819400.0
5314,3137,286,1,5207300.0
5315,3138,178,3,1797700.0
5316,3139,261,1,5733900.0
5317,3140,94,1,561800.0
5318,3141,5,1,4718000.0
5319,3142,83,1,1615700.0
5320,3142,24,1,3836700.0
5321,3143,108,1,7174800.0
5322,3144,174,1,1742600.0
5323,3145,113,1,3923900.0
5324,3146,160,1,1024000.0
5325,3147,18,1,1380500.0
5326,3148,294,1,3256000.0
5327,3149,218,1,1490600.0
5328,3149,248,1,4874100.0
5329,3149,141,1,2559200.0
5330,3149,9,1,4690600.0
5331,3150,110,1,1675300.0
5332,3150,27,1,1620400.0
5333,3150,154,1,3094700.0
5334,3150,250,1,1250300.0
5335,3151,105,1,1767500.0
5336,3151,261,1,5721900.0
5337,3152,116,1,4383600.0
5338,3153,270,2,1815800.0
5339,3154,256,2,2956700.0
5340,3155,11,1,7974000.0
5341,3156,247,1,1096600.0
5342,3157,257,1,5661200.0
5343,3158,60,1,620600.0
5344,3158,19,1,574100.0
5345,3159,235,1,4415800.0
5346,3159,92,1,5274100.0
5347,3160,184,1,3946500.0
5348,3160,230,1,1192800.0
5349,3161,273,1,4644600.0
5350,3162,292,1,1936400.0
5351,3163,108,1,7209000.0
5352,3164,144,1,3926000.0
5353,3164,255,1,4269300.0
5354,3165,263,1,1198300.0
5355,3166,226,1,1768800.0
5356,3166,270,1,1830800.0
5357,3166,171,1,1571800.0
5358,3166,119,1,2924200.0
5359,3167,204,1,720300.0
5360,3167,58,1,501100.0
5361,3168,38,1,2664700.0
5362,3169,155,1,4410200.0
5363,3170,72,1,4517000.0
5364,3170,91,1,672600.0
5365,3171,48,1,845000.0
5366,3172,67,1,1390200.0
5367,3173,4,1,995000.0
5368,3173,283,1,861300.0
5369,3173,165,1,3473800.0
5370,3174,222,1,1536600.0
5371,3174,288,1,1289800.0
5372,3174,115,1,3970100.0
5373,3175,40,1,1059700.0
5374,3175,148,1,4286600.0
5375,3176,148,1,4283600.0
5376,3176,78,1,6238500.0
5377,3177,20,3,2837500.0
5378,3178,255,1,4229100.0
5379,3178,154,1,3192200.0
5380,3178,226,1,1749300.0
5381,3179,154,1,3119100.0
5382,3180,34,1,381600.0
5383,3181,123,2,2246800.0
5384,3182,193,1,9784500.0
5385,3183,213,2,5138000.0
5386,3183,45,1,6107700.0
5387,3183,241,2,1058200.0
5388,3184,159,1,5280900.0
5389,3184,33,2,424200.0
5390,3184,25,1,2189800.0
5391,3185,259,1,2222600.0
5392,3186,172,1,6946300.0
5393,3186,45,2,6085100.0
5394,3187,83,1,1658700.0
5395,3188,38,1,2690000.0
5396,3189,13,1,1161300.0
5397,3189,224,1,1620100.0
5398,3189,90,1,2363000.0
5399,3190,116,1,4267000.0
5400,3191,147,1,1914300.0
5401,3192,174,1,1704800.0
5402,3192,281,1,1752900.0
5403,3192,42,1,1548300.0
5404,3193,33,2,432100.0
5405,3194,196,1,5761600.0
5406,3194,181,1,8682900.0
5407,3195,296,1,7386500.0
5408,3196,51,1,241300.0
5409,3197,228,1,2315600.0
5410,3198,124,1,948900.0
5411,3199,165,1,3485300.0
5412,3199,104,1,1647100.0
5413,3200,161,1,1736400.0
5414,3201,137,1,4784800.0
5415,3202,288,2,1238700.0
5416,3203,199,1,1606400.0
5417,3204,102,1,2282700.0
5418,3204,78,1,6545200.0
5419,3205,140,1,5107400.0
5420,3206,106,1,7518800.0
5421,3207,47,1,1357500.0
5422,3208,148,1,4076100.0
5423,3209,274,1,1865700.0
5424,3210,74,1,977500.0
5425,3210,249,1,3497800.0
5426,3210,63,1,7229700.0
5427,3211,65,1,6663900.0
5428,3212,135,1,1527200.0
5429,3212,188,1,2274600.0
5430,3213,48,1,861100.0
5431,3213,130,1,2094800.0
5432,3214,34,1,362300.0
5433,3214,104,1,1560300.0
5434,3214,74,1,988500.0
5435,3215,201,1,5824100.0
5436,3215,98,2,1336800.0
5437,3216,70,1,5517900.0
5438,3217,1,1,855900.0
5439,3218,77,1,5079100.0
5440,3218,191,1,4341900.0
5441,3219,202,1,3067700.0
5442,3220,201,1,5717300.0
5443,3221,167,2,1863700.0
5444,3222,300,1,2296900.0
5445,3222,105,1,1800900.0
5446,3223,54,1,1902000.0
5447,3224,81,1,1313600.0
5448,3224,210,1,9070900.0
5449,3225,179,1,3215700.0
5450,3226,234,1,467800.0
5451,3227,239,1,1364500.0
5452,3228,95,1,1148500.0
5453,3229,60,2,609900.0
5454,3230,19,1,591100.0
5455,3230,151,1,7484000.0
5456,3230,230,1,1191100.0
5457,3230,134,1,4626700.0
5458,3231,197,1,2769600.0
5459,3232,6,1,1601500.0
5460,3233,257,1,5436300.0
5461,3234,298,1,3355900.0
5462,3234,258,1,2429900.0
5463,3234,275,1,4964600.0
5464,3235,199,1,1609400.0
5465,3236,255,1,4105200.0
5466,3237,61,1,608300.0
5467,3237,96,1,2950000.0
5468,3238,29,1,2718700.0
5469,3239,199,1,1557400.0
5470,3239,168,1,3955300.0
5471,3239,73,2,1083100.0
5472,3240,15,1,358500.0
5473,3240,41,1,3440200.0
5474,3240,230,1,1157000.0
5475,3241,16,1,5098900.0
5476,3242,185,1,3231100.0
5477,3243,169,1,3511200.0
5478,3244,91,1,663000.0
5479,3245,51,1,252200.0
5480,3245,147,1,1877400.0
5481,3246,11,1,8193600.0
5482,3246,213,1,5113200.0
5483,3247,217,1,1983900.0
5484,3248,236,1,6645000.0
5485,3249,175,1,1260200.0
5486,3249,109,1,5950400.0
5487,3250,16,1,5095400.0
5488,3251,64,1,385000.0
5489,3251,5,2,4699400.0
5490,3252,288,1,1240800.0
5491,3253,87,1,1731100.0
5492,3254,60,1,613800.0
5493,3255,20,1,2896300.0
5494,3255,21,1,5024100.0
5495,3256,117,2,1746900.0
5496,3257,78,1,6465600.0
5497,3258,153,1,871600.0
5498,3259,75,1,1449600.0
5499,3259,275,1,5026900.0
5500,3260,215,2,4084900.0
5501,3260,186,1,1672000.0
5502,3260,201,3,5957000.0
5503,3261,204,1,703900.0
5504,3262,67,1,1377100.0
5505,3262,76,1,2177900.0
5506,3262,275,1,5028500.0
5507,3263,277,1,1431300.0
5508,3264,297,1,3262000.0
5509,3265,158,1,1103900.0
5510,3266,258,1,2423500.0
5511,3267,297,1,3246400.0
5512,3267,70,1,5555800.0
5513,3268,288,1,1255500.0
5514,3269,58,1,500200.0
5515,3269,46,2,5114800.0
5516,3270,200,1,677300.0
5517,3270,274,1,1862000.0
5518,3271,202,1,3134400.0
5519,3271,6,1,1555300.0
5520,3272,218,2,1486500.0
5521,3272,106,1,7431000.0
5522,3273,275,1,4955400.0
5523,3273,218,1,1473800.0
5524,3273,220,1,2225400.0
5525,3273,235,1,4290300.0
5526,3274,297,1,3233200.0
5527,3274,1,2,815500.0
5528,3275,117,1,1768900.0
5529,3275,67,1,1353600.0
5530,3276,136,1,654500.0
5531,3277,131,1,9086300.0
5532,3278,37,1,962900.0
5533,3278,265,1,6558400.0
5534,3278,207,1,4782400.0
5535,3279,43,2,1513500.0
5536,3280,25,1,2280800.0
5537,3281,75,1,1456800.0
5538,3282,83,1,1673400.0
5539,3283,146,1,529500.0
5540,3284,87,1,1795100.0
5541,3284,248,1,4973900.0
5542,3284,262,1,1091800.0
5543,3285,284,1,3794900.0
5544,3285,237,1,513600.0
5545,3286,235,1,4439400.0
5546,3287,202,1,3025300.0
5547,3288,275,1,4895800.0
5548,3288,215,1,3933100.0
5549,3288,163,1,6969300.0
5550,3289,71,1,7023100.0
5551,3289,9,1,4569900.0
5552,3290,170,2,7819500.0
5553,3291,185,1,3184500.0
5554,3292,143,1,5868900.0
5555,3293,162,1,6945800.0
5556,3294,29,1,2675800.0
5557,3294,87,1,1764600.0
5558,3295,202,1,3133500.0
5559,3295,180,1,2607500.0
5560,3296,36,1,929600.0
5561,3296,162,2,6842400.0
5562,3297,73,1,1137900.0
5563,3298,205,1,1622900.0
5564,3298,288,1,1264700.0
5565,3298,40,1,1027800.0
5566,3299,146,1,526700.0
5567,3299,242,1,685500.0
5568,3299,117,1,1780300.0
5569,3300,300,1,2220800.0
5570,3300,157,1,5023600.0
5571,3301,217,1,1956100.0
5572,3301,288,1,1278000.0
5573,3302,233,1,1490400.0
5574,3302,101,1,4128500.0
5575,3302,284,2,3889800.0
5576,3303,83,1,1625100.0
5577,3303,247,1,1077000.0
5578,3304,197,1,2785900.0
5579,3305,295,1,800800.0
5580,3305,226,1,1759400.0
5581,3305,177,1,3452500.0
5582,3305,59,1,1478200.0
5583,3306,259,1,2200000.0
5584,3306,123,1,2249700.0
5585,3307,37,1,976600.0
5586,3308,240,1,1629100.0
5587,3308,8,2,1094200.0
5588,3309,56,1,1258000.0
5589,3310,261,1,5694500.0
5590,3311,178,1,1845400.0
5591,3312,2,1,5920700.0
5592,3313,269,3,2056800.0
5593,3314,76,1,2190600.0
5594,3315,50,1,2889900.0
5595,3315,209,1,5163000.0
5596,3316,11,1,8018000.0
5597,3317,137,1,4809100.0
5598,3318,107,1,4590600.0
5599,3318,160,1,1037200.0
5600,3318,146,1,529700.0
5601,3319,192,1,1772100.0
5602,3320,258,1,2430600.0
5603,3320,3,1,6215600.0
5604,3320,285,1,7964100.0
5605,3321,262,1,1108400.0
5606,3322,288,1,1240400.0
5607,3323,141,1,2496200.0
5608,3324,298,3,3458900.0
5609,3325,44,1,444900.0
5610,3326,288,1,1302400.0
5611,3326,87,1,1734700.0
5612,3327,270,1,1854600.0
5613,3328,227,1,965700.0
5614,3328,101,2,4235900.0
5615,3329,14,1,700200.0
5616,3330,276,1,1373400.0
5617,3330,37,1,951100.0
5618,3331,244,1,8309000.0
5619,3332,96,1,3016900.0
5620,3333,131,1,8901900.0
5621,3333,35,1,1544800.0
5622,3333,169,1,3617300.0
5623,3334,231,2,6282900.0
5624,3335,4,1,981000.0
5625,3335,8,1,1110600.0
5626,3336,34,1,373000.0
5627,3337,63,1,7037400.0
5628,3338,170,1,7572700.0
5629,3338,33,1,426700.0
5630,3338,5,3,4720800.0
5631,3338,270,1,1823900.0
5632,3339,174,1,1718600.0
5633,3339,129,1,1363000.0
5634,3340,58,1,504800.0
5635,3341,216,1,1807200.0
5636,3341,298,1,3508500.0
5637,3341,104,1,1586300.0
5638,3341,47,1,1337100.0
5639,3342,148,1,4120700.0
5640,3342,295,1,810800.0
5641,3343,138,1,5401800.0
5642,3344,102,1,2235700.0
5643,3345,169,1,3505200.0
5644,3345,185,1,3154900.0
5645,3345,59,1,1555600.0
5646,3345,121,1,1233300.0
5647,3346,243,1,623900.0
5648,3347,193,1,9785500.0
5649,3348,250,1,1272200.0
5650,3348,222,1,1563400.0
5651,3348,206,1,658600.0
5652,3349,284,1,3689600.0
5653,3350,19,2,589700.0
5654,3350,15,1,367400.0
5655,3350,182,1,4703600.0
5656,3351,221,1,2390800.0
5657,3351,139,2,4566300.0
5658,3351,31,2,5337100.0
5659,3352,271,1,2683300.0
5660,3353,209,1,5410000.0
5661,3354,69,1,2585100.0
5662,3354,55,2,1698600.0
5663,3355,136,1,663900.0
5664,3356,231,2,6456700.0
5665,3356,207,1,4584400.0
5666,3357,245,2,1993200.0
5667,3357,107,1,4483100.0
5668,3357,128,1,995300.0
5669,3357,113,1,3754300.0
5670,3358,46,1,5023400.0
5671,3358,148,1,4207400.0
5672,3359,214,1,3602700.0
5673,3360,121,1,1232900.0
5674,3361,199,1,1547500.0
5675,3361,19,2,594900.0
5676,3361,29,1,2761800.0
5677,3362,190,1,1590700.0
5678,3363,161,1,1778800.0
5679,3363,194,1,721700.0
5680,3364,69,1,2634700.0
5681,3364,92,1,5196500.0
5682,3365,154,1,3059500.0
5683,3366,148,1,4239200.0
5684,3367,228,1,2285300.0
5685,3368,164,1,1838700.0
5686,3368,166,1,4705700.0
5687,3368,293,1,459400.0
5688,3369,135,1,1609100.0
5689,3370,294,1,3262000.0
5690,3370,25,2,2236300.0
5691,3371,93,1,365100.0
5692,3371,200,1,715300.0
5693,3372,51,1,243100.0
5694,3373,174,1,1732300.0
5695,3374,153,1,877300.0
5696,3375,211,2,371700.0
5697,3375,224,1,1580700.0
5698,3376,152,1,7431300.0
5699,3377,24,1,3814200.0
5700,3378,229,1,384900.0
5701,3379,198,2,2467100.0
5702,3380,93,1,371800.0
5703,3381,265,1,6522100.0
5704,3382,265,1,6739800.0
5705,3383,19,1,593000.0
5706,3383,84,1,738800.0
5707,3383,6,2,1607100.0
5708,3384,239,1,1362700.0
5709,3385,245,1,1988500.0
5710,3386,142,1,5209300.0
5711,3387,251,1,256800.0
5712,3388,99,1,1932900.0
5713,3388,158,1,1113700.0
5714,3388,280,1,3454300.0
5715,3388,284,1,3707300.0
5716,3389,69,2,2571700.0
5717,3389,192,1,1708500.0
5718,3389,299,1,535400.0
5719,3389,190,1,1532400.0
5720,3390,148,1,4201400.0
5721,3390,243,2,621200.0
5722,3391,291,1,1740400.0
5723,3392,239,1,1350100.0
5724,3393,280,1,3327800.0
5725,3393,185,1,3203200.0
5726,3393,80,1,4174000.0
5727,3394,63,1,6921200.0
5728,3395,37,1,950400.0
5729,3396,191,1,4347000.0
5730,3397,241,1,1092500.0
5731,3398,41,1,3496900.0
5732,3399,227,1,961600.0
5733,3399,119,1,2915100.0
5734,3400,38,1,2768800.0
5735,3400,216,1,1771200.0
5736,3401,246,2,3315500.0
5737,3401,48,1,884300.0
5738,3401,156,1,1114600.0
5739,3402,149,1,1143000.0
5740,3403,140,1,5297400.0
5741,3403,82,1,5379300.0
5742,3404,41,1,3417500.0
5743,3404,116,1,4446000.0
5744,3405,217,1,2024000.0
5745,3405,249,1,3478000.0
5746,3406,104,2,1648000.0
5747,3407,148,2,4082100.0
5748,3408,42,1,1540500.0
5749,3408,195,1,5644500.0
5750,3409,235,1,4370600.0
5751,3410,95,1,1152400.0
5752,3411,12,1,803100.0
5753,3412,266,1,1927700.0
5754,3413,141,1,2550100.0
5755,3413,2,1,6081800.0
5756,3414,61,1,602400.0
5757,3415,141,1,2516500.0
5758,3416,32,2,3161600.0
5759,3417,143,1,5798600.0
5760,3417,297,1,3280900.0
5761,3417,215,1,4124300.0
5762,3418,75,1,1466800.0
5763,3418,1,1,849300.0
5764,3418,86,2,1455600.0
5765,3419,154,1,3043400.0
5766,3419,89,2,6599000.0
5767,3419,137,1,4824300.0
5768,3420,135,1,1596500.0
5769,3420,76,1,2169800.0
5770,3421,282,1,314200.0
5771,3422,204,1,713200.0
5772,3422,266,1,1892300.0
5773,3423,205,1,1567800.0
5774,3423,131,1,8918400.0
5775,3424,28,2,1384200.0
5776,3425,139,1,4834000.0
5777,3426,205,1,1553400.0
5778,3426,84,1,722100.0
5779,3427,144,1,3850600.0
5780,3427,132,1,2762600.0
5781,3428,142,1,5384600.0
5782,3429,25,1,2217700.0
5783,3430,145,1,1537900.0
5784,3431,195,1,5430100.0
5785,3431,160,1,1067000.0
5786,3431,68,1,5432600.0
5787,3431,6,1,1547100.0
5788,3432,228,1,2309900.0
5789,3433,61,1,599300.0
5790,3434,47,1,1379600.0
5791,3435,162,1,6854700.0
5792,3435,208,1,2296900.0
5793,3436,143,1,5701900.0
5794,3436,7,1,312000.0
5795,3437,157,1,4981100.0
5796,3438,217,1,1954800.0
5797,3438,188,1,2220800.0
5798,3439,235,3,4247600.0
5799,3440,166,1,4895500.0
5800,3441,288,1,1260100.0
5801,3442,189,2,2182500.0
5802,3442,293,1,461000.0
5803,3442,89,1,6677700.0
5804,3443,128,1,977000.0
5805,3444,37,1,945500.0
5806,3445,195,1,5371900.0
5807,3445,60,1,604700.0
5808,3445,61,1,608100.0
5809,3445,253,1,790000.0
5810,3446,39,1,3673600.0
5811,3446,95,1,1140100.0
5812,3447,8,1,1142900.0
5813,3447,197,1,2657500.0
5814,3447,2,1,5941300.0
5815,3448,152,1,7397700.0
5816,3449,180,1,2478600.0
5817,3449,57,1,3665900.0
5818,3449,257,1,5515200.0
5819,3450,2,2,5820700.0
5820,3451,128,1,979800.0
5821,3452,12,1,786600.0
5822,3453,77,2,5110400.0
5823,3454,238,1,5605200.0
5824,3454,145,1,1486700.0
5825,3455,167,1,1898400.0
5826,3456,75,1,1437700.0
5827,3457,242,1,695100.0
5828,3457,143,1,5844100.0
5829,3458,198,1,2480000.0
5830,3458,185,1,3136400.0
5831,3458,299,1,538200.0
5832,3459,178,2,1790800.0
5833,3459,42,1,1495000.0
5834,3460,146,1,518800.0
5835,3461,57,1,3658500.0
5836,3461,242,1,689900.0
5837,3462,47,2,1380100.0
5838,3463,158,2,1121900.0
5839,3463,228,1,2307800.0
5840,3464,64,1,385500.0
5841,3464,84,1,742200.0
5842,3464,186,1,1680500.0
5843,3465,222,1,1550600.0
5844,3466,33,1,429900.0
5845,3467,94,1,573400.0
5846,3467,187,1,1592800.0
5847,3468,92,1,5442900.0
5848,3469,220,1,2178500.0
5849,3470,192,1,1690100.0
5850,3471,106,1,7622200.0
5851,3471,255,1,4035500.0
5852,3472,171,1,1643400.0
5853,3472,258,1,2516200.0
5854,3473,229,1,387200.0
5855,3473,81,1,1328400.0
5856,3474,138,1,5243100.0
5857,3474,290,1,1324100.0
5858,3475,89,2,6591000.0
5859,3475,165,1,3458000.0
5860,3475,118,1,1973700.0
5861,3475,148,1,4217800.0
5862,3476,264,2,1337100.0
5863,3477,106,1,7758500.0
5864,3478,250,1,1310500.0
5865,3478,197,1,2701300.0
5866,3478,240,1,1574800.0
5867,3479,50,1,2953400.0
5868,3480,75,1,1458300.0
5869,3481,151,1,7783400.0
5870,3482,105,1,1805000.0
5871,3483,262,1,1127600.0
5872,3483,141,1,2550600.0
5873,3484,132,1,2760400.0
5874,3485,258,1,2462200.0
5875,3486,17,1,4495900.0
5876,3486,77,1,4972100.0
5877,3487,113,1,3732300.0
5878,3488,69,1,2513400.0
5879,3488,179,1,3193700.0
5880,3488,208,1,2346700.0
5881,3489,68,1,5398500.0
5882,3489,37,1,950900.0
5883,3490,55,1,1686900.0
5884,3491,143,1,5720100.0
5885,3492,21,1,5084800.0
5886,3492,122,1,2516000.0
5887,3493,161,1,1750000.0
5888,3493,59,1,1477300.0
5889,3493,178,1,1806300.0
5890,3494,269,2,1996500.0
5891,3495,163,1,7023600.0
5892,3496,209,1,5172100.0
5893,3496,245,1,2021100.0
5894,3497,15,1,351000.0
5895,3498,118,1,2014400.0
5896,3499,207,3,4675800.0
5897,3500,143,1,5631000.0
5898,3501,160,1,1030300.0
5899,3502,198,1,2463800.0
5900,3502,148,1,4116200.0
5901,3503,203,1,8141600.0
5902,3504,255,1,4156500.0
5903,3504,27,1,1659200.0
5904,3505,195,1,5506400.0
5905,3506,32,1,3151700.0
5906,3506,46,1,5136500.0
5907,3507,300,2,2190200.0
5908,3507,87,1,1785700.0
5909,3508,124,1,954900.0
5910,3509,127,1,975100.0
5911,3510,124,1,964100.0
5912,3511,176,1,2765600.0
5913,3512,18,1,1434700.0
5914,3512,223,1,8150900.0
5915,3512,34,1,375000.0
5916,3513,284,1,3793100.0
5917,3513,37,1,980800.0
5918,3514,199,2,1604600.0
5919,3514,50,2,2945000.0
5920,3515,280,1,3278300.0
5921,3515,233,1,1531000.0
5922,3516,152,1,7370300.0
5923,3516,53,1,341800.0
5924,3516,12,1,819900.0
5925,3517,12,2,807400.0
5926,3518,131,1,8859600.0
5927,3519,221,1,2340300.0
5928,3520,125,1,465700.0
5929,3521,190,1,1522200.0
5930,3522,26,1,629000.0
5931,3523,217,1,2021300.0
5932,3523,11,1,8088400.0
5933,3524,266,1,1897800.0
5934,3524,216,1,1772900.0
5935,3525,235,1,4319100.0
5936,3526,196,1,5819100.0
5937,3526,140,1,5206700.0
5938,3526,264,1,1336100.0
5939,3526,15,1,365700.0
5940,3527,277,1,1469100.0
5941,3528,261,1,5742900.0
5942,3529,167,1,1952600.0
5943,3529,124,1,957200.0
5944,3529,216,2,1753900.0
5945,3529,233,1,1520800.0
5946,3530,200,1,688300.0
5947,3530,192,1,1731700.0
5948,3531,91,1,651300.0
5949,3532,186,1,1632500.0
5950,3532,12,1,795800.0
5951,3532,155,1,4586800.0
5952,3533,67,1,1352100.0
5953,3534,218,1,1474300.0
5954,3535,4,1,992500.0
5955,3536,117,2,1777300.0
5956,3536,46,1,5232600.0
5957,3537,75,1,1431400.0
5958,3538,228,1,2314100.0
5959,3539,149,1,1188300.0
5960,3540,48,1,857200.0
5961,3541,53,1,353500.0
5962,3541,100,1,657400.0
5963,3542,54,1,1947900.0
5964,3543,229,1,373200.0
5965,3544,218,1,1429700.0
5966,3545,11,1,7963700.0
5967,3545,139,1,4813300.0
5968,3546,17,1,4631400.0
5969,3546,205,1,1607600.0
5970,3546,125,2,459700.0
5971,3547,296,1,7550800.0
5972,3547,249,1,3554000.0
5973,3548,253,1,759200.0
5974,3548,276,1,1305100.0
5975,3549,256,1,2881100.0
5976,3549,296,2,7427000.0
5977,3550,77,1,5068800.0
5978,3550,194,1,692200.0
5979,3551,268,1,5911700.0
5980,3552,292,1,1921800.0
5981,3553,264,1,1277300.0
5982,3554,293,1,479400.0
5983,3555,71,1,7323100.0
5984,3556,119,1,3030200.0
5985,3556,87,1,1804600.0
5986,3557,76,1,2186100.0
5987,3558,4,1,960200.0
5988,3558,20,1,2788400.0
5989,3558,272,1,3462800.0
5990,3559,209,1,5367600.0
5991,3559,131,1,9293400.0
5992,3560,296,1,7374900.0
5993,3560,191,1,4512600.0
5994,3560,32,1,3199200.0
5995,3561,120,1,1514900.0
5996,3562,115,2,3910300.0
5997,3562,73,1,1108900.0
5998,3563,156,1,1144800.0
5999,3563,63,2,7218500.0
6000,3564,53,1,360400.0
6001,3564,56,1,1320600.0
6002,3564,179,1,3250900.0
6003,3565,75,1,1423200.0
6004,3566,105,1,1832500.0
6005,3566,234,1,452100.0
6006,3567,228,1,2226500.0
6007,3567,37,1,980400.0
6008,3568,128,1,993100.0
6009,3568,85,1,1207000.0
6010,3569,295,2,817000.0
6011,3569,94,1,578800.0
6012,3570,200,1,698700.0
6013,3571,10,1,3418400.0
6014,3572,223,1,8142700.0
6015,3573,139,2,4657700.0
6016,3574,61,1,602000.0
6017,3575,97,1,3674000.0
6018,3576,125,2,447100.0
6019,3576,177,1,3438600.0
6020,3577,94,1,574800.0
6021,3577,270,1,1891500.0
6022,3578,257,2,5501900.0
6023,3578,236,1,6833800.0
6024,3579,291,2,1824700.0
6025,3580,33,1,433800.0
6026,3581,196,2,5824200.0
6027,3581,82,1,5467200.0
6028,3581,126,1,1700500.0
6029,3582,298,1,3339000.0
6030,3583,47,2,1384100.0
6031,3583,136,2,668900.0
6032,3584,135,1,1598900.0
6033,3584,52,1,3328700.0
6034,3584,202,1,3048400.0
6035,3585,44,1,444800.0
6036,3586,80,1,4002400.0
6037,3586,117,1,1745900.0
6038,3587,230,1,1150600.0
6039,3588,24,1,3852500.0
6040,3589,186,1,1676500.0
6041,3589,159,1,5315500.0
6042,3590,190,1,1583100.0
6043,3590,232,1,762600.0
6044,3590,201,1,5862700.0
6045,3590,157,1,5016800.0
6046,3591,210,1,9559100.0
6047,3592,255,2,4195900.0
6048,3592,254,1,1645400.0
6049,3592,84,1,751300.0
6050,3593,57,2,3725700.0
6051,3594,45,1,6237500.0
6052,3594,234,2,460300.0
6053,3595,288,1,1284000.0
6054,3595,126,1,1710100.0
6055,3596,21,1,5104200.0
6056,3596,273,1,4617100.0
6057,3596,169,1,3576400.0
6058,3597,226,1,1795200.0
6059,3597,184,1,3731100.0
6060,3597,271,1,2738800.0
6061,3598,103,1,2863700.0
6062,3599,135,1,1588900.0
6063,3599,299,1,534700.0
6064,3600,73,1,1091000.0
6065,3600,235,1,4386200.0
6066,3601,32,2,3128900.0
6067,3602,152,1,7277100.0
6068,3603,300,1,2300600.0
6069,3603,223,1,8132400.0
6070,3603,118,1,2056100.0
6071,3604,31,1,5114800.0
6072,3604,59,1,1498100.0
6073,3605,123,2,2141000.0
6074,3605,190,1,1507500.0
6075,3606,96,1,2958000.0
6076,3607,62,1,5955300.0
6077,3608,224,1,1566400.0
6078,3609,186,1,1628100.0
6079,3609,218,1,1504000.0
6080,3610,82,1,5273700.0
6081,3611,66,1,2288200.0
6082,3612,40,1,1050200.0
6083,3612,221,1,2317400.0
6084,3612,270,1,1828200.0
6085,3613,194,2,722200.0
6086,3614,259,2,2198100.0
6087,3615,145,1,1527300.0
6088,3616,298,1,3505600.0
6089,3617,218,2,1423200.0
6090,3617,26,1,621000.0
6091,3618,217,2,2021700.0
6092,3618,5,1,4526100.0
6093,3619,101,1,4019400.0
6094,3619,111,1,766300.0
6095,3619,264,1,1285700.0
6096,3620,284,1,3809100.0
6097,3621,147,1,1894200.0
6098,3621,280,1,3303900.0
6099,3622,132,1,2614700.0
6100,3623,232,2,780700.0
6101,3623,160,1,1016200.0
6102,3624,253,1,765800.0
6103,3624,278,1,1628600.0
6104,3625,57,1,3675300.0
6105,3625,86,1,1429500.0
6106,3625,142,1,5446800.0
6107,3626,82,1,5316800.0
6108,3627,85,1,1254700.0
6109,3628,251,2,257200.0
6110,3629,229,1,368900.0
6111,3629,34,1,381500.0
6112,3630,206,1,678600.0
6113,3630,73,1,1101800.0
6114,3631,138,1,5360900.0
6115,3631,19,1,585700.0
6116,3631,67,2,1361900.0
6117,3632,261,1,5800300.0
6118,3632,162,1,6994900.0
6119,3632,281,1,1813200.0
6120,3633,160,2,1076400.0
6121,3634,203,1,8126100.0
6122,3635,240,1,1628300.0
6123,3636,84,2,713800.0
6124,3636,289,1,3665900.0
6125,3637,191,1,4542400.0
6126,3638,80,1,4176000.0
6127,3639,98,1,1331400.0
6128,3640,67,1,1351500.0
6129,3640,176,1,2629600.0
6130,3640,232,1,748800.0
6131,3640,285,1,8065700.0
6132,3641,250,1,1313700.0
6133,3642,239,1,1329400.0
6134,3642,266,1,1901500.0
6135,3643,36,1,919700.0
6136,3643,293,1,483000.0
6137,3644,33,1,416800.0
6138,3644,155,1,4447900.0
6139,3644,217,1,1945900.0
6140,3644,106,1,7629000.0
6141,3645,75,1,1422200.0
6142,3646,49,3,1822700.0
6143,3647,258,1,2455700.0
6144,3648,220,1,2279200.0
6145,3649,111,1,761800.0
6146,3650,235,1,4391300.0
6147,3650,164,1,1856000.0
6148,3651,94,1,550600.0
6149,3652,61,1,577300.0
6150,3652,143,1,5632100.0
6151,3653,161,1,1714500.0
6152,3653,156,1,1131200.0
6153,3653,176,1,2685900.0
6154,3654,62,2,6074400.0
6155,3654,84,1,751000.0
6156,3655,178,1,1871500.0
6157,3655,262,1,1068300.0
6158,3656,18,1,1444700.0
6159,3656,40,1,1040400.0
6160,3657,170,1,7765300.0
6161,3658,168,1,3905100.0
6162,3658,20,1,2753700.0
6163,3658,53,2,349900.0
6164,3658,171,1,1567200.0
6165,3659,54,2,1939600.0
6166,3660,269,1,2032500.0
6167,3660,160,1,1019000.0
6168,3661,271,1,2647400.0
6169,3661,67,1,1402900.0
6170,3662,283,1,882700.0
6171,3663,27,1,1670300.0
6172,3663,225,1,932900.0
6173,3664,105,2,1745500.0
6174,3665,157,1,4986000.0
6175,3665,43,1,1497400.0
6176,3666,79,1,805000.0
6177,3666,287,1,3219900.0
6178,3666,28,1,1376600.0
6179,3667,120,2,1547900.0
6180,3668,55,1,1733100.0
6181,3669,213,1,4984700.0
6182,3670,179,1,3069900.0
6183,3671,191,1,4304200.0
6184,3672,39,1,3654000.0
6185,3673,127,1,972200.0
6186,3673,286,1,5266100.0
6187,3674,62,1,6052700.0
6188,3675,82,1,5256100.0
6189,3675,240,1,1587400.0
6190,3676,173,1,2303700.0
6191,3677,18,2,1414800.0
6192,3677,189,1,2245700.0
6193,3677,271,1,2685800.0
6194,3678,237,1,494700.0
6195,3678,37,1,969500.0
6196,3678,30,1,4367900.0
6197,3678,200,2,707600.0
6198,3679,288,2,1268200.0
6199,3679,197,1,2772000.0
6200,3679,60,1,606500.0
6201,3680,144,1,3755700.0
6202,3680,211,1,376600.0
6203,3681,156,2,1167200.0
6204,3681,41,1,3475800.0
6205,3681,164,1,1854900.0
6206,3682,201,1,5670600.0
6207,3682,12,1,829200.0
6208,3682,30,2,4420000.0
6209,3683,297,1,3188800.0
6210,3683,85,1,1271800.0
6211,3684,213,2,5137900.0
6212,3685,214,1,3678500.0
6213,3685,265,1,6560700.0
6214,3685,291,1,1749000.0
6215,3686,59,1,1489400.0
6216,3687,8,1,1095100.0
6217,3688,145,1,1527900.0
6218,3688,230,1,1157700.0
6219,3688,11,1,8218100.0
6220,3688,133,2,912700.0
6221,3689,16,1,5147000.0
6222,3690,56,2,1320100.0
6223,3691,253,1,771500.0
6224,3692,239,1,1351900.0
6225,3692,126,1,1682700.0
6226,3692,217,1,1951100.0
6227,3693,41,1,3320800.0
6228,3693,253,1,789100.0
6229,3694,260,1,4044200.0
6230,3695,175,1,1284700.0
6231,3695,29,1,2738300.0
6232,3695,231,1,6460200.0
6233,3695,177,1,3466800.0
6234,3696,172,1,6919900.0
6235,3697,127,1,936900.0
6236,3697,161,1,1761800.0
6237,3698,169,1,3491100.0
6238,3698,149,1,1203200.0
6239,3699,209,1,5299000.0
6240,3699,47,1,1360500.0
6241,3699,113,1,3770300.0
6242,3700,72,1,4593400.0
6243,3701,278,1,1609500.0
6244,3702,154,1,3119100.0
6245,3703,181,1,8789800.0
6246,3704,194,2,715200.0
6247,3704,270,1,1891200.0
6248,3705,40,1,1048800.0
6249,3705,111,1,775400.0
6250,3705,188,1,2256500.0
6251,3705,15,1,354600.0
6252,3706,294,2,3261300.0
6253,3707,90,1,2252600.0
6254,3708,288,1,1251900.0
6255,3708,97,1,3723400.0
6256,3709,46,1,5139200.0
6257,3709,197,1,2682900.0
6258,3709,285,1,7952700.0
6259,3709,22,1,1071500.0
6260,3710,175,1,1245000.0
6261,3711,60,1,616100.0
6262,3711,35,1,1606600.0
6263,3712,262,1,1114600.0
6264,3713,34,1,368200.0
6265,3714,5,1,4576700.0
6266,3715,13,1,1181100.0
6267,3715,39,1,3749400.0
6268,3715,185,1,3179400.0
6269,3716,252,1,999300.0
6270,3716,143,1,5768400.0
6271,3717,110,1,1738000.0
6272,3717,164,1,1834100.0
6273,3718,113,1,3755900.0
6274,3718,157,1,5212700.0
6275,3719,182,1,4723300.0
6276,3719,271,2,2740800.0
6277,3719,110,1,1703500.0
6278,3720,88,1,1164100.0
6279,3721,113,1,3860500.0
6280,3721,251,1,243300.0
6281,3722,139,1,4723200.0
6282,3723,130,1,2061000.0
6283,3724,101,2,4036100.0
6284,3725,194,1,696400.0
6285,3726,118,1,1978900.0
6286,3727,29,1,2623300.0
6287,3727,125,1,452200.0
6288,3728,117,1,1794400.0
6289,3728,277,1,1405900.0
6290,3728,90,1,2313800.0
6291,3729,146,1,534500.0
6292,3730,42,1,1472900.0
6293,3731,75,1,1431800.0
6294,3731,227,1,985600.0
6295,3732,7,1,324700.0
6296,3732,203,1,7841100.0
6297,3733,198,1,2495300.0
6298,3734,242,1,685100.0
6299,3734,288,1,1236000.0
6300,3734,78,1,6251700.0
6301,3735,236,1,6801900.0
6302,3736,5,1,4717100.0
6303,3737,252,1,1001900.0
6304,3737,76,1,2280700.0
6305,3738,213,2,5203900.0
6306,3739,298,1,3524700.0
6307,3739,225,1,909900.0
6308,3740,143,2,5729900.0
6309,3740,72,1,4566600.0
6310,3740,69,1,2539300.0
6311,3741,235,1,4424900.0
6312,3741,191,1,4523700.0
6313,3741,21,1,4967300.0
6314,3741,298,2,3489700.0
6315,3742,197,1,2644200.0
6316,3743,61,1,578000.0
6317,3744,107,2,4472200.0
6318,3745,68,1,5307700.0
6319,3745,74,1,1001900.0
6320,3746,7,1,317500.0
6321,3747,275,1,5118000.0
6322,3748,77,1,5067900.0
6323,3749,219,1,4859000.0
6324,3749,59,1,1507600.0
6325,3749,76,1,2228400.0
6326,3750,21,1,5230800.0
6327,3751,161,1,1715800.0
6328,3751,240,1,1633900.0
6329,3752,82,1,5224800.0
6330,3752,268,1,5928000.0
6331,3752,40,1,1022700.0
6332,3753,69,1,2569300.0
6333,3753,194,1,718700.0
6334,3754,290,1,1303700.0
6335,3755,174,1,1762800.0
6336,3755,190,1,1520800.0
6337,3756,196,1,5826200.0
6338,3757,129,2,1412800.0
6339,3758,225,1,891100.0
6340,3758,271,1,2700500.0
6341,3759,264,1,1336600.0
6342,3759,60,1,631600.0
6343,3760,20,1,2784900.0
6344,3760,256,1,2909100.0
6345,3761,8,1,1122800.0
6346,3761,138,1,5242400.0
6347,3762,35,1,1596500.0
6348,3762,200,1,700400.0
6349,3763,156,1,1113400.0
6350,3764,7,1,311500.0
6351,3765,150,1,2155200.0
6352,3766,262,1,1084700.0
6353,3767,56,1,1308100.0
6354,3767,186,1,1637500.0
6355,3767,212,1,5076800.0
6356,3768,32,1,3048300.0
6357,3769,210,1,9371500.0
6358,3770,229,2,384300.0
6359,3771,36,1,941700.0
6360,3772,257,1,5440200.0
6361,3772,16,1,5335800.0
6362,3772,90,1,2260800.0
6363,3773,38,1,2655800.0
6364,3773,141,1,2555100.0
6365,3773,277,1,1485000.0
6366,3773,12,1,818500.0
6367,3774,21,2,5094400.0
6368,3774,178,1,1886100.0
6369,3774,268,2,5844000.0
6370,3774,258,1,2400000.0
6371,3775,82,2,5478800.0
6372,3775,173,1,2278900.0
6373,3776,41,1,3485400.0
6374,3776,186,1,1651500.0
6375,3776,160,1,1014800.0
6376,3777,159,1,5168100.0
6377,3777,126,1,1646100.0
6378,3778,150,1,2065100.0
6379,3779,52,1,3340200.0
6380,3780,262,2,1070700.0
6381,3781,17,1,4630800.0
6382,3781,233,1,1515300.0
6383,3781,252,1,977300.0
6384,3782,253,1,753400.0
6385,3783,220,1,2230500.0
6386,3783,49,1,1809300.0
6387,3784,152,1,7120400.0
6388,3785,60,1,598300.0
6389,3785,275,1,5088100.0
6390,3786,243,1,640900.0
6391,3787,161,1,1725100.0
6392,3788,113,1,3895600.0
6393,3789,94,1,578800.0
6394,3789,140,1,5206000.0
6395,3790,30,2,4311000.0
6396,3791,128,1,972300.0
6397,3792,228,1,2233800.0
6398,3793,7,1,324500.0
6399,3793,234,1,459900.0
6400,3793,254,1,1657500.0
6401,3793,277,1,1425200.0
6402,3794,211,1,377300.0
6403,3794,220,1,2183300.0
6404,3794,287,1,3370900.0
6405,3795,254,1,1603200.0
6406,3796,82,1,5288900.0
6407,3797,299,2,535100.0
6408,3798,77,1,5152600.0
6409,3799,63,1,7089700.0
6410,3800,58,1,490300.0
6411,3800,4,1,994200.0
6412,3801,232,1,773200.0
6413,3801,238,1,5698900.0
6414,3802,300,1,2296500.0
6415,3803,127,1,974800.0
6416,3804,93,1,363000.0
6417,3805,198,1,2454000.0
6418,3806,227,1,958100.0
6419,3806,153,1,877800.0
6420,3807,12,1,795000.0
6421,3808,239,2,1323300.0
6422,3808,105,1,1815600.0
6423,3809,298,1,3521600.0
6424,3809,234,1,451500.0
6425,3810,297,1,3256600.0
6426,3810,226,1,1776600.0
6427,3810,221,1,2376300.0
6428,3811,111,2,802100.0
6429,3812,228,1,2336700.0
6430,3813,77,1,5106400.0
6431,3813,284,1,3852700.0
6432,3813,133,1,887300.0
6433,3813,74,1,996300.0
6434,3814,241,1,1089900.0
6435,3814,7,1,325700.0
6436,3814,55,1,1651100.0
6437,3815,120,1,1550800.0
6438,3815,111,1,783600.0
6439,3816,69,1,2559500.0
6440,3817,98,1,1406900.0
6441,3817,291,1,1798900.0
6442,3817,287,1,3371500.0
6443,3818,69,1,2551800.0
6444,3819,73,1,1092900.0
6445,3819,249,1,3650500.0
6446,3820,23,1,5743500.0
6447,3820,79,1,835700.0
6448,3820,254,1,1616300.0
6449,3821,220,1,2273500.0
6450,3822,244,3,8477600.0
6451,3822,166,1,4666700.0
6452,3822,12,1,802900.0
6453,3822,172,2,6771300.0
6454,3823,133,1,917700.0
6455,3823,183,1,3854400.0
6456,3824,157,1,5137000.0
6457,3825,190,2,1507500.0
6458,3826,62,1,6050000.0
6459,3827,219,1,4770100.0
6460,3828,193,1,9671000.0
6461,3829,200,1,707400.0
6462,3830,114,1,5340300.0
6463,3830,196,1,5530700.0
6464,3830,276,2,1359500.0
6465,3831,152,1,7100200.0
6466,3832,119,1,2913200.0
6467,3832,163,1,6877900.0
6468,3833,299,1,523000.0
6469,3833,172,1,6867000.0
6470,3834,23,1,5816400.0
6471,3834,2,1,5927300.0
6472,3835,172,1,6764000.0
6473,3835,190,2,1547100.0
6474,3835,131,1,9115500.0
6475,3836,13,1,1132900.0
6476,3837,151,1,7630400.0
6477,3837,197,1,2729600.0
6478,3837,142,1,5198200.0
6479,3837,49,1,1826000.0
6480,3838,289,1,3656000.0
6481,3839,211,1,383000.0
6482,3840,211,1,374600.0
6483,3840,92,1,5404900.0
6484,3840,127,1,948100.0
6485,3841,77,3,5136700.0
6486,3842,186,1,1622300.0
6487,3843,173,1,2249900.0
6488,3843,234,1,472500.0
6489,3844,32,1,3177300.0
6490,3844,184,1,3813600.0
6491,3845,13,1,1131900.0
6492,3845,261,1,5834700.0
6493,3845,240,1,1616200.0
6494,3846,46,1,5326200.0
6495,3846,29,1,2620600.0
6496,3846,261,1,5567000.0
6497,3847,230,1,1159900.0
6498,3848,253,1,760400.0
6499,3848,21,2,5182900.0
6500,3848,172,1,6970600.0
6501,3848,274,1,1818500.0
6502,3849,95,1,1139800.0
6503,3849,260,1,4021200.0
6504,3849,205,2,1560000.0
6505,3850,221,1,2424600.0
6506,3850,152,1,7129100.0
6507,3850,109,1,5800300.0
6508,3851,127,2,951100.0
6509,3852,252,1,994100.0
6510,3853,222,1,1567200.0
6511,3854,13,1,1158700.0
6512,3855,242,1,703200.0
6513,3855,183,1,3929500.0
6514,3856,15,2,350800.0
6515,3857,30,1,4315700.0
6516,3857,126,1,1654700.0
6517,3857,71,1,7113800.0
6518,3858,55,1,1693000.0
6519,3859,293,2,470000.0
6520,3859,64,1,387100.0
6521,3860,189,1,2244100.0
6522,3861,83,1,1666300.0
6523,3861,66,1,2402400.0
6524,3862,107,1,4524100.0
6525,3863,93,1,371100.0
6526,3863,81,1,1331800.0
6527,3864,258,2,2505400.0
6528,3865,130,1,2112600.0
6529,3866,36,1,962400.0
6530,3866,115,1,3945000.0
6531,3867,47,1,1352000.0
6532,3868,224,1,1617700.0
6533,3869,246,1,3208800.0
6534,3869,39,1,3625300.0
6535,3870,162,1,7072800.0
6536,3870,107,1,4448900.0
6537,3871,185,1,3247900.0
6538,3872,189,1,2184800.0
6539,3873,21,1,5239900.0
6540,3873,208,1,2285600.0
6541,3873,214,1,3508400.0
6542,3874,66,1,2339100.0
6543,3875,106,3,7505100.0
6544,3875,140,1,5143400.0
6545,3875,28,1,1386900.0
6546,3876,21,1,5208700.0
6547,3876,104,1,1608200.0
6548,3877,90,1,2324400.0
6549,3878,189,1,2225900.0
6550,3879,117,1,1807800.0
6551,3880,34,1,382500.0
6552,3880,244,1,8127300.0
6553,3881,99,1,1953200.0
6554,3881,27,2,1674500.0
6555,3881,279,1,909200.0
6556,3882,174,1,1689200.0
6557,3882,257,1,5690900.0
6558,3882,108,1,7521700.0
6559,3883,267,1,768300.0
6560,3883,121,1,1263400.0
6561,3884,238,1,5620600.0
6562,3884,34,1,376200.0
6563,3885,103,1,2850200.0
6564,3886,234,1,472000.0
6565,3886,281,1,1729000.0
6566,3886,51,1,252100.0
6567,3886,88,1,1132500.0
6568,3887,146,1,541600.0
6569,3887,61,1,606700.0
6570,3888,158,1,1116100.0
6571,3889,18,1,1388900.0
6572,3890,80,1,4129600.0
6573,3890,213,2,5008400.0
6574,3891,52,1,3238300.0
6575,3891,76,1,2236100.0
6576,3892,102,1,2329800.0
6577,3893,180,3,2628800.0
6578,3893,108,1,7514700.0
6579,3894,126,1,1704400.0
6580,3894,68,1,5497100.0
6581,3895,141,1,2474300.0
6582,3895,82,1,5322800.0
6583,3896,12,1,788600.0
6584,3897,131,1,9191200.0
6585,3897,33,1,418600.0
6586,3898,266,1,1857400.0
6587,3898,121,1,1271100.0
6588,3899,76,1,2257800.0
6589,3900,180,3,2518200.0
6590,3901,285,1,7667900.0
6591,3902,3,1,6247700.0
6592,3903,146,1,523600.0
6593,3904,175,1,1316000.0
6594,3905,79,1,800900.0
6595,3906,101,1,4176000.0
6596,3907,11,1,8280700.0
6597,3908,94,1,562800.0
6598,3909,91,1,646900.0
6599,3910,293,1,484000.0
6600,3911,223,1,8161700.0
6601,3911,237,1,496500.0
6602,3911,174,1,1738700.0
6603,3912,81,1,1364400.0
6604,3912,18,1,1418400.0
6605,3912,25,1,2269200.0
6606,3913,232,1,753000.0
6607,3914,29,1,2671700.0
6608,3914,228,1,2338700.0
6609,3915,220,1,2160900.0
6610,3915,241,1,1059500.0
6611,3916,174,2,1709600.0
6612,3917,125,1,458200.0
6613,3918,244,1,8369000.0
6614,3918,186,1,1618000.0
6615,3918,110,1,1671000.0
6616,3919,204,1,712000.0
6617,3920,176,1,2666500.0
6618,3920,134,1,4562900.0
6619,3920,98,1,1395300.0
6620,3921,48,1,840600.0
6621,3921,291,1,1755700.0
6622,3922,187,2,1610500.0
6623,3923,168,1,3957600.0
6624,3923,269,1,2053200.0
6625,3924,172,1,6773800.0
6626,3924,35,1,1550900.0
6627,3924,180,3,2505900.0
6628,3925,272,2,3452300.0
6629,3925,23,2,5676200.0
6630,3925,139,1,4638700.0
6631,3926,10,2,3519000.0
6632,3927,51,1,246500.0
6633,3927,253,1,771200.0
6634,3928,217,1,1981600.0
6635,3928,86,1,1454300.0
6636,3928,94,1,551100.0
6637,3928,163,1,6852600.0
6638,3929,242,1,715900.0
6639,3929,8,1,1145500.0
6640,3929,158,1,1076200.0
6641,3930,261,2,5539300.0
6642,3931,109,1,5677700.0
6643,3931,22,1,1080800.0
6644,3931,277,1,1422400.0
6645,3932,154,1,3182700.0
6646,3933,16,1,5165800.0
6647,3933,94,1,562000.0
6648,3934,57,1,3796900.0
6649,3934,195,1,5478600.0
6650,3934,288,1,1273000.0
6651,3934,33,1,435200.0
6652,3935,60,2,629000.0
6653,3936,300,1,2251600.0
6654,3937,223,1,8219600.0
6655,3938,178,1,1798100.0
6656,3939,152,1,7138300.0
6657,3940,28,1,1394200.0
6658,3941,193,1,9594900.0
6659,3942,59,1,1556400.0
6660,3943,99,1,1886800.0
6661,3944,49,1,1835400.0
6662,3945,219,1,4794300.0
6663,3946,272,1,3366600.0
6664,3947,285,1,7660400.0
6665,3947,257,1,5457800.0
6666,3948,68,1,5415000.0
6667,3949,72,1,4601900.0
6668,3950,260,1,3925900.0
6669,3950,49,1,1820200.0
6670,3951,177,1,3338000.0
6671,3952,2,1,6087500.0
6672,3953,71,1,7186200.0
6673,3953,269,1,2075400.0
6674,3954,269,1,2085500.0
6675,3955,248,1,5087500.0
6676,3956,264,1,1285100.0
6677,3956,10,1,3448900.0
6678,3956,137,1,4864800.0
6679,3957,243,1,630300.0
6680,3958,103,1,2839900.0
6681,3959,120,1,1586400.0
6682,3959,37,1,981200.0
6683,3960,76,1,2159600.0
6684,3960,114,1,5251000.0
6685,3961,44,1,436900.0
6686,3961,255,1,4249300.0
6687,3961,50,1,2972600.0
6688,3962,13,1,1167500.0
6689,3963,188,1,2271500.0
6690,3963,257,1,5576400.0
6691,3963,174,1,1690600.0
6692,3964,150,1,2129300.0
6693,3965,158,1,1060200.0
6694,3965,131,1,8778600.0
6695,3965,154,1,3084400.0
6696,3966,200,2,690300.0
6697,3967,12,1,783900.0
6698,3967,238,3,5558100.0
6699,3967,54,1,1917600.0
6700,3968,229,1,389600.0
6701,3969,238,1,5576900.0
6702,3969,227,1,973400.0
6703,3970,3,1,6358400.0
6704,3970,134,1,4548600.0
6705,3970,181,1,8375900.0
6706,3970,253,1,792300.0
6707,3971,220,2,2265100.0
6708,3971,176,1,2750800.0
6709,3972,222,1,1542100.0
6710,3972,247,2,1107500.0
6711,3973,56,1,1264800.0
6712,3974,38,1,2765000.0
6713,3974,298,1,3415900.0
6714,3974,13,1,1161900.0
6715,3975,245,1,2051300.0
6716,3975,98,1,1332600.0
6717,3975,260,1,3880900.0
6718,3975,156,1,1151300.0
6719,3976,196,1,5582300.0
6720,3976,149,1,1151900.0
6721,3977,189,1,2250000.0
6722,3978,235,1,4206700.0
6723,3979,184,1,3937500.0
6724,3980,68,1,5450900.0
6725,3981,38,1,2614600.0
6726,3982,168,1,3883000.0
6727,3982,210,1,9469800.0
6728,3983,135,1,1580400.0
6729,3983,225,1,914800.0
6730,3984,119,1,2921500.0
6731,3985,92,1,5363900.0
6732,3985,238,1,5572200.0
6733,3986,197,1,2644500.0
6734,3986,274,2,1800600.0
6735,3987,156,1,1173200.0
6736,3987,270,1,1823400.0
6737,3988,72,1,4722600.0
6738,3989,166,1,4841600.0
6739,3990,276,1,1368400.0
6740,3990,93,1,369700.0
6741,3990,227,1,958800.0
6742,3991,276,1,1307400.0
6743,3992,221,1,2341000.0
6744,3992,252,1,992900.0
6745,3993,73,1,1087000.0
6746,3994,281,1,1785500.0
6747,3995,197,1,2663800.0
6748,3995,220,1,2290100.0
6749,3996,108,1,7435600.0
6750,3997,210,1,9575800.0
6751,3997,11,1,8172600.0
6752,3998,132,1,2705000.0
6753,3999,175,1,1252500.0
6754,3999,288,1,1295700.0
6755,4000,9,1,4550500.0
6756,4000,297,1,3198500.0
6757,4000,122,1,2502600.0
6758,4001,217,1,1992500.0
6759,4001,185,1,3266300.0
6760,4002,27,1,1669200.0
6761,4002,30,1,4399100.0
6762,4002,199,1,1600800.0
6763,4003,160,3,1044400.0
6764,4003,242,1,719900.0
6765,4003,72,2,4649600.0
6766,4004,282,1,307000.0
6767,4005,56,1,1325500.0
6768,4005,204,1,720300.0
6769,4005,259,1,2195200.0
6770,4006,234,1,458500.0
6771,4007,192,1,1718700.0
6772,4007,125,1,440800.0
6773,4007,20,1,2816500.0
6774,4008,286,1,5130700.0
6775,4009,171,1,1632000.0
6776,4009,135,1,1544400.0
6777,4010,162,1,6816800.0
6778,4010,252,1,970100.0
6779,4010,159,1,5233000.0
6780,4011,274,2,1818000.0
6781,4012,258,1,2452500.0
6782,4012,6,1,1535600.0
6783,4013,16,1,5245400.0
6784,4013,149,1,1173800.0
6785,4013,83,1,1672000.0
6786,4014,128,1,965000.0
6787,4015,72,1,4566100.0
6788,4016,163,1,6913700.0
6789,4016,155,1,4542400.0
6790,4017,99,1,1876400.0
6791,4018,243,1,629300.0
6792,4019,263,1,1220400.0
6793,4019,181,3,8799600.0
6794,4019,37,1,973900.0
6795,4020,88,3,1150600.0
6796,4021,84,1,721000.0
6797,4021,139,1,4779600.0
6798,4022,102,1,2340000.0
6799,4022,115,1,4143300.0
6800,4023,70,1,5507100.0
6801,4024,38,1,2665000.0
6802,4025,142,1,5444800.0
6803,4025,137,1,4634000.0
6804,4026,147,1,1940600.0
6805,4027,140,1,5108200.0
6806,4028,202,1,3136500.0
6807,4028,41,1,3396900.0
6808,4029,186,1,1603300.0
6809,4029,70,1,5493700.0
6810,4029,114,1,5446900.0
6811,4030,48,1,858700.0
6812,4030,206,1,665600.0
6813,4031,6,1,1600000.0
6814,4032,3,1,6510600.0
6815,4033,297,1,3170600.0
6816,4034,211,1,383800.0
6817,4034,126,1,1665800.0
6818,4035,38,2,2657800.0
6819,4035,213,1,5103200.0
6820,4035,260,1,3968400.0
6821,4035,78,1,6462400.0
6822,4036,286,1,5161900.0
6823,4037,293,1,463900.0
6824,4038,239,1,1292500.0
6825,4038,174,1,1731800.0
6826,4038,98,1,1371200.0
6827,4039,19,1,572900.0
6828,4040,127,1,962300.0
6829,4041,49,1,1895300.0
6830,4041,108,1,7463000.0
6831,4041,258,1,2478000.0
6832,4042,125,1,450500.0
6833,4043,234,1,449600.0
6834,4044,46,1,5243600.0
6835,4045,154,1,3051400.0
6836,4046,134,1,4600600.0
6837,4047,259,1,2118800.0
6838,4048,80,1,4101800.0
6839,4049,242,1,721300.0
6840,4050,178,1,1857800.0
6841,4050,148,1,4061500.0
6842,4051,231,1,6324700.0
6843,4052,55,1,1668300.0
6844,4053,197,1,2680000.0
6845,4053,229,1,367600.0
6846,4054,177,1,3291900.0
6847,4055,178,1,1809900.0
6848,4055,196,1,5679700.0
6849,4055,90,1,2327300.0
6850,4056,163,1,6838800.0
6851,4057,75,1,1460200.0
6852,4057,83,1,1625800.0
6853,4058,221,2,2345500.0
6854,4058,258,1,2509100.0
6855,4059,223,1,7842300.0
6856,4059,187,1,1592000.0
6857,4059,235,1,4321400.0
6858,4060,251,1,255600.0
6859,4061,64,1,377300.0
6860,4062,16,1,5272600.0
6861,4063,126,1,1703100.0
6862,4064,125,1,456400.0
6863,4064,89,1,6924900.0
6864,4064,247,1,1133600.0
6865,4064,155,1,4543000.0
6866,4065,251,1,252400.0
6867,4065,58,1,493000.0
6868,4065,180,1,2506000.0
6869,4065,39,1,3670400.0
6870,4066,177,1,3417000.0
6871,4067,141,1,2556200.0
6872,4068,78,1,6318400.0
6873,4069,37,1,952600.0
6874,4069,103,3,2851700.0
6875,4069,164,1,1838500.0
6876,4070,148,1,4302000.0
6877,4071,238,1,5663500.0
6878,4071,69,1,2616000.0
6879,4072,266,1,1937600.0
6880,4073,165,1,3371600.0
6881,4074,122,1,2516800.0
6882,4074,166,1,4814900.0
6883,4074,187,1,1604600.0
6884,4075,96,1,2955400.0
6885,4075,54,1,1959600.0
6886,4076,125,1,459200.0
6887,4077,102,1,2336200.0
6888,4077,4,1,978000.0
6889,4078,107,1,4531000.0
6890,4079,279,1,936300.0
6891,4079,231,1,6379400.0
6892,4079,271,1,2706600.0
6893,4080,108,1,7503600.0
6894,4081,205,1,1558800.0
6895,4082,118,1,2027500.0
6896,4083,215,1,3979500.0
6897,4083,195,1,5671900.0
6898,4084,260,1,4034600.0
6899,4084,24,1,3806300.0
6900,4085,192,1,1758700.0
6901,4085,50,1,2868800.0
6902,4086,180,1,2578600.0
6903,4086,124,1,939200.0
6904,4086,7,1,313100.0
6905,4087,14,1,717900.0
6906,4088,136,1,660900.0
6907,4088,6,1,1565600.0
6908,4089,47,1,1377100.0
6909,4089,227,1,1002200.0
6910,4089,33,1,429700.0
6911,4090,118,1,1986400.0
6912,4090,20,2,2847900.0
6913,4090,32,1,3054700.0
6914,4091,13,1,1139900.0
6915,4092,83,1,1648000.0
6916,4093,215,1,4023300.0
6917,4094,226,1,1818100.0
6918,4094,198,1,2405500.0
6919,4095,159,1,5377600.0
6920,4096,237,1,511400.0
6921,4096,53,1,356900.0
6922,4097,257,1,5584400.0
6923,4097,5,1,4495300.0
6924,4098,48,1,853600.0
6925,4099,238,1,5654800.0
6926,4100,36,1,956200.0
6927,4100,211,2,379700.0
6928,4101,211,1,382300.0
6929,4102,282,1,315100.0
6930,4103,162,1,6706300.0
6931,4104,33,1,419300.0
6932,4104,81,1,1382200.0
6933,4105,183,1,3939500.0
6934,4106,160,1,1072600.0
6935,4107,128,1,999000.0
6936,4107,285,1,7729700.0
6937,4108,298,1,3396600.0
6938,4109,272,1,3462300.0
6939,4110,272,2,3382300.0
6940,4110,228,1,2279900.0
6941,4110,10,1,3554200.0
6942,4111,114,1,5239500.0
6943,4112,15,1,369700.0
6944,4112,247,2,1092200.0
6945,4113,56,1,1263500.0
6946,4113,67,1,1341500.0
6947,4113,123,1,2235200.0
6948,4114,177,1,3433500.0
6949,4114,32,2,3131300.0
6950,4114,29,1,2630300.0
6951,4115,71,1,7205800.0
6952,4115,279,1,900400.0
6953,4116,203,1,8201100.0
6954,4116,150,1,2166300.0
6955,4116,74,1,978200.0
6956,4117,78,1,6314500.0
6957,4117,41,1,3478900.0
6958,4117,54,1,1939700.0
6959,4117,235,1,4385200.0
6960,4118,295,1,782100.0
6961,4118,139,1,4583200.0
6962,4119,206,1,652600.0
6963,4119,47,1,1382200.0
6964,4120,180,1,2629000.0
6965,4121,40,1,1052400.0
6966,4121,38,1,2631900.0
6967,4121,104,1,1564700.0
6968,4121,211,1,382700.0
6969,4122,293,1,473700.0
6970,4123,37,2,945300.0
6971,4124,164,1,1850900.0
6972,4125,286,1,5186100.0
6973,4126,280,1,3399100.0
6974,4126,67,1,1398100.0
6975,4127,52,1,3289700.0
6976,4128,162,2,6942100.0
6977,4129,240,1,1633100.0
6978,4130,56,1,1304400.0
6979,4131,262,1,1119500.0
6980,4131,144,1,3805100.0
6981,4131,237,2,521100.0
6982,4131,99,1,1934200.0
6983,4132,76,1,2177500.0
6984,4132,108,1,7253300.0
6985,4132,283,1,881100.0
6986,4133,275,1,5024600.0
6987,4133,228,1,2311400.0
6988,4133,78,1,6364100.0
6989,4134,255,1,4257600.0
6990,4135,159,1,5357900.0
6991,4136,184,1,3844200.0
6992,4136,5,1,4717900.0
6993,4137,4,1,991900.0
6994,4137,6,1,1577200.0
6995,4137,185,1,3182400.0
6996,4137,273,1,4601900.0
6997,4138,268,1,5694200.0
6998,4139,77,1,5072300.0
6999,4139,134,1,4427500.0
7000,4140,4,1,966900.0
7001,4140,36,1,934700.0
7002,4141,186,1,1608000.0
7003,4141,255,1,4187000.0
7004,4141,160,1,1024000.0
7005,4141,120,1,1552600.0
7006,4142,22,1,1072700.0
7007,4143,44,1,443200.0
7008,4144,228,1,2237000.0
7009,4144,107,1,4454900.0
7010,4145,57,1,3791800.0
7011,4145,137,1,4833100.0
7012,4146,127,1,964800.0
7013,4147,94,2,562500.0
7014,4147,242,1,717500.0
7015,4147,248,1,4971700.0
7016,4148,32,1,3079000.0
7017,4148,86,1,1449700.0
7018,4149,178,1,1862600.0
7019,4149,155,1,4379300.0
7020,4150,32,1,3096500.0
7021,4151,67,1,1391500.0
7022,4152,89,1,6557200.0
7023,4152,86,1,1486200.0
7024,4153,289,1,3703200.0
7025,4153,161,1,1757700.0
7026,4154,145,1,1519300.0
7027,4155,10,1,3508100.0
7028,4156,286,1,5099900.0
7029,4157,80,1,4119500.0
7030,4158,244,1,8123500.0
7031,4158,267,1,799200.0
7032,4159,195,1,5470700.0
7033,4160,203,1,7803200.0
7034,4161,281,1,1717600.0
7035,4161,96,1,3021300.0
7036,4162,164,1,1904100.0
7037,4162,77,1,5063100.0
7038,4163,66,1,2386800.0
7039,4164,256,1,2843200.0
7040,4165,57,1,3783600.0
7041,4166,166,1,4785700.0
7042,4167,219,1,4850900.0
7043,4168,213,1,4958000.0
7044,4169,211,1,383800.0
7045,4169,101,1,4209400.0
7046,4169,189,2,2177000.0
7047,4169,81,1,1334600.0
7048,4170,61,1,602200.0
7049,4170,158,1,1108000.0
7050,4170,69,1,2517200.0
7051,4171,68,1,5318400.0
7052,4172,8,1,1084900.0
7053,4173,107,2,4674200.0
7054,4173,112,1,4716200.0
7055,4174,185,1,3221500.0
7056,4175,50,1,2860600.0
7057,4175,193,2,9929100.0
7058,4175,40,1,1054900.0
7059,4176,184,1,3916000.0
7060,4176,191,1,4445400.0
7061,4177,35,3,1582400.0
7062,4177,289,1,3514000.0
7063,4178,266,1,1908100.0
7064,4179,56,1,1287000.0
7065,4180,276,1,1311800.0
7066,4181,97,1,3749900.0
7067,4182,135,1,1546000.0
7068,4183,231,1,6305400.0
7069,4183,95,1,1127500.0
7070,4184,75,1,1483200.0
7071,4185,243,1,622400.0
7072,4185,152,1,7095200.0
7073,4185,93,1,369800.0
7074,4186,275,1,5000300.0
7075,4186,48,1,883300.0
7076,4187,246,1,3171500.0
7077,4188,181,1,8422700.0
7078,4188,277,1,1426800.0
7079,4188,205,1,1541000.0
7080,4189,251,1,253500.0
7081,4189,18,1,1427400.0
7082,4189,154,3,3114200.0
7083,4190,124,1,942000.0
7084,4191,27,1,1619100.0
7085,4191,232,2,765300.0
7086,4191,246,1,3322700.0
7087,4192,277,1,1471300.0
7088,4192,147,1,1858900.0
7089,4193,169,1,3595800.0
7090,4194,277,3,1480600.0
7091,4195,167,2,1912200.0
7092,4196,284,2,3720600.0
7093,4196,94,1,557000.0
7094,4196,223,1,8066800.0
7095,4197,91,1,680100.0
7096,4198,257,1,5518800.0
7097,4198,240,1,1614600.0
7098,4198,133,1,876100.0
7099,4198,80,1,4181100.0
7100,4199,115,1,3993000.0
7101,4199,223,1,8104000.0
7102,4200,130,1,2105400.0
7103,4200,192,2,1745200.0
7104,4200,222,1,1492300.0
7105,4201,27,1,1610900.0
7106,4202,192,1,1738700.0
7107,4203,139,1,4798000.0
7108,4203,12,1,805100.0
7109,4204,38,1,2617100.0
7110,4204,153,1,865100.0
7111,4205,261,2,5691500.0
7112,4206,18,1,1453600.0
7113,4207,43,1,1516200.0
7114,4208,243,1,627400.0
7115,4208,292,1,1944500.0
7116,4209,118,1,2033800.0
7117,4209,101,1,4075400.0
7118,4210,292,1,1976900.0
7119,4211,164,1,1896400.0
7120,4212,143,1,5603700.0
7121,4213,139,1,4723200.0
7122,4213,133,1,914800.0
7123,4214,3,1,6563900.0
7124,4215,192,1,1748400.0
7125,4215,174,1,1694900.0
7126,4215,290,1,1266200.0
7127,4216,237,1,505600.0
7128,4217,135,1,1595400.0
7129,4218,78,1,6232700.0
7130,4219,194,1,686200.0
7131,4219,117,1,1783300.0
7132,4220,203,1,7958600.0
7133,4220,28,1,1371900.0
7134,4221,69,1,2517000.0
7135,4221,17,1,4705500.0
7136,4221,234,1,461000.0
7137,4222,114,1,5403200.0
7138,4223,148,2,4122000.0
7139,4223,4,1,1003400.0
7140,4224,136,1,631800.0
7141,4224,21,1,4998500.0
7142,4224,191,1,4336400.0
7143,4224,41,1,3419300.0
7144,4225,282,1,312300.0
7145,4225,34,1,382900.0
7146,4226,87,1,1819900.0
7147,4226,155,1,4533600.0
7148,4227,28,1,1379600.0
7149,4228,260,1,3980300.0
7150,4228,149,1,1198300.0
7151,4229,169,1,3518400.0
7152,4229,252,1,971300.0
7153,4230,117,1,1773200.0
7154,4230,125,1,458100.0
7155,4230,38,1,2634900.0
7156,4231,204,1,728600.0
7157,4232,137,2,4792700.0
7158,4232,14,1,720100.0
7159,4232,117,1,1739300.0
7160,4233,263,1,1196700.0
7161,4234,11,1,8277600.0
7162,4235,198,1,2426000.0
7163,4235,270,1,1831000.0
7164,4235,45,1,6260800.0
7165,4236,206,1,678200.0
7166,4237,293,1,482900.0
7167,4237,49,1,1871300.0
7168,4238,203,1,8084200.0
7169,4239,196,2,5666000.0
7170,4239,233,1,1504400.0
7171,4239,217,1,2009200.0
7172,4239,188,1,2192800.0
7173,4240,189,1,2202300.0
7174,4241,159,1,5200900.0
7175,4242,147,2,1952200.0
7176,4242,139,1,4641500.0
7177,4242,10,1,3434500.0
7178,4243,143,2,5689900.0
7179,4243,296,1,7464900.0
7180,4243,65,3,6555500.0
7181,4244,27,1,1581200.0
7182,4245,193,1,9615500.0
7183,4246,289,1,3670200.0
7184,4247,185,1,3102100.0
7185,4248,147,1,1878900.0
7186,4249,252,1,968500.0
7187,4249,121,1,1267500.0
7188,4249,245,1,1988600.0
7189,4249,292,1,1915200.0
7190,4250,121,1,1264400.0
7191,4251,75,1,1481700.0
7192,4252,106,1,7813600.0
7193,4253,20,1,2830300.0
7194,4253,215,1,4003600.0
7195,4254,149,1,1184600.0
7196,4254,286,1,5200400.0
7197,4255,249,1,3665200.0
7198,4255,135,1,1533400.0
7199,4256,220,1,2260000.0
7200,4257,72,1,4533200.0
7201,4257,45,1,6189500.0
7202,4258,115,1,3996200.0
7203,4258,32,1,3080600.0
7204,4258,100,1,642800.0
7205,4259,151,1,7488500.0
7206,4259,72,1,4600800.0
7207,4260,12,1,786900.0
7208,4260,52,1,3327100.0
7209,4261,221,1,2354400.0
7210,4262,196,2,5556800.0
7211,4263,26,1,636900.0
7212,4263,195,1,5557900.0
7213,4264,272,1,3510100.0
7214,4264,40,1,1057900.0
7215,4264,212,1,5201800.0
7216,4265,191,1,4453000.0
7217,4265,122,1,2551800.0
7218,4266,210,1,9381000.0
7219,4267,88,2,1159900.0
7220,4268,28,1,1387400.0
7221,4268,18,1,1448200.0
7222,4269,187,1,1554900.0
7223,4270,58,1,478500.0
7224,4270,123,1,2132000.0
7225,4270,223,2,8052400.0
7226,4271,107,1,4652200.0
7227,4272,111,1,770000.0
7228,4273,272,1,3416000.0
7229,4274,125,1,447100.0
7230,4275,72,1,4751500.0
7231,4276,9,1,4602100.0
7232,4277,262,1,1126200.0
7233,4277,256,1,2939400.0
7234,4278,64,1,379100.0
7235,4278,289,1,3552100.0
7236,4278,53,1,354200.0
7237,4278,211,1,374800.0
7238,4279,5,1,4656900.0
7239,4279,232,2,754600.0
7240,4279,201,1,5806400.0
7241,4279,300,1,2270800.0
7242,4280,132,1,2754600.0
7243,4280,23,1,5954600.0
7244,4281,168,1,3856300.0
7245,4282,46,1,5076300.0
7246,4283,281,1,1734100.0
7247,4283,193,1,9829200.0
7248,4284,203,2,8185200.0
7249,4285,54,1,1878900.0
7250,4285,172,1,6948400.0
7251,4286,88,1,1150000.0
7252,4286,80,1,4125900.0
7253,4287,278,1,1611600.0
7254,4288,74,1,1006200.0
7255,4288,205,1,1575500.0
7256,4289,183,1,3907300.0
7257,4289,256,1,2855300.0
7258,4289,69,1,2652300.0
7259,4290,297,1,3219700.0
7260,4291,97,1,3882100.0
7261,4292,117,1,1818900.0
7262,4292,287,1,3204300.0
7263,4293,233,2,1479200.0
7264,4293,68,1,5535700.0
7265,4293,245,1,2034300.0
7266,4293,182,1,4780100.0
7267,4294,300,1,2217100.0
7268,4295,279,1,918100.0
7269,4295,166,1,4667200.0
7270,4296,7,1,327100.0
7271,4297,68,1,5340100.0
7272,4297,119,1,2897400.0
7273,4297,246,1,3300400.0
7274,4298,32,1,3034700.0
7275,4298,161,1,1768100.0
7276,4299,173,1,2288000.0
7277,4300,55,1,1708100.0
7278,4300,1,1,853300.0
7279,4301,235,1,4284400.0
7280,4301,97,1,3832100.0
7281,4302,62,1,6251900.0
7282,4303,83,2,1627200.0
7283,4304,132,1,2665300.0
7284,4304,67,1,1358700.0
7285,4305,220,1,2201200.0
7286,4306,60,1,629000.0
7287,4307,156,1,1131000.0
7288,4308,149,3,1163900.0
7289,4309,146,1,547000.0
7290,4309,262,1,1066100.0
7291,4310,43,1,1506000.0
7292,4311,8,1,1087500.0
7293,4311,48,1,847300.0
7294,4312,140,1,5072300.0
7295,4312,288,1,1251900.0
7296,4313,161,1,1723800.0
7297,4314,107,1,4449700.0
7298,4314,242,1,709200.0
7299,4315,101,1,4194000.0
7300,4315,123,1,2239500.0
7301,4315,87,1,1803900.0
7302,4316,148,1,4131600.0
7303,4316,99,1,1906700.0
7304,4317,132,1,2716900.0
7305,4317,150,1,2060400.0
7306,4318,270,1,1884900.0
7307,4318,30,1,4260100.0
7308,4319,207,1,4746100.0
7309,4320,44,1,432500.0
7310,4321,280,1,3377700.0
7311,4321,22,1,1086400.0
7312,4322,237,3,523900.0
7313,4322,223,1,8153200.0
7314,4323,203,1,8035200.0
7315,4323,61,1,591400.0
7316,4324,131,1,8893100.0
7317,4324,12,2,805100.0
7318,4324,238,1,5493900.0
7319,4324,221,2,2375400.0
7320,4325,86,1,1452900.0
7321,4326,290,1,1253600.0
7322,4326,227,1,971300.0
7323,4327,208,1,2363100.0
7324,4328,68,3,5307500.0
7325,4329,287,1,3199900.0
7326,4330,299,1,515100.0
7327,4331,227,1,1007600.0
7328,4332,96,1,2890500.0
7329,4332,253,1,784400.0
7330,4333,82,1,5457200.0
7331,4333,49,1,1856300.0
7332,4334,145,2,1480300.0
7333,4335,31,2,5265000.0
7334,4336,27,1,1588800.0
7335,4336,277,1,1442100.0
7336,4337,33,1,440600.0
7337,4338,215,1,3994400.0
7338,4338,49,1,1884500.0
7339,4339,203,1,7745600.0
7340,4340,199,1,1529300.0
7341,4340,57,1,3683500.0
7342,4341,16,1,5175400.0
7343,4341,158,1,1110500.0
7344,4342,53,1,355900.0
7345,4343,43,1,1484200.0
7346,4343,190,1,1506000.0
7347,4343,39,1,3742300.0
7348,4344,139,1,4564200.0
7349,4345,45,1,6135500.0
7350,4345,248,1,5088100.0
7351,4346,205,1,1571900.0
7352,4346,118,1,1999100.0
7353,4347,126,1,1674500.0
7354,4347,173,3,2310700.0
7355,4348,177,2,3487000.0
7356,4348,297,2,3249100.0
7357,4348,263,1,1182300.0
7358,4349,238,1,5621000.0
7359,4350,174,1,1738800.0
7360,4350,219,1,4795800.0
7361,4350,212,1,5268300.0
7362,4351,24,1,3908800.0
7363,4352,21,1,5158700.0
7364,4353,128,1,982900.0
7365,4353,33,2,429600.0
7366,4353,11,1,7973600.0
7367,4354,182,1,4900100.0
7368,4355,227,1,988500.0
7369,4356,85,1,1217100.0
7370,4357,261,1,5752700.0
7371,4358,237,1,495000.0
7372,4358,257,1,5582300.0
7373,4358,207,1,4694900.0
7374,4359,64,1,378400.0
7375,4360,249,1,3630000.0
7376,4361,177,1,3463100.0
7377,4361,118,1,2056100.0
7378,4361,82,3,5500700.0
7379,4361,53,1,348000.0
7380,4362,56,1,1295900.0
7381,4363,52,1,3194100.0
7382,4363,232,1,776200.0
7383,4363,187,1,1605900.0
7384,4364,22,1,1098700.0
7385,4364,25,1,2213600.0
7386,4365,193,1,9698500.0
7387,4366,132,1,2700700.0
7388,4367,98,1,1336600.0
7389,4367,27,1,1618300.0
7390,4367,45,1,6294800.0
7391,4368,205,1,1568600.0
7392,4368,256,1,2892200.0
7393,4368,11,1,8008700.0
7394,4369,95,2,1122500.0
7395,4369,32,1,3165900.0
7396,4370,210,1,9502500.0
7397,4371,151,1,7794200.0
7398,4371,76,1,2157600.0
7399,4372,188,1,2194100.0
7400,4373,216,2,1778700.0
7401,4374,219,1,4708500.0
7402,4374,294,1,3174800.0
7403,4375,16,2,5264400.0
7404,4376,300,2,2184900.0
7405,4377,15,1,350300.0
7406,4378,8,1,1090500.0
7407,4379,282,3,311500.0
7408,4380,297,1,3266300.0
7409,4381,59,2,1494400.0
7410,4381,278,1,1643200.0
7411,4382,113,1,3778600.0
7412,4383,80,1,3983000.0
7413,4383,124,1,943100.0
7414,4383,140,1,5094800.0
7415,4384,266,2,1879100.0
7416,4385,298,1,3458600.0
7417,4385,113,1,3873300.0
7418,4386,279,1,931600.0
7419,4387,235,1,4216800.0
7420,4388,126,1,1658800.0
7421,4388,175,2,1276300.0
7422,4388,69,1,2559800.0
7423,4389,22,1,1062800.0
7424,4389,76,1,2204300.0
7425,4390,86,1,1415900.0
7426,4390,241,1,1082000.0
7427,4390,16,3,5102500.0
7428,4390,43,1,1495900.0
7429,4391,148,1,4083000.0
7430,4392,146,1,538900.0
7431,4392,112,1,4720800.0
7432,4392,172,1,6628600.0
7433,4393,299,1,523500.0
7434,4394,197,1,2751900.0
7435,4394,291,1,1822800.0
7436,4395,260,1,3893100.0
7437,4395,232,1,765100.0
7438,4396,144,1,3913000.0
7439,4396,149,1,1168600.0
7440,4396,169,1,3631300.0
7441,4397,2,1,5993300.0
7442,4397,233,1,1517500.0
7443,4398,261,1,5762400.0
7444,4399,181,2,8842400.0
7445,4399,231,1,6362600.0
7446,4399,139,1,4695300.0
7447,4400,173,1,2218500.0
7448,4401,192,1,1776100.0
7449,4401,5,1,4546500.0
7450,4401,152,1,7131400.0
7451,4402,149,1,1158600.0
7452,4402,288,1,1288100.0
7453,4403,233,1,1467800.0
7454,4404,177,1,3454700.0
7455,4404,125,1,455100.0
7456,4404,187,1,1625600.0
7457,4404,285,1,7705400.0
7458,4405,177,1,3307700.0
7459,4405,62,1,6255900.0
7460,4406,271,1,2687200.0
7461,4406,48,2,878100.0
7462,4407,213,2,5187500.0
7463,4407,121,1,1282600.0
7464,4407,62,1,6135100.0
7465,4408,198,1,2450800.0
7466,4409,227,1,993300.0
7467,4409,53,1,355200.0
7468,4409,234,1,469700.0
7469,4410,247,1,1114600.0
7470,4410,116,1,4320900.0
7471,4410,175,1,1277300.0
7472,4411,131,1,9013000.0
7473,4412,220,1,2254500.0
7474,4413,24,2,3826100.0
7475,4414,72,1,4548600.0
7476,4415,61,1,605700.0
7477,4415,164,1,1836700.0
7478,4416,230,2,1195600.0
7479,4416,58,1,489500.0
7480,4417,135,1,1615700.0
7481,4418,53,1,353700.0
7482,4419,103,1,2819600.0
7483,4420,7,1,323300.0
7484,4421,296,1,7415900.0
7485,4422,81,1,1336900.0
7486,4422,35,2,1545400.0
7487,4423,196,1,5514800.0
7488,4424,97,2,3754700.0
7489,4425,129,1,1389100.0
7490,4426,107,3,4435800.0
7491,4426,99,1,1957100.0
7492,4427,108,1,7562500.0
7493,4428,8,1,1114700.0
7494,4428,259,1,2108400.0
7495,4428,66,1,2327500.0
7496,4428,31,1,5275900.0
7497,4429,242,1,698900.0
7498,4429,56,1,1308200.0
7499,4430,227,1,1002300.0
7500,4431,145,1,1475800.0
7501,4432,24,1,3789200.0
7502,4432,274,1,1819200.0
7503,4432,90,1,2346100.0
7504,4432,67,1,1383100.0
7505,4433,111,1,777900.0
7506,4434,89,2,6617800.0
7507,4435,277,1,1404100.0
7508,4435,259,1,2217500.0
7509,4435,210,1,9261700.0
7510,4436,32,1,3202400.0
7511,4437,226,2,1816500.0
7512,4438,221,1,2308200.0
7513,4438,172,1,6585000.0
7514,4439,18,1,1441700.0
7515,4439,127,1,976700.0
7516,4440,173,2,2231200.0
7517,4440,249,2,3513900.0
7518,4441,228,1,2297400.0
7519,4442,42,1,1477200.0
7520,4442,282,1,310100.0
7521,4442,239,2,1365700.0
7522,4443,68,2,5493400.0
7523,4443,18,1,1449900.0
7524,4444,176,1,2677100.0
7525,4445,43,1,1488300.0
7526,4445,237,1,508900.0
7527,4445,162,1,6878800.0
7528,4446,202,1,3142900.0
7529,4446,24,1,3854500.0
7530,4446,86,1,1489700.0
7531,4447,72,1,4669500.0
7532,4447,77,1,4949500.0
7533,4447,271,2,2726600.0
7534,4448,7,1,313700.0
7535,4449,49,1,1830500.0
7536,4450,233,1,1514200.0
7537,4451,138,1,5441600.0
7538,4451,162,1,7026000.0
7539,4452,170,1,7589700.0
7540,4452,110,2,1670000.0
7541,4453,74,1,988600.0
7542,4454,231,1,6404500.0
7543,4455,70,1,5426800.0
7544,4456,237,1,499500.0
7545,4456,112,1,4735200.0
7546,4457,252,1,990700.0
7547,4458,117,1,1732100.0
7548,4458,174,1,1760000.0
7549,4459,53,1,361100.0
7550,4459,81,1,1333800.0
7551,4460,20,1,2745500.0
7552,4461,102,1,2246700.0
7553,4461,279,1,902800.0
7554,4461,272,1,3460400.0
7555,4462,188,2,2245800.0
7556,4462,189,1,2236800.0
7557,4463,71,1,6985500.0
7558,4463,267,1,786600.0
7559,4464,201,1,5697200.0
7560,4464,208,1,2275600.0
7561,4464,30,1,4251200.0
7562,4465,227,1,993200.0
7563,4466,111,1,793900.0
7564,4466,179,1,3221100.0
7565,4466,17,1,4705300.0
7566,4467,129,1,1352800.0
7567,4467,91,1,653900.0
7568,4467,278,1,1605400.0
7569,4468,177,1,3317300.0
7570,4468,172,1,6733100.0
7571,4469,202,1,3019400.0
7572,4470,185,1,3128100.0
7573,4471,228,1,2310400.0
7574,4471,11,1,8216000.0
7575,4472,153,1,852200.0
7576,4472,242,1,705000.0
7577,4473,283,1,892500.0
7578,4474,86,1,1468100.0
7579,4475,100,1,642600.0
7580,4476,95,1,1154200.0
7581,4476,211,1,382800.0
7582,4476,66,1,2309400.0
7583,4477,61,1,609400.0
7584,4478,153,1,897400.0
7585,4479,168,1,3776900.0
7586,4480,164,1,1855300.0
7587,4481,69,2,2644200.0
7588,4482,242,1,707700.0
7589,4483,174,1,1741200.0
7590,4483,166,1,4653600.0
7591,4484,173,1,2291100.0
7592,4484,101,2,4080400.0
7593,4485,88,1,1108800.0
7594,4485,23,1,5937200.0
7595,4486,131,2,8911300.0
7596,4487,57,1,3794700.0
7597,4488,59,1,1486000.0
7598,4489,7,1,314800.0
7599,4489,44,1,433800.0
7600,4490,63,1,6955400.0
7601,4491,277,1,1426500.0
7602,4491,214,1,3511900.0
7603,4492,261,1,5622300.0
7604,4493,139,1,4563200.0
7605,4494,51,1,252400.0
7606,4495,47,1,1377400.0
7607,4495,203,1,8029500.0
7608,4496,3,1,6532800.0
7609,4496,182,1,4793100.0
7610,4496,186,1,1611200.0
7611,4496,184,1,3818100.0
7612,4497,208,1,2307700.0
7613,4497,258,1,2497000.0
7614,4497,39,1,3783300.0
7615,4497,75,1,1433400.0
7616,4498,73,1,1087300.0
7617,4499,148,1,4223000.0
7618,4500,133,1,918400.0
7619,4501,285,1,7805100.0
7620,4502,244,2,8546400.0
7621,4503,187,1,1544300.0
7622,4503,29,1,2645500.0
7623,4504,26,1,607400.0
7624,4505,13,1,1116100.0
7625,4506,166,1,4868600.0
7626,4507,26,1,611700.0
7627,4508,33,1,433000.0
7628,4509,10,1,3508500.0
7629,4510,30,1,4408800.0
7630,4510,45,1,6295400.0
7631,4511,250,1,1268700.0
7632,4512,290,1,1292900.0
7633,4512,102,1,2268800.0
7634,4513,16,1,5169800.0
7635,4513,179,1,3088600.0
7636,4514,131,1,9243300.0
7637,4514,13,2,1133500.0
7638,4514,102,1,2306300.0
7639,4515,277,1,1425400.0
7640,4515,173,1,2215700.0
7641,4516,275,1,4978800.0
7642,4516,42,1,1472800.0
7643,4517,70,1,5513700.0
7644,4518,265,1,6486400.0
7645,4518,267,1,803400.0
7646,4519,20,1,2771200.0
7647,4520,192,1,1689900.0
7648,4521,64,1,381000.0
7649,4521,184,1,3810500.0
7650,4522,101,1,4070900.0
7651,4523,295,1,825100.0
7652,4524,161,1,1732400.0
7653,4525,263,1,1168300.0
7654,4526,260,1,4021700.0
7655,4527,276,1,1370800.0
7656,4527,55,1,1700800.0
7657,4528,9,1,4545700.0
7658,4528,138,1,5355100.0
7659,4528,114,1,5290200.0
7660,4529,136,1,651500.0
7661,4530,280,1,3444600.0
7662,4530,292,2,1965700.0
7663,4531,47,1,1356600.0
7664,4532,169,1,3494000.0
7665,4533,57,1,3673700.0
7666,4534,191,1,4387700.0
7667,4535,61,1,599000.0
7668,4536,21,1,5192200.0
7669,4537,253,1,753700.0
7670,4538,149,1,1176300.0
7671,4538,181,1,8399900.0
7672,4539,174,1,1746800.0
7673,4540,125,2,443300.0
7674,4541,4,1,982500.0
7675,4542,174,1,1722400.0
7676,4542,2,1,6155400.0
7677,4543,201,1,5705900.0
7678,4544,48,1,882400.0
7679,4545,206,1,679500.0
7680,4546,85,1,1267400.0
7681,4547,79,1,810600.0
7682,4548,24,1,3837200.0
7683,4549,241,1,1089000.0
7684,4550,153,1,888200.0
7685,4551,119,1,2990700.0
7686,4552,132,1,2654600.0
7687,4552,186,1,1648700.0
7688,4553,45,1,6042400.0
7689,4554,231,1,6530600.0
7690,4555,172,1,6677800.0
7691,4555,5,1,4643200.0
7692,4556,260,1,3980300.0
7693,4557,78,1,6448000.0
7694,4558,124,1,945100.0
7695,4559,183,1,4031700.0
7696,4560,163,1,6784200.0
7697,4561,134,1,4394300.0
7698,4561,155,1,4434800.0
7699,4562,46,1,5316600.0
7700,4562,174,1,1671300.0
7701,4563,20,3,2903100.0
7702,4564,113,1,3939800.0
7703,4564,167,1,1901300.0
7704,4564,260,1,4001600.0
7705,4564,32,1,3174900.0
7706,4565,13,1,1116600.0
7707,4566,229,1,384300.0
7708,4567,248,1,5011200.0
7709,4567,184,1,3748700.0
7710,4568,237,1,495700.0
7711,4569,171,3,1557300.0
7712,4569,109,1,5822700.0
7713,4569,213,1,5124400.0
7714,4570,125,2,444600.0
7715,4571,210,1,9416500.0
7716,4572,277,1,1483400.0
7717,4572,225,1,928200.0
7718,4573,148,1,4220000.0
7719,4574,221,2,2370100.0
7720,4574,292,1,1967100.0
7721,4575,134,1,4566600.0
7722,4575,59,1,1534200.0
7723,4575,125,1,455600.0
7724,4575,254,1,1623100.0
7725,4576,247,1,1085600.0
7726,4576,28,2,1405000.0
7727,4577,149,1,1201600.0
7728,4577,119,2,2882300.0
7729,4577,78,1,6551800.0
7730,4578,134,1,4544400.0
7731,4578,129,1,1354300.0
7732,4579,198,1,2458000.0
7733,4580,288,1,1260500.0
7734,4580,113,1,3797400.0
7735,4581,122,1,2567500.0
7736,4582,173,1,2266800.0
7737,4583,163,1,7049900.0
7738,4583,60,1,632900.0
7739,4583,39,1,3637400.0
7740,4584,281,1,1745000.0
7741,4585,163,1,7100200.0
7742,4586,20,1,2889300.0
7743,4586,153,1,854300.0
7744,4587,186,1,1658700.0
7745,4588,95,1,1142900.0
7746,4589,183,1,3862000.0
7747,4589,196,1,5558200.0
7748,4590,295,1,796600.0
7749,4591,135,1,1524700.0
7750,4592,247,1,1076800.0
7751,4593,261,1,5792200.0
7752,4594,276,1,1321200.0
7753,4594,103,1,2836100.0
7754,4595,79,2,809700.0
7755,4595,67,1,1388500.0
7756,4596,139,1,4755900.0
7757,4597,71,1,7232500.0
7758,4598,6,1,1558000.0
7759,4598,26,1,628700.0
7760,4598,262,1,1109600.0
7761,4599,83,1,1635500.0
7762,4599,169,1,3531100.0
7763,4599,7,1,315900.0
7764,4600,81,1,1374000.0
7765,4600,23,1,5982900.0
7766,4601,84,1,732500.0
7767,4601,46,1,5288500.0
7768,4602,89,1,6602800.0
7769,4602,24,1,3886600.0
7770,4603,38,1,2771800.0
7771,4604,14,1,712500.0
7772,4605,190,1,1586600.0
7773,4606,76,1,2241400.0
7774,4607,121,3,1229200.0
7775,4607,147,1,1955600.0
7776,4608,155,1,4328600.0
7777,4608,156,1,1124600.0
7778,4609,248,1,5043000.0
7779,4610,197,2,2662800.0
7780,4611,255,1,4127000.0
7781,4612,122,2,2501500.0
7782,4613,56,1,1309600.0
7783,4614,171,1,1591300.0
7784,4615,73,1,1090700.0
7785,4616,85,1,1224300.0
7786,4616,224,1,1562600.0
7787,4617,63,1,6891100.0
7788,4618,162,1,7022700.0
7789,4619,191,1,4427800.0
7790,4620,80,1,4130100.0
7791,4620,193,1,9685900.0
7792,4621,85,1,1208500.0
7793,4622,70,1,5314200.0
7794,4622,18,1,1396500.0
7795,4623,293,2,466400.0
7796,4624,241,1,1108000.0
7797,4624,187,1,1607000.0
7798,4625,177,1,3486200.0
7799,4626,26,1,612400.0
7800,4626,228,1,2329400.0
7801,4626,198,1,2412400.0
7802,4627,198,1,2458500.0
7803,4628,72,1,4700900.0
7804,4628,90,1,2277800.0
7805,4629,17,1,4523500.0
7806,4630,202,1,3006200.0
7807,4630,1,1,822200.0
7808,4631,70,1,5344600.0
7809,4632,129,1,1387400.0
7810,4632,24,1,3835900.0
7811,4632,94,1,550700.0
7812,4633,187,1,1608800.0
7813,4633,58,1,500700.0
7814,4634,233,1,1527000.0
7815,4634,80,1,4107000.0
7816,4635,221,1,2406900.0
7817,4636,190,1,1533900.0
7818,4637,262,1,1086500.0
7819,4638,158,1,1075200.0
7820,4638,240,1,1652900.0
7821,4639,89,1,6610800.0
7822,4640,224,1,1611400.0
7823,4641,75,1,1448000.0
7824,4642,204,1,722400.0
7825,4642,263,1,1176500.0
7826,4643,109,1,5938100.0
7827,4643,11,1,8083300.0
7828,4643,126,1,1628200.0
7829,4643,28,1,1397300.0
7830,4644,69,1,2501700.0
7831,4645,261,1,5794300.0
7832,4646,74,1,1023100.0
7833,4646,240,1,1591800.0
7834,4647,179,1,3232300.0
7835,4648,64,1,377500.0
7836,4649,28,1,1381000.0
7837,4650,128,1,989300.0
7838,4650,244,1,8228900.0
7839,4651,235,1,4336400.0
7840,4652,105,2,1767600.0
7841,4652,41,1,3504400.0
7842,4652,88,2,1127300.0
7843,4653,37,1,958600.0
7844,4654,48,1,884900.0
7845,4655,259,1,2210100.0
7846,4656,66,1,2322800.0
7847,4656,17,1,4628000.0
7848,4656,119,1,2926000.0
7849,4656,205,1,1552200.0
7850,4657,220,1,2174100.0
7851,4657,194,1,685000.0
7852,4657,2,1,5976800.0
7853,4658,42,1,1490700.0
7854,4658,130,1,2125300.0
7855,4659,55,2,1668800.0
7856,4659,153,1,855700.0
7857,4660,165,1,3440700.0
7858,4661,50,1,2923100.0
7859,4662,260,1,4055800.0
7860,4663,219,1,4640300.0
7861,4664,11,1,8045100.0
7862,4665,163,1,6891500.0
7863,4665,108,1,7305100.0
7864,4665,17,1,4502400.0
7865,4666,141,1,2461200.0
7866,4667,261,1,5613500.0
7867,4668,108,2,7249100.0
7868,4669,7,1,318100.0
7869,4669,171,1,1564200.0
7870,4670,143,1,5741700.0
7871,4671,170,1,7893800.0
7872,4672,104,1,1640300.0
7873,4673,143,1,5675800.0
7874,4673,259,1,2224000.0
7875,4673,54,1,1930600.0
7876,4673,210,1,9228000.0
7877,4674,151,2,7602600.0
7878,4674,42,2,1512800.0
7879,4675,233,1,1470500.0
7880,4676,65,3,6638500.0
7881,4677,300,1,2237400.0
7882,4678,254,1,1636400.0
7883,4678,183,2,3877900.0
7884,4679,233,1,1522300.0
7885,4680,198,1,2427500.0
7886,4681,258,1,2500300.0
7887,4682,170,1,7683500.0
7888,4683,112,1,4924500.0
7889,4683,3,1,6309500.0
7890,4684,70,1,5588800.0
7891,4684,154,1,3057000.0
7892,4684,249,1,3618200.0
7893,4685,204,1,702400.0
7894,4685,222,1,1496400.0
7895,4685,289,1,3682100.0
7896,4686,206,1,650700.0
7897,4687,95,1,1118900.0
7898,4687,244,1,8172200.0
7899,4687,241,1,1102000.0
7900,4687,25,1,2231500.0
7901,4688,225,2,924800.0
7902,4689,61,1,586200.0
7903,4690,161,1,1707200.0
7904,4690,22,1,1093700.0
7905,4691,6,1,1578200.0
7906,4692,103,1,2874800.0
7907,4693,103,1,2806700.0
7908,4693,242,1,715300.0
7909,4694,254,1,1582400.0
7910,4694,215,2,4034100.0
7911,4695,24,1,3994800.0
7912,4696,86,1,1450600.0
7913,4696,153,1,885100.0
7914,4697,270,1,1821900.0
7915,4698,255,1,4248400.0
7916,4698,132,1,2605900.0
7917,4699,173,1,2291400.0
7918,4699,143,1,5671100.0
7919,4699,177,1,3371100.0
7920,4700,81,1,1319100.0
7921,4700,54,1,1909900.0
7922,4701,287,1,3240500.0
7923,4701,262,1,1112700.0
7924,4702,18,1,1397700.0
7925,4703,127,1,953900.0
7926,4703,224,1,1545200.0
7927,4703,211,1,377900.0
7928,4704,27,1,1602400.0
7929,4705,137,1,4604800.0
7930,4706,40,2,1064300.0
7931,4707,24,1,3926000.0
7932,4708,212,1,5112100.0
7933,4709,179,1,3242000.0
7934,4710,270,1,1881700.0
7935,4711,36,1,956100.0
7936,4712,133,1,894000.0
7937,4712,257,1,5582200.0
7938,4713,285,2,8035200.0
7939,4713,122,1,2607700.0
7940,4713,92,1,5377200.0
7941,4713,33,1,436700.0
7942,4714,41,1,3447800.0
7943,4714,50,1,2882200.0
7944,4714,187,1,1612500.0
7945,4715,276,1,1350300.0
7946,4716,93,1,375700.0
7947,4716,270,1,1888500.0
7948,4716,75,1,1433700.0
7949,4716,62,1,6237200.0
7950,4717,182,1,4733000.0
7951,4718,149,1,1203000.0
7952,4719,209,1,5219700.0
7953,4719,239,1,1342900.0
7954,4719,223,1,8222000.0
7955,4719,110,1,1720200.0
7956,4720,220,1,2206800.0
7957,4721,19,1,598700.0
7958,4721,297,1,3257500.0
7959,4722,210,1,9144600.0
7960,4723,49,1,1870200.0
7961,4723,138,1,5215500.0
7962,4724,21,1,5210100.0
7963,4724,56,1,1325400.0
7964,4724,97,1,3795900.0
7965,4724,105,1,1765000.0
7966,4725,278,1,1651300.0
7967,4725,190,2,1518800.0
7968,4726,275,1,4867300.0
7969,4726,216,1,1807700.0
7970,4727,104,1,1569500.0
7971,4728,189,1,2268500.0
7972,4729,85,1,1257900.0
7973,4730,209,1,5257900.0
7974,4730,4,1,981500.0
7975,4731,174,2,1717300.0
7976,4731,240,2,1626800.0
7977,4732,91,1,673200.0
7978,4733,57,1,3611000.0
7979,4733,243,1,640800.0
7980,4734,75,1,1467900.0
7981,4734,222,2,1504000.0
7982,4734,300,1,2237400.0
7983,4735,78,1,6205800.0
7984,4735,154,1,3210700.0
7985,4736,230,1,1195300.0
7986,4736,134,1,4502700.0
7987,4737,195,1,5689400.0
7988,4738,108,2,7283500.0
7989,4739,189,1,2286100.0
7990,4739,161,2,1763200.0
7991,4740,13,1,1181100.0
7992,4740,214,1,3680600.0
7993,4741,256,1,2921200.0
7994,4741,24,1,3860900.0
7995,4742,260,1,4033600.0
7996,4743,279,1,922100.0
7997,4743,156,1,1139400.0
7998,4744,92,1,5334000.0
7999,4744,30,1,4442900.0
8000,4745,122,1,2615100.0
8001,4745,107,1,4532100.0
8002,4746,265,1,6768200.0
8003,4746,159,1,5326300.0
8004,4747,178,1,1801700.0
8005,4748,75,1,1437000.0
8006,4748,296,1,7541800.0
8007,4749,153,1,871500.0
8008,4750,89,1,6613500.0
8009,4751,163,1,6882000.0
8010,4752,171,1,1607700.0
8011,4753,295,1,781000.0
8012,4754,173,1,2290600.0
8013,4755,37,1,980700.0
8014,4755,74,1,970900.0
8015,4756,228,1,2290600.0
8016,4756,135,3,1555500.0
8017,4757,270,1,1816300.0
8018,4757,198,1,2414200.0
8019,4758,190,1,1562300.0
8020,4758,183,1,3930300.0
8021,4759,84,1,716200.0
8022,4760,132,1,2760600.0
8023,4760,73,2,1091600.0
8024,4760,30,1,4333000.0
8025,4760,225,1,938700.0
8026,4761,31,2,5136000.0
8027,4762,271,1,2684700.0
8028,4762,7,1,316100.0
8029,4763,101,1,4103300.0
8030,4763,72,2,4547100.0
8031,4764,193,1,9910100.0
8032,4765,115,1,4111500.0
8033,4765,284,1,3708400.0
8034,4765,155,1,4455400.0
8035,4766,189,1,2203200.0
8036,4766,116,1,4381100.0
8037,4767,214,1,3552100.0
8038,4767,2,1,6125200.0
8039,4768,235,1,4203600.0
8040,4769,66,1,2289800.0
8041,4769,296,1,7744900.0
8042,4769,209,1,5262300.0
8043,4769,183,1,3931700.0
8044,4770,27,1,1677100.0
8045,4770,194,1,684700.0
8046,4770,93,1,365900.0
8047,4770,167,2,1911200.0
8048,4771,300,1,2271700.0
8049,4771,125,1,465300.0
8050,4771,102,1,2368200.0
8051,4772,43,3,1441800.0
8052,4772,208,1,2259700.0
8053,4773,245,1,2047700.0
8054,4774,265,1,6576800.0
8055,4775,80,2,3999700.0
8056,4776,216,2,1778100.0
8057,4776,257,1,5435900.0
8058,4777,239,1,1305400.0
8059,4778,39,2,3623400.0
8060,4779,107,1,4455300.0
8061,4780,103,1,2877300.0
8062,4781,273,1,4521500.0
8063,4782,157,1,5019400.0
8064,4783,172,1,6878000.0
8065,4783,49,1,1821800.0
8066,4784,185,1,3189700.0
8067,4785,154,1,3116100.0
8068,4786,143,1,5657600.0
8069,4787,216,1,1736400.0
8070,4788,23,1,5962700.0
8071,4789,28,1,1412000.0
8072,4790,68,1,5311800.0
8073,4790,188,1,2244900.0
8074,4790,61,1,592500.0
8075,4790,23,1,5774600.0
8076,4791,240,1,1573800.0
8077,4792,77,1,4994400.0
8078,4793,210,1,9483800.0
8079,4793,52,1,3241800.0
8080,4794,48,2,857300.0
8081,4795,110,3,1691800.0
8082,4796,248,1,4979200.0
8083,4796,297,1,3285400.0
8084,4797,188,1,2290900.0
8085,4798,46,1,5263500.0
8086,4798,269,1,2038400.0
8087,4798,216,1,1792000.0
8088,4798,73,1,1089400.0
8089,4799,117,1,1819700.0
8090,4800,222,1,1570100.0
8091,4801,77,1,5017000.0
8092,4802,104,2,1556300.0
8093,4803,196,1,5558400.0
8094,4804,294,1,3239900.0
8095,4804,3,2,6570700.0
8096,4805,260,1,3872900.0
8097,4805,36,1,953900.0
8098,4805,95,2,1125300.0
8099,4806,207,1,4802900.0
8100,4806,180,1,2513000.0
8101,4807,240,1,1627700.0
8102,4808,291,1,1785200.0
8103,4809,181,1,8622300.0
8104,4810,56,1,1306600.0
8105,4811,253,1,755100.0
8106,4811,10,1,3425800.0
8107,4812,5,1,4563900.0
8108,4812,280,1,3348200.0
8109,4813,300,1,2244500.0
8110,4813,79,1,824800.0
8111,4814,147,1,1880600.0
8112,4814,24,1,3868200.0
8113,4814,109,1,5660600.0
8114,4815,159,1,5421600.0
8115,4816,174,1,1759600.0
8116,4816,287,1,3360400.0
8117,4816,222,1,1532900.0
8118,4816,135,1,1607100.0
8119,4817,85,2,1249800.0
8120,4818,193,1,9567700.0
8121,4818,268,1,5627500.0
8122,4818,140,1,5083800.0
8123,4819,75,1,1424700.0
8124,4819,268,1,5880400.0
8125,4819,96,1,3032700.0
8126,4820,246,1,3143100.0
8127,4820,20,1,2875600.0
8128,4820,154,1,3148900.0
8129,4820,73,1,1120000.0
8130,4821,187,1,1626600.0
8131,4822,68,1,5400100.0
8132,4822,11,1,7846000.0
8133,4822,282,1,306900.0
8134,4822,209,1,5225900.0
8135,4823,118,2,2047500.0
8136,4824,270,1,1794500.0
8137,4825,121,1,1255900.0
8138,4825,166,1,4790400.0
8139,4826,35,1,1578800.0
8140,4826,217,1,1982900.0
8141,4827,241,1,1079000.0
8142,4828,134,1,4629600.0
8143,4829,131,1,9229200.0
8144,4829,248,1,4868800.0
8145,4829,23,1,5846400.0
8146,4830,194,1,703000.0
8147,4831,265,1,6798900.0
8148,4831,215,1,4021400.0
8149,4832,89,1,6645700.0
8150,4832,276,1,1317700.0
8151,4833,180,1,2608800.0
8152,4834,146,1,520700.0
8153,4835,162,1,6870500.0
8154,4835,126,1,1631000.0
8155,4836,197,1,2743800.0
8156,4837,198,1,2399900.0
8157,4838,88,1,1115600.0
8158,4838,208,1,2284600.0
8159,4839,169,1,3614900.0
8160,4839,237,1,514600.0
8161,4840,111,1,796700.0
8162,4841,209,1,5187800.0
8163,4841,223,1,8184800.0
8164,4841,44,1,443500.0
8165,4842,98,1,1362200.0
8166,4842,145,1,1513000.0
8167,4843,78,1,6474700.0
8168,4843,288,1,1296400.0
8169,4844,45,1,6272600.0
8170,4844,224,1,1613500.0
8171,4844,283,1,874400.0
8172,4845,112,1,4717600.0
8173,4845,220,3,2203800.0
8174,4846,284,1,3867000.0
8175,4846,79,1,819400.0
8176,4846,84,1,752300.0
8177,4847,183,1,4044200.0
8178,4847,279,1,940900.0
8179,4848,226,1,1807800.0
8180,4849,298,1,3500300.0
8181,4849,31,2,5375200.0
8182,4850,257,1,5666600.0
8183,4850,238,1,5714600.0
8184,4850,148,1,4063100.0
8185,4851,98,1,1340800.0
8186,4851,192,1,1708900.0
8187,4851,298,1,3421200.0
8188,4852,132,1,2707700.0
8189,4853,265,1,6620500.0
8190,4853,234,3,460600.0
8191,4854,219,1,4661300.0
8192,4854,231,1,6607000.0
8193,4855,259,1,2159300.0
8194,4856,87,2,1812100.0
8195,4857,192,1,1705600.0
8196,4858,219,1,4603600.0
8197,4859,272,1,3351100.0
8198,4860,165,1,3415200.0
8199,4860,210,1,9443300.0
8200,4860,103,1,2832300.0
8201,4861,10,1,3401400.0
8202,4862,161,1,1699800.0
8203,4862,288,1,1245600.0
8204,4862,175,1,1288900.0
8205,4862,241,1,1094600.0
8206,4863,132,1,2678500.0
8207,4863,233,1,1474300.0
8208,4864,90,1,2341400.0
8209,4865,127,2,977600.0
8210,4866,242,1,724000.0
8211,4866,264,1,1282900.0
8212,4867,213,1,5084900.0
8213,4868,104,1,1569600.0
8214,4868,180,1,2517000.0
8215,4869,275,1,5066600.0
8216,4870,244,1,8401300.0
8217,4870,228,1,2265900.0
8218,4871,38,1,2753400.0
8219,4871,240,1,1575000.0
8220,4871,262,1,1075200.0
8221,4872,293,1,472700.0
8222,4873,47,1,1348700.0
8223,4874,66,1,2396300.0
8224,4874,275,1,4898600.0
8225,4874,45,1,6073500.0
8226,4875,147,1,1933800.0
8227,4875,175,1,1280400.0
8228,4875,44,3,434900.0
8229,4876,168,1,3826400.0
8230,4876,262,1,1078700.0
8231,4876,229,1,388600.0
8232,4877,53,2,355900.0
8233,4878,141,1,2439000.0
8234,4878,101,1,4253800.0
8235,4879,9,1,4653900.0
8236,4880,5,1,4556200.0
8237,4880,273,1,4614000.0
8238,4881,101,1,4230600.0
8239,4882,187,1,1616300.0
8240,4883,116,1,4208000.0
8241,4884,230,2,1178500.0
8242,4885,156,1,1119800.0
8243,4885,77,1,5015300.0
8244,4886,250,1,1286100.0
8245,4887,183,1,3984700.0
8246,4888,49,1,1854200.0
8247,4889,179,1,3173600.0
8248,4890,261,1,5683300.0
8249,4891,129,1,1398300.0
8250,4892,79,3,808300.0
8251,4892,172,2,6799900.0
8252,4893,179,1,3063900.0
8253,4894,271,1,2663800.0
8254,4894,239,1,1306400.0
8255,4894,135,1,1547400.0
8256,4895,299,1,518200.0
8257,4895,14,1,733200.0
8258,4896,101,1,4190900.0
8259,4896,95,1,1137900.0
8260,4896,271,1,2751300.0
8261,4896,84,2,715900.0
8262,4897,173,1,2294200.0
8263,4898,182,1,4906600.0
8264,4899,74,1,1015500.0
8265,4900,163,1,6807600.0
8266,4900,248,1,4909300.0
8267,4901,78,1,6280800.0
8268,4902,154,1,3042900.0
8269,4902,252,1,1001700.0
8270,4903,13,1,1143300.0
8271,4904,54,1,1884300.0
8272,4904,76,1,2280300.0
8273,4904,43,2,1449100.0
8274,4905,173,1,2260700.0
8275,4905,263,1,1162400.0
8276,4906,123,1,2226800.0
8277,4907,186,1,1626100.0
8278,4908,130,1,2044200.0
8279,4909,9,2,4648600.0
8280,4910,57,1,3724000.0
8281,4911,66,2,2383500.0
8282,4912,79,1,806400.0
8283,4913,113,1,3919500.0
8284,4914,122,1,2623100.0
8285,4914,108,1,7198400.0
8286,4915,194,1,683900.0
8287,4916,90,1,2313100.0
8288,4917,190,1,1544500.0
8289,4918,45,1,6284900.0
8290,4918,248,1,5088100.0
8291,4918,147,1,1895100.0
8292,4918,207,1,4544800.0
8293,4919,208,1,2374100.0
8294,4920,282,1,298900.0
8295,4920,118,1,2012400.0
8296,4921,217,1,1986400.0
8297,4922,269,1,2016600.0
8298,4923,297,1,3252300.0
8299,4923,43,1,1498700.0
8300,4924,239,1,1317800.0
8301,4925,196,1,5729900.0
8302,4925,74,1,964800.0
8303,4925,158,1,1115000.0
8304,4925,243,1,640400.0
8305,4926,129,1,1364300.0
8306,4926,175,2,1272600.0
8307,4927,177,1,3302200.0
8308,4928,132,1,2658500.0
8309,4929,52,1,3265800.0
8310,4929,232,1,770900.0
8311,4930,111,1,767800.0
8312,4931,102,1,2288000.0
8313,4932,126,1,1668000.0
8314,4933,141,1,2477300.0
8315,4933,252,1,966000.0
8316,4934,296,1,7747900.0
8317,4934,117,1,1747500.0
8318,4934,115,2,3974100.0
8319,4934,253,1,768300.0
8320,4935,46,1,5317800.0
8321,4936,283,2,877300.0
8322,4937,259,1,2154500.0
8323,4937,83,1,1646200.0
8324,4938,294,1,3179800.0
8325,4939,8,1,1100400.0
8326,4940,69,2,2518900.0
8327,4941,157,1,5129200.0
8328,4941,175,1,1313600.0
8329,4942,58,1,500500.0
8330,4942,16,1,5282000.0
8331,4943,24,1,3965100.0
8332,4944,2,1,6074100.0
8333,4945,29,1,2735100.0
8334,4945,222,1,1575700.0
8335,4945,54,1,1949400.0
8336,4945,270,1,1896500.0
8337,4946,131,1,8968400.0
8338,4947,234,1,453000.0
8339,4948,23,1,5785800.0
8340,4948,263,1,1178400.0
8341,4949,262,1,1099000.0
8342,4949,274,1,1824500.0
8343,4950,265,2,6546000.0
8344,4951,187,1,1562400.0
8345,4951,245,1,2010000.0
8346,4951,40,1,1038600.0
8347,4952,49,1,1872500.0
8348,4952,48,1,861700.0
8349,4952,259,1,2102000.0
8350,4953,133,1,913400.0
8351,4953,68,1,5382300.0
8352,4954,66,1,2334100.0
8353,4954,77,1,5138800.0
8354,4955,294,2,3255100.0
8355,4955,283,1,854200.0
8356,4955,199,1,1582700.0
8357,4956,124,2,923400.0
8358,4956,249,1,3567800.0
8359,4957,277,1,1471500.0
8360,4958,163,1,7097400.0
8361,4959,119,1,2969700.0
8362,4959,85,1,1268200.0
8363,4960,195,1,5630500.0
8364,4960,271,1,2661800.0
8365,4960,147,1,1854600.0
8366,4961,17,1,4523000.0
8367,4962,271,1,2765700.0
8368,4963,236,1,6786400.0
8369,4963,172,1,6677900.0
8370,4964,98,1,1372300.0
8371,4965,67,1,1344100.0
8372,4966,90,1,2313400.0
8373,4967,180,1,2628200.0
8374,4967,171,1,1643000.0
8375,4968,181,2,8734300.0
8376,4968,147,1,1909700.0
8377,4968,155,1,4483000.0
8378,4969,251,1,251900.0
8379,4969,72,1,4734000.0
8380,4970,272,1,3378200.0
8381,4970,187,1,1577400.0
8382,4970,264,1,1340700.0
8383,4970,26,1,622500.0
8384,4971,71,1,7170500.0
8385,4971,187,1,1551200.0
8386,4972,176,1,2672800.0
8387,4973,141,1,2470200.0
8388,4974,101,1,4147700.0
8389,4974,247,2,1115800.0
8390,4975,187,1,1619400.0
8391,4976,176,1,2727200.0
8392,4976,112,1,4769800.0
8393,4976,96,1,2883600.0
8394,4976,57,1,3733000.0
8395,4977,121,1,1220900.0
8396,4978,166,1,4850300.0
8397,4979,107,1,4668400.0
8398,4980,116,1,4297300.0
8399,4980,65,1,6928000.0
8400,4981,266,1,1923900.0
8401,4981,159,1,5265400.0
8402,4982,231,1,6594900.0
8403,4983,64,1,371900.0
8404,4983,232,1,767900.0
8405,4983,264,1,1332100.0
8406,4984,19,1,598700.0
8407,4985,1,2,826000.0
8408,4985,79,1,801200.0
8409,4985,261,1,5633000.0
8410,4986,179,3,3123600.0
8411,4986,31,1,5126200.0
8412,4987,169,1,3639200.0
8413,4987,127,1,951800.0
8414,4988,297,1,3300300.0
8415,4989,202,2,3104900.0
8416,4989,14,1,733800.0
8417,4990,278,1,1607400.0
8418,4990,275,1,5113400.0
8419,4991,150,1,2084300.0
8420,4992,239,1,1361200.0
8421,4993,21,1,5059200.0
8422,4994,251,1,244900.0
8423,4995,186,1,1670800.0
8424,4996,177,1,3288400.0
8425,4997,85,2,1247100.0
8426,4997,76,1,2208200.0
8427,4998,30,1,4417000.0
8428,4999,57,1,3588200.0
8429,5000,140,1,5006300.0
8430,5000,127,1,993300.0
8431,5001,72,1,4569200.0
8432,5001,243,1,635800.0
8433,5001,223,1,7883700.0
8434,5002,262,1,1122900.0
8435,5002,231,1,6483900.0
8436,5003,222,2,1554200.0
8437,5003,298,1,3412200.0
8438,5004,133,1,905800.0
8439,5004,294,1,3099100.0
8440,5005,26,1,636300.0
8441,5006,103,1,2897900.0
8442,5006,132,1,2754800.0
8443,5007,205,1,1563200.0
8444,5007,194,2,684200.0
8445,5008,20,2,2849400.0
8446,5009,66,1,2327700.0
8447,5010,130,1,2121800.0
8448,5011,104,1,1631600.0
8449,5011,280,1,3464100.0
8450,5011,123,1,2188300.0
8451,5012,83,1,1621300.0
8452,5013,214,1,3661600.0
8453,5013,5,2,4503500.0
8454,5014,132,1,2702100.0
8455,5015,59,1,1547300.0
8456,5016,245,1,2061200.0
8457,5016,32,1,3070600.0
8458,5016,271,1,2661400.0
8459,5017,101,1,4032500.0
8460,5018,250,1,1281600.0
8461,5019,64,2,367800.0
8462,5020,196,2,5550700.0
8463,5020,282,1,305200.0
8464,5021,185,1,3161100.0
8465,5021,117,1,1783000.0
8466,5022,251,1,248600.0
8467,5023,38,1,2728100.0
8468,5024,123,1,2234400.0
8469,5024,167,1,1853800.0
8470,5025,199,1,1554100.0
8471,5026,260,1,4042600.0
8472,5026,247,1,1075300.0
8473,5027,158,1,1098800.0
8474,5027,210,1,9330600.0
8475,5027,290,1,1271600.0
8476,5027,12,1,806200.0
8477,5028,116,1,4400500.0
8478,5028,101,1,4176800.0
8479,5028,83,1,1654400.0
8480,5029,73,1,1108500.0
8481,5029,63,1,6956100.0
8482,5030,37,1,980800.0
8483,5030,247,1,1133200.0
8484,5030,30,1,4388700.0
8485,5031,232,1,779200.0
8486,5032,55,1,1667800.0
8487,5032,279,1,932800.0
8488,5033,201,1,5932800.0
8489,5034,168,1,3825500.0
8490,5035,250,1,1248800.0
8491,5036,225,1,894200.0
8492,5037,275,2,4998900.0
8493,5037,201,2,5899800.0
8494,5037,59,1,1555300.0
8495,5038,266,1,1888600.0
8496,5039,17,1,4558800.0
8497,5039,71,1,7331800.0
8498,5040,285,2,8113000.0
8499,5040,41,1,3434900.0
8500,5040,119,1,2905000.0
8501,5040,243,1,648000.0
8502,5041,28,1,1423500.0
8503,5042,204,1,728800.0
8504,5043,254,1,1637600.0
8505,5043,277,1,1452700.0
8506,5044,80,1,4163000.0
8507,5044,144,1,3938900.0
8508,5045,73,1,1097900.0
8509,5045,249,1,3480400.0
8510,5046,3,1,6386400.0
8511,5046,241,1,1054600.0
8512,5047,106,1,7745900.0
8513,5047,141,1,2438700.0
8514,5048,101,1,4246500.0
8515,5048,198,1,2492200.0
8516,5049,27,1,1612000.0
8517,5050,4,1,1002800.0
8518,5050,138,1,5409300.0
8519,5051,193,1,9630700.0
8520,5052,242,1,703500.0
8521,5052,189,1,2233400.0
8522,5053,172,1,6749500.0
8523,5054,138,1,5348300.0
8524,5055,259,1,2158400.0
8525,5056,182,1,4913500.0
8526,5056,109,2,5872900.0
8527,5057,22,1,1045500.0
8528,5058,112,1,4720300.0
8529,5058,163,1,6926600.0
8530,5058,26,1,619800.0
8531,5058,47,1,1344000.0
8532,5059,152,1,7152100.0
8533,5060,297,2,3261100.0
8534,5061,268,1,5650000.0
8535,5061,217,1,1932500.0
8536,5061,278,2,1673900.0
8537,5061,203,1,7996200.0
8538,5062,5,1,4704100.0
8539,5062,144,1,3804400.0
8540,5062,81,1,1318500.0
8541,5062,147,1,1877100.0
8542,5063,25,1,2167800.0
8543,5064,54,1,1975900.0
8544,5065,239,1,1353100.0
8545,5065,129,1,1367600.0
8546,5065,201,1,5916700.0
8547,5066,138,1,5174400.0
8548,5066,115,1,4014600.0
8549,5066,261,1,5776200.0
8550,5067,222,1,1520400.0
8551,5068,20,1,2810000.0
8552,5069,163,1,6901100.0
8553,5069,137,1,4723500.0
8554,5070,243,1,620000.0
8555,5070,215,2,4055600.0
8556,5070,39,1,3801600.0
8557,5071,237,1,523000.0
8558,5072,12,2,829000.0
8559,5073,268,1,5710000.0
8560,5074,154,1,3077200.0
8561,5075,81,1,1367800.0
8562,5076,174,1,1671700.0
8563,5077,154,1,3040400.0
8564,5078,293,3,468200.0
8565,5079,110,1,1657900.0
8566,5079,169,1,3523400.0
8567,5079,23,1,5803900.0
8568,5080,287,1,3292300.0
8569,5081,300,1,2223000.0
8570,5082,129,1,1393400.0
8571,5083,185,1,3134200.0
8572,5084,93,2,362700.0
8573,5085,249,1,3561900.0
8574,5086,111,1,802000.0
8575,5086,163,1,6824700.0
8576,5086,195,1,5654400.0
8577,5086,127,1,987400.0
8578,5087,177,1,3392800.0
8579,5088,164,1,1856800.0
8580,5089,43,1,1466000.0
8581,5089,294,1,3247000.0
8582,5090,255,1,4237500.0
8583,5090,51,1,248100.0
8584,5090,109,1,5952500.0
8585,5090,39,1,3763400.0
8586,5091,134,1,4501500.0
8587,5092,50,1,2939800.0
8588,5093,38,1,2684200.0
8589,5094,101,1,4110500.0
8590,5094,237,1,516200.0
8591,5095,23,1,5719400.0
8592,5095,257,1,5635800.0
8593,5095,153,1,888500.0
8594,5095,288,1,1281600.0
8595,5096,194,1,707400.0
8596,5097,237,1,514900.0
8597,5097,53,1,343800.0
8598,5098,205,1,1601400.0
8599,5098,139,1,4803500.0
8600,5099,72,1,4725800.0
8601,5099,186,1,1591200.0
8602,5099,74,2,1009200.0
8603,5100,274,1,1785000.0
8604,5101,9,1,4624300.0
8605,5101,98,1,1357900.0
8606,5102,71,1,7018700.0
8607,5103,138,1,5234700.0
8608,5104,67,1,1376300.0
8609,5105,226,1,1740800.0
8610,5105,62,1,6254400.0
8611,5105,122,1,2511500.0
8612,5106,220,1,2160700.0
8613,5107,76,1,2229300.0
8614,5107,106,1,7511200.0
8615,5108,11,1,8162900.0
8616,5109,53,1,344600.0
8617,5109,108,1,7285400.0
8618,5110,114,1,5438400.0
8619,5111,32,1,3095200.0
8620,5111,148,1,4075300.0
8621,5112,201,1,5662900.0
8622,5113,20,1,2859400.0
8623,5113,99,1,1892600.0
8624,5114,244,1,8243600.0
8625,5114,212,1,5289800.0
8626,5114,78,1,6222200.0
8627,5115,289,1,3497500.0
8628,5115,73,1,1082900.0
8629,5116,81,2,1327000.0
8630,5116,88,1,1105200.0
8631,5117,199,1,1604700.0
8632,5118,5,1,4714200.0
8633,5119,92,1,5306400.0
8634,5120,235,1,4336000.0
8635,5121,130,1,2109600.0
8636,5121,23,1,5709500.0
8637,5122,268,1,5850200.0
8638,5122,133,1,919000.0
8639,5122,46,1,5267800.0
8640,5123,203,2,8031000.0
8641,5123,95,2,1140100.0
8642,5124,76,1,2199000.0
8643,5124,49,1,1804200.0
8644,5125,195,1,5626900.0
8645,5126,237,2,505700.0
8646,5126,177,1,3461100.0
8647,5126,231,1,6457700.0
8648,5127,284,1,3763700.0
8649,5128,231,1,6599800.0
8650,5128,32,1,3089500.0
8651,5128,222,1,1560700.0
8652,5129,199,1,1532200.0
8653,5130,136,1,662300.0
8654,5130,154,1,3144800.0
8655,5131,269,1,2034100.0
8656,5132,96,1,2968300.0
8657,5132,187,1,1552400.0
8658,5133,234,1,459000.0
8659,5133,96,1,3027100.0
8660,5133,228,1,2208000.0
8661,5134,250,1,1308700.0
8662,5135,107,1,4577800.0
8663,5136,148,2,4156400.0
8664,5137,30,1,4302200.0
8665,5137,109,1,5763800.0
8666,5138,107,1,4481800.0
8667,5139,166,1,4712500.0
8668,5140,234,1,449900.0
8669,5140,275,1,4983300.0
8670,5140,292,1,1911200.0
8671,5140,119,1,2944100.0
8672,5141,160,1,1071500.0
8673,5141,240,1,1601400.0
8674,5141,200,1,692900.0
8675,5142,118,1,2046700.0
8676,5143,284,1,3766900.0
8677,5144,222,1,1574800.0
8678,5144,263,1,1205800.0
8679,5144,184,1,3806500.0
8680,5145,82,1,5378200.0
8681,5145,81,1,1385500.0
8682,5146,275,1,4967700.0
8683,5146,95,1,1167900.0
8684,5147,171,1,1589300.0
8685,5148,25,1,2298300.0
8686,5149,153,1,892900.0
8687,5149,40,1,1029700.0
8688,5150,188,1,2196600.0
8689,5151,273,1,4554400.0
8690,5152,94,2,556700.0
8691,5152,118,1,1962000.0
8692,5153,134,2,4596400.0
8693,5154,120,3,1523600.0
8694,5155,9,1,4669200.0
8695,5155,195,1,5628100.0
8696,5156,56,1,1289100.0
8697,5156,129,1,1383000.0
8698,5157,38,1,2623300.0
8699,5158,70,1,5385500.0
8700,5159,268,2,5656800.0
8701,5160,265,1,6462400.0
8702,5160,253,1,754000.0
8703,5161,120,1,1563400.0
8704,5162,83,1,1597000.0
8705,5162,263,1,1174900.0
8706,5162,257,1,5726100.0
8707,5163,32,1,3189700.0
8708,5163,298,1,3513000.0
8709,5163,58,1,502500.0
8710,5164,137,1,4738700.0
8711,5164,79,1,814800.0
8712,5165,118,1,2069400.0
8713,5166,217,1,1968500.0
8714,5166,88,1,1134000.0
8715,5167,5,1,4583400.0
8716,5168,172,1,6902100.0
8717,5169,271,2,2713200.0
8718,5169,262,1,1087600.0
8719,5170,259,1,2183500.0
8720,5170,49,1,1837800.0
8721,5170,154,1,3090400.0
8722,5170,234,1,473400.0
8723,5171,56,2,1323600.0
8724,5172,17,1,4651900.0
8725,5172,150,1,2162400.0
8726,5172,9,1,4699000.0
8727,5173,169,1,3569000.0
8728,5174,21,1,5136400.0
8729,5175,60,1,630900.0
8730,5176,260,1,3916400.0
8731,5176,206,1,660500.0
8732,5177,187,1,1596500.0
8733,5177,216,1,1801800.0
8734,5177,152,1,7141400.0
8735,5178,299,1,517300.0
8736,5179,122,1,2510000.0
8737,5180,38,1,2671000.0
8738,5180,237,1,504100.0
8739,5181,275,1,5123600.0
8740,5182,274,1,1816300.0
8741,5182,20,1,2873700.0
8742,5183,137,1,4847800.0
8743,5184,211,1,386900.0
8744,5184,4,1,957500.0
8745,5184,212,1,5104700.0
8746,5184,144,1,3936200.0
8747,5185,258,1,2381000.0
8748,5185,127,1,954100.0
8749,5185,45,1,6166400.0
8750,5186,206,1,656700.0
8751,5187,246,1,3304900.0
8752,5187,160,1,1044400.0
8753,5188,268,1,5701900.0
8754,5188,28,2,1414500.0
8755,5189,259,1,2215400.0
8756,5190,286,1,5281600.0
8757,5190,8,1,1117200.0
8758,5191,249,1,3482300.0
8759,5191,171,1,1597000.0
8760,5191,266,1,1853500.0
8761,5192,228,1,2264000.0
8762,5192,244,2,8082000.0
8763,5192,210,1,9051900.0
8764,5193,164,1,1857500.0
8765,5194,280,1,3410300.0
8766,5194,233,1,1530500.0
8767,5195,248,1,5091600.0
8768,5196,131,1,9224500.0
8769,5197,126,1,1636800.0
8770,5197,39,1,3626700.0
8771,5197,55,1,1647200.0
8772,5197,171,1,1604500.0
8773,5198,60,1,618600.0
8774,5199,257,1,5606300.0
8775,5200,163,1,7043200.0
8776,5200,15,1,356100.0
8777,5200,153,2,899200.0
8778,5200,71,1,7322900.0
8779,5201,268,1,5769300.0
8780,5202,194,1,716400.0
8781,5202,57,1,3652700.0
8782,5203,241,1,1112800.0
8783,5203,152,1,7072100.0
8784,5203,275,1,5026600.0
8785,5204,133,1,917900.0
8786,5205,81,1,1364800.0
8787,5206,230,1,1193700.0
8788,5207,194,1,700100.0
8789,5208,116,1,4415500.0
8790,5209,135,1,1565800.0
8791,5209,95,1,1122200.0
8792,5209,22,1,1084300.0
8793,5210,255,1,4275900.0
8794,5211,258,1,2390200.0
8795,5212,279,1,913800.0
8796,5212,283,1,880800.0
8797,5213,32,1,3118800.0
8798,5213,40,1,1057000.0
8799,5214,295,1,779600.0
8800,5215,123,1,2255100.0
8801,5215,228,1,2212200.0
8802,5216,231,1,6510200.0
8803,5217,14,1,715800.0
8804,5217,41,1,3376600.0
8805,5218,74,1,1015700.0
8806,5219,246,1,3178900.0
8807,5220,297,1,3168700.0
8808,5220,178,1,1882500.0
8809,5220,209,1,5307400.0
8810,5221,212,2,5147000.0
8811,5222,278,1,1671200.0
8812,5222,99,1,1905700.0
8813,5223,182,1,4676200.0
8814,5223,233,2,1537200.0
8815,5224,81,1,1347800.0
8816,5225,101,1,4156300.0
8817,5225,70,1,5428700.0
8818,5226,133,1,896900.0
8819,5226,139,1,4706500.0
8820,5227,186,1,1685500.0
8821,5227,219,1,4864900.0
8822,5228,104,1,1622100.0
8823,5229,175,1,1298400.0
8824,5229,164,1,1819100.0
8825,5229,47,1,1318800.0
8826,5230,37,1,948400.0
8827,5231,191,1,4458300.0
8828,5231,219,1,4633600.0
8829,5232,14,1,710600.0
8830,5232,180,1,2537100.0
8831,5232,110,1,1714400.0
8832,5233,28,1,1429400.0
8833,5233,56,1,1267600.0
8834,5233,246,1,3160900.0
8835,5234,238,1,5570700.0
8836,5235,125,1,462000.0
8837,5236,240,1,1651100.0
8838,5237,34,1,365600.0
8839,5238,28,1,1376700.0
8840,5238,144,1,3747600.0
8841,5239,291,1,1783700.0
8842,5240,215,1,3980100.0
8843,5240,248,2,4982100.0
8844,5241,30,1,4342200.0
8845,5242,57,1,3795900.0
8846,5243,294,1,3245300.0
8847,5243,258,1,2479700.0
8848,5243,48,1,871900.0
8849,5244,163,1,7161400.0
8850,5245,154,1,3038400.0
8851,5246,287,1,3322700.0
8852,5247,82,1,5411900.0
8853,5248,63,1,7088000.0
8854,5248,254,1,1623800.0
8855,5248,87,2,1823600.0
8856,5249,79,1,807100.0
8857,5250,116,1,4323300.0
8858,5250,257,1,5545200.0
8859,5251,97,1,3681100.0
8860,5252,179,1,3205400.0
8861,5252,287,1,3352900.0
8862,5253,207,1,4546800.0
8863,5253,288,1,1248200.0
8864,5254,228,1,2277100.0
8865,5254,46,1,5209800.0
8866,5255,279,2,902000.0
8867,5255,100,1,659700.0
8868,5255,135,1,1580200.0
8869,5256,207,2,4569300.0
8870,5256,268,1,5871700.0
8871,5256,291,1,1824200.0
8872,5256,271,1,2740500.0
8873,5257,177,1,3313600.0
8874,5258,57,1,3776500.0
8875,5259,73,1,1128700.0
8876,5260,199,1,1554900.0
8877,5260,146,2,529800.0
8878,5261,18,1,1414300.0
8879,5262,5,1,4610800.0
8880,5263,119,1,2875000.0
8881,5264,160,1,1063600.0
8882,5264,124,1,915300.0
8883,5265,72,1,4694800.0
8884,5265,114,1,5383900.0
8885,5266,273,1,4651900.0
8886,5266,81,1,1334100.0
8887,5266,207,1,4680200.0
8888,5267,281,1,1728400.0
8889,5267,35,2,1595300.0
8890,5267,248,2,5027900.0
8891,5267,2,1,6096800.0
8892,5268,111,1,773100.0
8893,5268,285,1,7847900.0
8894,5268,290,1,1297500.0
8895,5269,298,1,3364500.0
8896,5269,190,2,1559200.0
8897,5269,74,2,981200.0
8898,5270,293,1,478100.0
8899,5271,205,1,1554000.0
8900,5272,250,1,1268000.0
8901,5272,192,2,1728000.0
8902,5273,203,1,7850100.0
8903,5274,149,1,1196500.0
8904,5275,79,1,806300.0
8905,5276,221,1,2416100.0
8906,5276,124,1,925500.0
8907,5276,85,1,1219500.0
8908,5277,201,1,5844000.0
8909,5277,286,1,5354200.0
8910,5278,294,1,3185200.0
8911,5278,40,1,1059300.0
8912,5278,253,1,786700.0
8913,5279,45,1,6320700.0
8914,5280,296,1,7457200.0
8915,5280,198,1,2503400.0
8916,5280,274,2,1859300.0
8917,5281,276,1,1314400.0
8918,5282,16,1,5164600.0
8919,5283,51,1,250000.0
8920,5284,83,1,1598700.0
8921,5285,138,2,5307200.0
8922,5286,162,1,6860500.0
8923,5287,221,1,2367600.0
8924,5288,180,1,2535100.0
8925,5289,46,1,5153100.0
8926,5289,151,1,7498000.0
8927,5290,102,1,2331200.0
8928,5291,103,1,2879300.0
8929,5291,272,1,3434700.0
8930,5291,279,2,899400.0
8931,5292,53,1,355000.0
8932,5293,67,1,1394700.0
8933,5293,46,2,5120400.0
8934,5293,38,1,2738400.0
8935,5294,299,1,525100.0
8936,5295,253,1,768000.0
8937,5296,210,1,9185300.0
8938,5296,19,1,570300.0
8939,5297,21,1,5154200.0
8940,5298,208,1,2239800.0
8941,5298,27,2,1613100.0
8942,5299,33,2,438800.0
8943,5299,114,1,5430900.0
8944,5300,182,1,4908400.0
8945,5301,108,1,7237200.0
8946,5302,260,1,4029700.0
8947,5303,50,1,2982900.0
8948,5303,40,1,1031900.0
8949,5304,180,1,2620200.0
8950,5304,238,1,5746500.0
8951,5305,288,2,1288000.0
8952,5305,146,1,529100.0
8953,5305,105,1,1805800.0
8954,5306,173,1,2322500.0
8955,5306,110,1,1682800.0
8956,5307,104,1,1613400.0
8957,5307,244,1,8553000.0
8958,5307,152,1,7157900.0
8959,5308,9,1,4480600.0
8960,5309,78,1,6458100.0
8961,5309,66,1,2298700.0
8962,5310,264,1,1318400.0
8963,5310,55,1,1650800.0
8964,5311,57,1,3736900.0
8965,5312,268,1,5852300.0
8966,5312,36,1,929000.0
8967,5313,265,1,6554100.0
8968,5313,215,1,4035300.0
8969,5313,91,1,643200.0
8970,5313,206,1,653700.0
8971,5314,30,1,4326000.0
8972,5315,189,1,2271100.0
8973,5316,266,1,1932300.0
8974,5316,280,1,3406900.0
8975,5317,151,1,7575600.0
8976,5317,47,2,1373400.0
8977,5318,80,1,4185100.0
8978,5319,279,1,922800.0
8979,5320,84,2,716100.0
8980,5321,284,1,3783900.0
8981,5322,165,1,3290100.0
8982,5322,41,1,3485700.0
8983,5323,173,1,2230300.0
8984,5324,97,1,3777500.0
8985,5325,88,1,1127000.0
8986,5326,257,1,5634700.0
8987,5326,214,1,3657900.0
8988,5327,224,1,1607900.0
8989,5328,33,1,438100.0
8990,5328,269,1,2069400.0
8991,5328,227,1,982700.0
8992,5329,170,1,7855800.0
8993,5330,141,1,2549300.0
8994,5330,95,1,1166100.0
8995,5331,252,1,963800.0
8996,5332,17,1,4733200.0
8997,5333,54,1,1871000.0
8998,5334,137,1,4770300.0
8999,5335,11,2,7974600.0
9000,5335,99,1,1941400.0
9001,5336,142,1,5322000.0
9002,5337,202,1,3012600.0
9003,5337,208,1,2265600.0
9004,5337,218,1,1424200.0
9005,5338,37,1,977500.0
9006,5339,253,1,787300.0
9007,5339,150,1,2063900.0
9008,5340,112,1,4764400.0
9009,5340,146,1,539400.0
9010,5341,119,1,2900800.0
9011,5341,82,1,5201200.0
9012,5342,133,2,914800.0
9013,5342,54,1,1874600.0
9014,5343,153,1,856000.0
9015,5344,117,1,1775500.0
9016,5344,28,1,1371700.0
9017,5344,183,1,3969900.0
9018,5345,19,1,589800.0
9019,5346,13,1,1167400.0
9020,5347,113,1,3936300.0
9021,5348,82,1,5224900.0
9022,5349,5,1,4478700.0
9023,5349,68,1,5427200.0
9024,5349,22,1,1090400.0
9025,5350,47,1,1367400.0
9026,5351,262,1,1098200.0
9027,5351,266,1,1858400.0
9028,5352,11,1,7917600.0
9029,5352,179,1,3162900.0
9030,5353,68,1,5326600.0
9031,5354,44,1,434000.0
9032,5354,8,1,1124300.0
9033,5355,11,1,8090500.0
9034,5356,187,1,1589400.0
9035,5357,243,1,618300.0
9036,5357,209,1,5153100.0
9037,5357,46,1,5036100.0
9038,5357,291,1,1763700.0
9039,5358,259,1,2146200.0
9040,5358,211,1,384500.0
9041,5358,133,1,882300.0
9042,5358,31,1,5133000.0
9043,5359,107,1,4537600.0
9044,5360,251,1,246900.0
9045,5361,150,1,2135600.0
9046,5361,288,1,1305700.0
9047,5362,41,1,3315100.0
9048,5362,103,1,2853400.0
9049,5363,216,1,1782800.0
9050,5364,52,2,3244400.0
9051,5365,122,1,2576100.0
9052,5366,193,1,10032700.0
9053,5366,256,1,2984900.0
9054,5366,160,1,1076300.0
9055,5367,256,1,3009200.0
9056,5367,234,1,457300.0
9057,5368,11,1,7937600.0
9058,5368,12,2,809500.0
9059,5369,147,1,1863700.0
9060,5370,33,1,439800.0
9061,5370,143,1,5690500.0
9062,5370,223,1,7916600.0
9063,5371,204,1,717700.0
9064,5371,239,2,1302700.0
9065,5372,258,1,2424800.0
9066,5373,142,1,5211500.0
9067,5373,19,1,580900.0
9068,5374,250,1,1314300.0
9069,5374,237,1,501000.0
9070,5375,102,1,2263500.0
9071,5376,79,1,818400.0
9072,5376,117,1,1748200.0
9073,5376,209,1,5340800.0
9074,5376,191,1,4477400.0
9075,5377,232,1,757400.0
9076,5378,243,1,655400.0
9077,5378,269,1,2092200.0
9078,5378,238,1,5743300.0
9079,5379,127,1,936900.0
9080,5379,88,1,1128600.0
9081,5380,108,1,7304400.0
9082,5381,168,1,3973100.0
9083,5382,11,1,7844600.0
9084,5383,198,1,2526100.0
9085,5384,183,1,4036800.0
9086,5385,120,1,1530300.0
9087,5385,35,2,1565800.0
9088,5385,292,1,1992100.0
9089,5386,113,1,3746800.0
9090,5387,294,1,3238400.0
9091,5388,164,1,1911600.0
9092,5389,164,1,1844500.0
9093,5390,258,1,2454300.0
9094,5391,186,3,1596800.0
9095,5391,172,1,6646400.0
9096,5392,213,1,5239500.0
9097,5393,161,1,1775700.0
9098,5393,201,1,5963700.0
9099,5394,222,1,1545700.0
9100,5395,286,1,5263800.0
9101,5396,109,1,6005300.0
9102,5397,63,1,7040800.0
9103,5398,77,1,5133000.0
9104,5398,45,1,6398700.0
9105,5399,178,1,1877600.0
9106,5400,87,1,1818900.0
9107,5401,188,1,2275800.0
9108,5401,84,1,723900.0
9109,5401,52,1,3336300.0
9110,5402,284,1,3764100.0
9111,5403,129,1,1388500.0
9112,5403,147,1,1902500.0
9113,5404,113,2,3825000.0
9114,5405,112,1,4855200.0
9115,5405,107,2,4512500.0
9116,5405,84,1,744900.0
9117,5406,62,1,6138200.0
9118,5406,123,1,2216400.0
9119,5406,296,1,7433400.0
9120,5407,273,1,4622600.0
9121,5408,152,1,7239500.0
9122,5409,173,1,2242400.0
9123,5409,48,1,864000.0
9124,5409,221,1,2343200.0
9125,5409,258,1,2505600.0
9126,5410,130,1,2089400.0
9127,5411,225,2,939700.0
9128,5412,149,1,1199200.0
9129,5412,162,1,6941000.0
9130,5412,7,1,324000.0
9131,5413,290,1,1313100.0
9132,5413,212,1,5199700.0
9133,5414,29,1,2748900.0
9134,5414,11,1,7959800.0
9135,5415,288,1,1280200.0
9136,5415,299,1,530700.0
9137,5415,255,1,4142700.0
9138,5415,269,1,1982000.0
9139,5416,59,1,1524900.0
9140,5417,255,1,4248400.0
9141,5418,278,1,1661000.0
9142,5419,157,1,5205900.0
9143,5420,19,1,583500.0
9144,5421,262,1,1115900.0
9145,5421,11,1,8032700.0
9146,5421,21,1,4986400.0
9147,5422,2,1,6026700.0
9148,5423,272,1,3385600.0
9149,5423,264,1,1297800.0
9150,5424,145,1,1469000.0
9151,5425,239,1,1297400.0
9152,5425,210,1,9420700.0
9153,5425,145,1,1521900.0
9154,5426,285,1,7698800.0
9155,5427,122,1,2510800.0
9156,5427,170,1,7594100.0
9157,5427,249,1,3652500.0
9158,5427,265,1,6492200.0
9159,5428,245,1,2062300.0
9160,5428,69,1,2523600.0
9161,5429,33,1,426300.0
9162,5429,25,1,2223000.0
9163,5429,217,1,1966900.0
9164,5430,94,1,558400.0
9165,5431,230,1,1167300.0
9166,5431,295,1,779100.0
9167,5432,3,1,6235000.0
9168,5432,120,1,1566900.0
9169,5432,168,1,3922000.0
9170,5433,134,1,4593600.0
9171,5434,128,1,976700.0
9172,5435,138,1,5325200.0
9173,5436,269,1,2035500.0
9174,5436,108,1,7239700.0
9175,5436,233,1,1543400.0
9176,5437,169,1,3550400.0
9177,5438,76,2,2247100.0
9178,5439,169,1,3547600.0
9179,5440,148,1,4201700.0
9180,5441,208,1,2285500.0
9181,5442,191,1,4490300.0
9182,5442,6,1,1618500.0
9183,5442,94,1,555600.0
9184,5443,270,1,1852600.0
9185,5443,217,1,2001900.0
9186,5443,259,1,2217700.0
9187,5444,52,1,3193500.0
9188,5445,249,1,3623300.0
9189,5446,49,1,1879400.0
9190,5446,295,1,808500.0
9191,5447,271,1,2749600.0
9192,5448,229,1,373000.0
9193,5449,239,1,1295600.0
9194,5449,132,1,2687000.0
9195,5450,69,1,2633900.0
9196,5450,285,1,7691900.0
9197,5450,204,1,717500.0
9198,5451,117,1,1739800.0
9199,5452,239,1,1366900.0
9200,5452,150,1,2127200.0
9201,5453,247,1,1124100.0
9202,5454,43,2,1491400.0
9203,5454,238,1,5599200.0
9204,5455,298,1,3503300.0
9205,5456,127,1,966500.0
9206,5456,171,1,1644800.0
9207,5457,73,1,1091800.0
9208,5458,272,1,3374400.0
9209,5458,36,1,939600.0
9210,5459,204,1,691700.0
9211,5460,35,1,1546900.0
9212,5460,113,1,3937400.0
9213,5460,83,1,1619000.0
9214,5461,53,2,351000.0
9215,5461,164,3,1846000.0
9216,5462,140,1,5040100.0
9217,5463,16,1,5102300.0
9218,5463,26,1,618700.0
9219,5464,111,1,788600.0
9220,5464,75,1,1484900.0
9221,5464,292,1,1903500.0
9222,5464,285,1,8099700.0
9223,5465,17,1,4512400.0
9224,5466,164,1,1902100.0
9225,5466,146,1,542400.0
9226,5467,107,1,4415000.0
9227,5468,171,1,1614400.0
9228,5469,159,1,5327300.0
9229,5469,228,1,2289800.0
9230,5469,182,1,4668500.0
9231,5470,269,1,2067700.0
9232,5470,134,2,4563200.0
9233,5470,19,1,578900.0
9234,5470,206,1,660200.0
9235,5471,13,1,1177800.0
9236,5472,146,2,530200.0
9237,5473,15,2,354800.0
9238,5473,37,1,965400.0
9239,5473,269,2,2085800.0
9240,5474,62,1,6246800.0
9241,5475,229,2,370900.0
9242,5475,95,1,1171500.0
9243,5475,263,1,1216600.0
9244,5476,225,1,938000.0
9245,5477,72,1,4696900.0
9246,5477,16,1,5231100.0
9247,5478,211,1,383500.0
9248,5479,235,1,4397500.0
9249,5479,92,1,5446400.0
9250,5480,254,1,1624900.0
9251,5481,285,1,7819800.0
9252,5482,260,2,4089200.0
9253,5483,286,1,5267500.0
9254,5483,40,1,1060100.0
9255,5484,97,1,3703000.0
9256,5485,231,2,6457300.0
9257,5485,150,1,2107100.0
9258,5485,146,1,548000.0
9259,5486,214,1,3522600.0
9260,5486,180,1,2600200.0
9261,5487,196,1,5523900.0
9262,5488,57,1,3782500.0
9263,5489,135,1,1557700.0
9264,5490,234,1,460700.0
9265,5490,138,1,5215200.0
9266,5490,193,1,9846000.0
9267,5490,95,1,1128500.0
9268,5491,15,1,350500.0
9269,5492,103,1,2841000.0
9270,5493,233,1,1520800.0
9271,5494,250,1,1289700.0
9272,5495,95,3,1176100.0
9273,5496,261,1,5632600.0
9274,5496,5,1,4745300.0
9275,5496,8,1,1117900.0
9276,5497,15,1,348800.0
9277,5498,154,1,3203500.0
9278,5499,116,1,4332200.0
9279,5499,162,2,6833600.0
9280,5500,218,1,1503500.0
9281,5500,195,1,5388100.0
9282,5501,86,1,1427900.0
9283,5502,240,2,1605100.0
9284,5502,171,1,1615400.0
9285,5503,175,1,1249100.0
9286,5503,96,1,2949100.0
9287,5504,237,1,494900.0
9288,5505,297,1,3294600.0
9289,5505,156,1,1170400.0
9290,5505,234,1,461900.0
9291,5505,77,1,5226000.0
9292,5506,17,1,4622100.0
9293,5506,93,1,365000.0
9294,5507,92,1,5358900.0
9295,5507,125,1,454900.0
9296,5507,218,1,1446600.0
9297,5507,132,1,2753500.0
9298,5508,267,1,800700.0
9299,5509,105,1,1739100.0
9300,5510,263,1,1214300.0
9301,5511,143,1,5660500.0
9302,5511,207,1,4805900.0
9303,5512,230,1,1153200.0
9304,5512,157,1,5060900.0
9305,5513,39,1,3633000.0
9306,5514,269,1,1991600.0
9307,5514,199,1,1592900.0
9308,5515,89,1,6562200.0
9309,5516,63,1,6960200.0
9310,5517,38,1,2672500.0
9311,5518,198,1,2401700.0
9312,5519,20,1,2743900.0
9313,5520,125,1,448100.0
9314,5520,104,1,1570400.0
9315,5521,27,2,1645700.0
9316,5522,278,2,1615800.0
9317,5523,293,1,467400.0
9318,5524,69,1,2613100.0
9319,5524,134,1,4613800.0
9320,5524,96,1,2890800.0
9321,5525,61,1,589700.0
9322,5525,13,1,1149000.0
9323,5526,204,3,711200.0
9324,5527,51,1,248900.0
9325,5527,136,1,642200.0
9326,5527,226,1,1746900.0
9327,5528,56,1,1287200.0
9328,5528,179,1,3221500.0
9329,5528,59,1,1543400.0
9330,5529,112,1,4920300.0
9331,5530,127,1,993800.0
9332,5531,220,1,2180500.0
9333,5532,260,1,3918300.0
9334,5533,49,1,1870900.0
9335,5534,77,1,5121400.0
9336,5535,97,1,3734400.0
9337,5535,58,1,485400.0
9338,5536,208,1,2310000.0
9339,5536,9,1,4471700.0
9340,5537,9,1,4670600.0
9341,5537,289,1,3613400.0
9342,5537,238,1,5556300.0
9343,5537,59,1,1535400.0
9344,5538,248,1,4877600.0
9345,5538,239,1,1293600.0
9346,5539,157,3,5098400.0
9347,5540,273,1,4700900.0
9348,5541,185,1,3131500.0
9349,5542,202,1,3112700.0
9350,5542,213,1,5119100.0
9351,5543,103,1,2849500.0
9352,5544,174,1,1697200.0
9353,5545,54,1,1915500.0
9354,5545,260,1,3947900.0
9355,5546,265,1,6810300.0
9356,5547,124,2,960700.0
9357,5547,248,1,4954200.0
9358,5547,45,1,6055500.0
9359,5548,268,1,5792600.0
9360,5549,220,1,2172700.0
9361,5550,19,1,578800.0
9362,5551,91,1,679600.0
9363,5552,227,1,1007700.0
9364,5552,180,1,2511500.0
9365,5553,109,2,5797200.0
9366,5553,152,1,7345500.0
9367,5553,265,1,6753700.0
9368,5554,219,1,4734700.0
9369,5555,281,1,1808600.0
9370,5556,243,1,636800.0
9371,5557,204,1,718500.0
9372,5558,250,1,1275100.0
9373,5559,223,1,7879900.0
9374,5560,240,1,1661700.0
9375,5560,140,1,5237900.0
9376,5561,130,1,2122000.0
9377,5562,231,1,6592000.0
9378,5563,93,1,363400.0
9379,5564,67,1,1410500.0
9380,5564,202,1,3120100.0
9381,5564,213,1,4946800.0
9382,5565,116,1,4248600.0
9383,5566,43,1,1495500.0
9384,5567,91,1,646000.0
9385,5567,105,1,1825300.0
9386,5567,32,1,3155100.0
9387,5568,205,1,1581100.0
9388,5569,207,1,4552800.0
9389,5570,49,1,1881700.0
9390,5570,57,1,3664800.0
9391,5570,125,1,456600.0
9392,5571,223,1,7825100.0
9393,5572,255,1,4206800.0
9394,5573,153,1,871600.0
9395,5574,76,1,2243100.0
9396,5574,15,1,365800.0
9397,5574,290,1,1268200.0
9398,5575,45,1,6369400.0
9399,5575,70,1,5569400.0
9400,5575,97,2,3775900.0
9401,5575,214,1,3610700.0
9402,5576,127,1,970000.0
9403,5577,149,1,1171100.0
9404,5578,104,1,1629300.0
9405,5579,251,1,249100.0
9406,5579,194,1,705000.0
9407,5579,285,1,7752700.0
9408,5580,137,1,4704600.0
9409,5581,110,1,1684700.0
9410,5582,88,1,1136500.0
9411,5582,77,1,5003000.0
9412,5583,245,1,2109800.0
9413,5583,260,1,4066700.0
9414,5583,253,1,782800.0
9415,5584,131,1,8937400.0
9416,5584,233,1,1508700.0
9417,5585,134,1,4515200.0
9418,5585,233,1,1514800.0
9419,5586,249,1,3575900.0
9420,5587,50,1,2841800.0
9421,5587,270,1,1896000.0
9422,5588,251,1,256000.0
9423,5589,229,1,386800.0
9424,5590,15,1,367900.0
9425,5591,127,1,942400.0
9426,5592,42,1,1491800.0
9427,5593,159,1,5402400.0
9428,5593,17,1,4548300.0
9429,5593,200,1,701500.0
9430,5594,29,1,2658700.0
9431,5594,259,1,2167800.0
9432,5594,68,1,5567100.0
9433,5595,98,1,1336800.0
9434,5596,41,1,3405800.0
9435,5596,169,1,3534800.0
9436,5597,197,1,2794500.0
9437,5597,213,1,5187100.0
9438,5597,165,1,3378300.0
9439,5598,222,1,1495400.0
9440,5599,35,1,1601900.0
9441,5600,31,1,5319100.0
9442,5601,104,1,1614200.0
9443,5602,15,1,348500.0
9444,5602,110,1,1700200.0
9445,5602,209,1,5242900.0
9446,5603,78,1,6200500.0
9447,5603,251,1,253100.0
9448,5604,224,1,1543000.0
9449,5604,158,2,1063800.0
9450,5605,96,1,3005900.0
9451,5606,151,1,7646400.0
9452,5606,126,1,1625400.0
9453,5606,94,1,561400.0
9454,5607,22,1,1047800.0
9455,5608,244,1,8397900.0
9456,5609,283,1,871900.0
9457,5609,121,1,1227700.0
9458,5610,52,2,3277100.0
9459,5611,129,1,1397600.0
9460,5612,96,1,3041100.0
9461,5613,27,1,1611500.0
9462,5614,29,2,2610400.0
9463,5615,258,1,2443100.0
9464,5615,14,2,702000.0
9465,5615,279,2,918000.0
9466,5616,44,1,448500.0
9467,5616,186,1,1621600.0
9468,5617,257,1,5458000.0
9469,5617,31,1,5366600.0
9470,5618,218,1,1441500.0
9471,5619,174,2,1709900.0
9472,5620,62,1,6122400.0
9473,5620,160,1,1017000.0
9474,5621,185,2,3199800.0
9475,5621,112,1,4796600.0
9476,5622,238,1,5725900.0
9477,5622,63,1,7244100.0
9478,5623,118,1,2007500.0
9479,5624,94,1,579800.0
9480,5624,256,1,2849300.0
9481,5625,205,1,1562400.0
9482,5626,61,1,598200.0
9483,5626,130,1,2036700.0
9484,5626,15,1,353800.0
9485,5627,9,1,4559900.0
9486,5628,188,1,2183400.0
9487,5629,2,1,6077200.0
9488,5630,164,1,1838100.0
9489,5631,223,1,8221800.0
9490,5631,179,1,3133000.0
9491,5631,72,1,4556300.0
9492,5631,298,1,3534500.0
9493,5632,3,1,6323600.0
9494,5633,32,1,3144300.0
9495,5633,197,2,2738700.0
9496,5634,139,1,4707900.0
9497,5635,158,1,1100600.0
9498,5635,93,1,366800.0
9499,5635,165,1,3462900.0
9500,5636,282,1,309500.0
9501,5636,132,1,2649700.0
9502,5637,231,1,6387100.0
9503,5637,102,1,2323100.0
9504,5637,196,1,5539300.0
9505,5638,270,1,1894300.0
9506,5639,234,1,465900.0
9507,5640,42,1,1557800.0
9508,5641,111,2,794400.0
9509,5641,13,2,1171200.0
9510,5642,258,1,2414500.0
9511,5642,58,2,500300.0
9512,5643,288,1,1284800.0
9513,5644,32,1,3086000.0
9514,5645,225,1,902200.0
9515,5646,42,1,1556300.0
9516,5646,222,1,1530600.0
9517,5647,53,1,348700.0
9518,5647,150,1,2060100.0
9519,5648,249,1,3636500.0
9520,5648,226,1,1802600.0
9521,5648,297,1,3259900.0
9522,5648,287,1,3288800.0
9523,5649,5,1,4611000.0
9524,5649,252,1,964100.0
9525,5649,294,1,3102900.0
9526,5650,12,1,824300.0
9527,5651,278,1,1661200.0
9528,5652,222,1,1526100.0
9529,5653,19,1,587300.0
9530,5653,49,1,1808100.0
9531,5654,119,1,2946700.0
9532,5654,168,1,3778600.0
9533,5655,155,1,4474100.0
9534,5656,133,1,898000.0
9535,5657,225,1,903700.0
9536,5657,99,1,1899700.0
9537,5658,21,1,5181100.0
9538,5658,266,1,1936800.0
9539,5659,178,1,1863800.0
9540,5660,113,1,3795500.0
9541,5661,153,1,879700.0
9542,5662,233,1,1498500.0
9543,5662,74,1,977300.0
9544,5663,41,1,3379900.0
9545,5663,5,1,4673700.0
9546,5664,66,1,2288300.0
9547,5665,189,1,2218900.0
9548,5666,125,2,451300.0
9549,5666,214,1,3620300.0
9550,5667,49,2,1890500.0
9551,5668,224,1,1625500.0
9552,5669,298,1,3352400.0
9553,5670,41,1,3326200.0
9554,5670,29,1,2757200.0
9555,5671,222,1,1534300.0
9556,5672,57,1,3625300.0
9557,5673,241,2,1093500.0
9558,5674,47,1,1323800.0
9559,5675,189,1,2244200.0
9560,5675,42,2,1490600.0
9561,5675,107,1,4503500.0
9562,5676,140,1,5259700.0
9563,5677,290,2,1312000.0
9564,5678,78,1,6209500.0
9565,5678,8,1,1141400.0
9566,5679,79,2,827000.0
9567,5680,38,1,2742000.0
9568,5680,127,1,945100.0
9569,5681,56,2,1300600.0
9570,5681,199,1,1537700.0
9571,5681,142,1,5168800.0
9572,5682,91,1,677800.0
9573,5683,161,1,1713500.0
9574,5684,102,1,2293200.0
9575,5684,118,1,2053900.0
9576,5684,103,1,2859100.0
9577,5685,66,1,2405400.0
9578,5685,59,1,1492800.0
9579,5686,124,1,942700.0
9580,5687,97,1,3751500.0
9581,5688,269,1,2015000.0
9582,5688,200,1,679800.0
9583,5688,231,3,6634000.0
9584,5688,295,1,801700.0
9585,5689,193,1,9587900.0
9586,5689,22,1,1091200.0
9587,5690,103,1,2888100.0
9588,5690,30,1,4319400.0
9589,5691,293,1,476700.0
9590,5691,196,1,5534200.0
9591,5692,236,1,6493400.0
9592,5692,163,2,7102300.0
9593,5692,289,1,3501800.0
9594,5693,275,1,5082500.0
9595,5694,35,1,1587900.0
9596,5695,248,1,4991700.0
9597,5695,42,1,1499200.0
9598,5695,117,1,1800400.0
9599,5696,242,1,724800.0
9600,5697,19,1,590800.0
9601,5697,87,1,1733500.0
9602,5697,208,1,2248800.0
9603,5698,295,1,803500.0
9604,5699,87,1,1784600.0
9605,5699,208,1,2304600.0
9606,5700,120,1,1560600.0
9607,5701,234,1,451800.0
9608,5701,122,1,2581600.0
9609,5702,154,1,3116500.0
9610,5703,200,1,700000.0
9611,5703,159,1,5180900.0
9612,5704,88,1,1147200.0
9613,5704,114,1,5510500.0
9614,5705,97,1,3666900.0
9615,5706,87,1,1766400.0
9616,5707,96,1,2893100.0
9617,5708,296,1,7359300.0
9618,5709,152,1,7339700.0
9619,5710,73,1,1097800.0
9620,5710,79,1,812200.0
9621,5710,120,1,1523000.0
9622,5711,140,2,5088000.0
9623,5712,86,1,1450000.0
9624,5713,253,1,781600.0
9625,5713,222,1,1499100.0
9626,5714,187,1,1623900.0
9627,5715,198,1,2491800.0
9628,5716,229,1,373100.0
9629,5717,48,1,874000.0
9630,5718,266,1,1902100.0
9631,5719,115,1,4039000.0
9632,5719,271,1,2654700.0
9633,5719,169,1,3611500.0
9634,5719,28,2,1403800.0
9635,5720,140,1,5232600.0
9636,5721,135,1,1544800.0
9637,5722,145,1,1492900.0
9638,5723,21,1,5076800.0
9639,5723,245,1,2056800.0
9640,5724,64,1,372200.0
9641,5725,133,1,911800.0
9642,5725,87,1,1788700.0
9643,5726,1,1,828200.0
9644,5727,173,1,2243700.0
9645,5727,9,1,4550400.0
9646,5727,238,1,5500300.0
9647,5727,99,1,1966300.0
9648,5728,29,1,2632100.0
9649,5729,202,1,3150400.0
9650,5730,143,1,5740700.0
9651,5731,30,1,4293900.0
9652,5731,274,2,1827200.0
9653,5732,173,1,2267600.0
9654,5732,169,1,3624400.0
9655,5733,292,1,1923100.0
9656,5734,178,1,1832300.0
9657,5735,216,1,1794000.0
9658,5735,265,1,6736100.0
9659,5736,190,1,1550500.0
9660,5736,257,1,5557100.0
9661,5736,129,1,1367900.0
9662,5736,22,1,1070800.0
9663,5737,142,1,5350400.0
9664,5738,96,1,2969000.0
9665,5739,79,1,799600.0
9666,5739,81,1,1354000.0
9667,5740,33,1,421000.0
9668,5740,65,1,6820600.0
9669,5741,110,1,1680500.0
9670,5742,248,1,5014200.0
9671,5743,102,1,2333300.0
9672,5744,275,1,5076200.0
9673,5745,118,1,1953800.0
9674,5746,107,1,4629000.0
9675,5747,68,1,5443100.0
9676,5748,135,1,1559800.0
9677,5748,169,3,3601700.0
9678,5749,41,1,3310800.0
9679,5750,269,1,1999400.0
9680,5750,78,1,6245000.0
9681,5751,282,1,300600.0
9682,5752,70,1,5493400.0
9683,5753,87,1,1736500.0
9684,5754,86,1,1451400.0
9685,5754,226,1,1784100.0
9686,5754,246,1,3272600.0
9687,5755,138,1,5249700.0
9688,5755,149,1,1184800.0
9689,5756,184,1,3882100.0
9690,5757,219,1,4723600.0
9691,5758,81,1,1370600.0
9692,5759,139,1,4696700.0
9693,5759,262,1,1117400.0
9694,5760,263,1,1170000.0
9695,5760,136,1,641900.0
9696,5761,113,1,3921400.0
9697,5762,214,1,3624300.0
9698,5762,53,1,355900.0
9699,5763,292,1,1958300.0
9700,5764,15,1,349600.0
9701,5764,144,1,3894100.0
9702,5765,69,1,2634600.0
9703,5766,151,1,7499400.0
9704,5766,2,1,5995100.0
9705,5766,133,1,922300.0
9706,5767,266,1,1913800.0
9707,5768,102,2,2312900.0
9708,5768,185,1,3257800.0
9709,5768,137,1,4660600.0
9710,5769,90,1,2318700.0
9711,5769,176,1,2765800.0
9712,5770,200,1,689900.0
9713,5771,87,2,1800600.0
9714,5772,197,1,2685400.0
9715,5772,148,1,4062500.0
9716,5773,136,1,642600.0
9717,5773,34,1,365000.0
9718,5774,171,1,1613700.0
9719,5775,161,2,1743700.0
9720,5776,82,1,5348700.0
9721,5776,294,1,3225900.0
9722,5777,183,1,3936700.0
9723,5778,51,2,251400.0
9724,5778,132,1,2704100.0
9725,5779,172,1,6830000.0
9726,5780,5,1,4590800.0
9727,5780,81,1,1360500.0
9728,5780,39,1,3672400.0
9729,5780,195,1,5665400.0
9730,5781,132,1,2677800.0
9731,5781,116,1,4440800.0
9732,5781,68,1,5324700.0
9733,5781,84,1,725400.0
9734,5782,145,1,1491600.0
9735,5783,179,1,3157600.0
9736,5783,207,1,4534600.0
9737,5784,210,1,9531300.0
9738,5784,258,1,2477700.0
9739,5785,165,1,3328100.0
9740,5786,154,1,3209600.0
9741,5787,245,1,2036300.0
9742,5788,128,1,982100.0
9743,5789,32,1,3129800.0
9744,5790,251,1,256000.0
9745,5791,93,1,373700.0
9746,5792,296,1,7648600.0
9747,5793,22,1,1047600.0
9748,5794,227,1,1007600.0
9749,5795,149,1,1147600.0
9750,5795,33,2,423600.0
9751,5796,269,1,2097500.0
9752,5797,15,1,349300.0
9753,5797,163,1,7019100.0
9754,5798,163,2,6903500.0
9755,5799,240,1,1652300.0
9756,5800,203,1,8131600.0
9757,5801,147,1,1892400.0
9758,5802,95,1,1118500.0
9759,5803,106,1,7659000.0
9760,5803,200,1,714400.0
9761,5803,11,1,8075200.0
9762,5804,62,1,5967200.0
9763,5805,136,2,668800.0
9764,5805,35,1,1621900.0
9765,5805,195,1,5648800.0
9766,5806,74,2,996200.0
9767,5807,49,2,1904900.0
9768,5807,133,2,885000.0
9769,5808,225,1,897000.0
9770,5809,88,1,1158200.0
9771,5810,231,1,6478000.0
9772,5810,14,2,697000.0
9773,5811,100,1,642500.0
9774,5811,291,1,1741500.0
9775,5812,168,1,3942100.0
9776,5813,44,1,445200.0
9777,5814,44,1,437400.0
9778,5815,173,2,2276800.0
9779,5815,75,1,1484500.0
9780,5816,40,1,1040900.0
9781,5816,153,1,870700.0
9782,5816,203,1,8104100.0
9783,5816,178,1,1825200.0
9784,5817,123,1,2150400.0
9785,5818,155,1,4497600.0
9786,5818,300,1,2292100.0
9787,5819,63,1,7198300.0
9788,5820,36,1,963900.0
9789,5821,42,1,1482800.0
9790,5822,84,2,747700.0
9791,5822,151,1,7770500.0
9792,5823,6,1,1586300.0
9793,5824,254,1,1595000.0
9794,5825,171,1,1598600.0
9795,5826,188,3,2233800.0
9796,5827,138,1,5333300.0
9797,5828,221,1,2429100.0
9798,5829,144,1,3763700.0
9799,5829,283,1,888600.0
9800,5830,121,1,1221000.0
9801,5830,6,1,1597500.0
9802,5831,264,1,1328900.0
9803,5832,268,1,5794900.0
9804,5833,224,1,1597700.0
9805,5834,86,1,1483100.0
9806,5834,232,1,778500.0
9807,5835,54,1,1933200.0
9808,5835,110,1,1709800.0
9809,5836,82,1,5343600.0
9810,5837,123,1,2177100.0
9811,5837,158,1,1085100.0
9812,5838,134,1,4415400.0
9813,5838,255,1,4041700.0
9814,5839,244,1,8225800.0
9815,5840,106,1,7621800.0
9816,5840,295,2,810400.0
9817,5841,41,1,3325300.0
9818,5841,285,1,7826000.0
9819,5842,3,1,6408300.0
9820,5842,148,1,4148400.0
9821,5843,191,1,4286200.0
9822,5844,237,1,505100.0
9823,5845,154,1,3159200.0
9824,5846,61,1,610500.0
9825,5847,223,1,8033800.0
9826,5847,247,1,1094500.0
9827,5848,115,1,4056500.0
9828,5849,286,1,5237800.0
9829,5850,237,1,500300.0
9830,5851,273,1,4734600.0
9831,5851,34,1,362700.0
9832,5851,238,1,5643600.0
9833,5852,199,1,1564000.0
9834,5852,47,1,1361900.0
9835,5853,207,1,4782800.0
9836,5853,208,1,2367200.0
9837,5854,164,1,1901500.0
9838,5854,127,1,974600.0
9839,5855,160,1,1057000.0
9840,5855,176,2,2628700.0
9841,5855,257,2,5449000.0
9842,5856,270,1,1859500.0
9843,5857,136,2,640200.0
9844,5857,44,1,455700.0
9845,5857,184,1,3812000.0
9846,5858,273,1,4662800.0
9847,5859,169,1,3515400.0
9848,5860,230,2,1171300.0
9849,5861,258,1,2379600.0
9850,5861,177,1,3339400.0
9851,5862,196,1,5696600.0
9852,5863,28,1,1403400.0
9853,5864,206,1,657600.0
9854,5864,155,3,4333300.0
9855,5864,96,2,3000900.0
9856,5864,74,1,1015700.0
9857,5865,149,1,1165000.0
9858,5865,266,1,1925200.0
9859,5865,226,1,1817500.0
9860,5866,209,1,5160100.0
9861,5866,205,1,1592100.0
9862,5867,168,1,3985900.0
9863,5867,31,1,5119800.0
9864,5868,17,1,4754400.0
9865,5869,51,2,243900.0
9866,5870,44,1,430100.0
9867,5870,43,1,1481400.0
9868,5870,147,1,1907000.0
9869,5871,240,1,1636500.0
9870,5872,94,1,548300.0
9871,5873,280,1,3401100.0
9872,5874,153,1,857100.0
9873,5874,145,1,1547700.0
9874,5874,44,1,452900.0
9875,5875,258,1,2478000.0
9876,5876,133,1,888800.0
9877,5877,260,1,4079900.0
9878,5877,270,1,1804700.0
9879,5877,249,1,3542000.0
9880,5878,283,1,875900.0
9881,5878,106,1,7416900.0
9882,5878,277,1,1403200.0
9883,5878,237,2,499600.0
9884,5879,207,1,4677300.0
9885,5880,44,1,440500.0
9886,5881,121,2,1272200.0
9887,5881,89,1,6658000.0
9888,5882,163,1,7139700.0
9889,5883,179,1,3156900.0
9890,5884,51,1,244900.0
9891,5885,114,1,5501400.0
9892,5886,117,1,1815600.0
9893,5886,145,1,1519400.0
9894,5886,194,1,721300.0
9895,5886,22,1,1054200.0
9896,5887,291,1,1787500.0
9897,5888,48,1,864800.0
9898,5888,90,1,2356700.0
9899,5889,121,1,1274400.0
9900,5889,63,1,7047700.0
9901,5890,57,3,3779000.0
9902,5891,20,1,2880400.0
9903,5891,97,1,3802400.0
9904,5891,67,1,1373200.0
9905,5892,299,1,530600.0
9906,5893,221,1,2413100.0
9907,5894,292,2,1991500.0
9908,5894,85,1,1233100.0
9909,5895,276,1,1303700.0
9910,5896,79,1,806800.0
9911,5897,155,1,4532700.0
9912,5898,16,1,5325800.0
9913,5898,203,1,8057200.0
9914,5898,279,1,905000.0
9915,5898,79,1,825500.0
9916,5899,262,1,1097100.0
9917,5900,104,1,1570100.0
9918,5900,123,2,2254200.0
9919,5901,31,1,5240800.0
9920,5901,59,1,1561400.0
9921,5901,163,1,6810800.0
9922,5901,180,1,2541400.0
9923,5902,18,1,1401000.0
9924,5903,187,1,1566000.0
9925,5903,172,1,6768800.0
9926,5903,216,1,1738900.0
9927,5904,257,1,5474600.0
9928,5905,275,1,4959600.0
9929,5906,280,1,3394100.0
9930,5906,181,1,8808100.0
9931,5907,247,2,1110800.0
9932,5907,266,2,1837400.0
9933,5908,20,1,2787600.0
9934,5908,166,1,4718700.0
9935,5908,103,1,2868400.0
9936,5909,28,1,1387500.0
9937,5910,227,1,980400.0
9938,5911,121,1,1278300.0
9939,5911,241,1,1081900.0
9940,5912,297,1,3190500.0
9941,5913,69,1,2617000.0
9942,5913,261,1,5846900.0
9943,5914,17,1,4706000.0
9944,5914,201,1,5915500.0
9945,5915,100,1,650900.0
9946,5916,244,1,8503900.0
9947,5917,41,1,3500400.0
9948,5918,19,1,589600.0
9949,5919,107,1,4461800.0
9950,5919,162,1,6971500.0
9951,5920,111,1,760600.0
9952,5921,74,1,970000.0
9953,5922,35,1,1573100.0
9954,5922,104,1,1557900.0
9955,5922,40,2,1041000.0
9956,5923,72,1,4618600.0
9957,5924,129,1,1365500.0
9958,5925,141,1,2468700.0
9959,5926,290,1,1271800.0
9960,5927,221,1,2398900.0
9961,5927,132,3,2681900.0
9962,5928,185,1,3138200.0
9963,5928,112,1,4812600.0
9964,5928,73,1,1131400.0
9965,5928,137,1,4622300.0
9966,5929,274,2,1810100.0
9967,5930,75,1,1487800.0
9968,5931,86,1,1478900.0
9969,5932,166,1,4869500.0
9970,5932,242,1,713600.0
9971,5933,31,1,5149000.0
9972,5934,51,1,252700.0
9973,5935,93,1,356000.0
9974,5936,243,1,652500.0
9975,5937,156,1,1156100.0
9976,5938,235,1,4306700.0
9977,5938,189,2,2220800.0
9978,5939,12,1,785500.0
9979,5940,17,1,4578600.0
9980,5940,25,1,2233500.0
9981,5941,14,1,709000.0
9982,5942,160,1,1029800.0
9983,5942,80,1,4010000.0
9984,5943,170,1,7948400.0
9985,5943,136,1,645500.0
9986,5944,165,1,3405500.0
9987,5944,177,1,3454300.0
9988,5945,285,1,7668700.0
9989,5946,99,1,1920900.0
9990,5947,258,1,2429600.0
9991,5948,136,1,659700.0
9992,5949,52,1,3318800.0
9993,5949,91,1,644700.0
9994,5950,107,1,4545600.0
9995,5950,284,2,3694800.0
9996,5951,178,2,1836300.0
9997,5952,243,1,625400.0
9998,5952,233,2,1509400.0
9999,5953,116,2,4351400.0
10000,5954,8,1,1092500.0
10001,5954,193,2,10045900.0
10002,5954,22,1,1082800.0
10003,5954,100,1,659400.0
10004,5955,184,1,3811700.0
10005,5955,53,1,358300.0
10006,5955,196,1,5612000.0
10007,5956,232,1,790200.0
10008,5957,24,1,3807700.0
10009,5958,29,1,2722000.0
10010,5958,44,1,449400.0
10011,5959,169,1,3650300.0
10012,5959,171,1,1601900.0
10013,5960,211,1,379600.0
10014,5961,273,1,4595400.0
10015,5962,158,1,1086900.0
10016,5963,233,1,1513400.0
10017,5964,25,1,2240600.0
10018,5965,272,1,3421300.0
10019,5966,236,1,6834000.0
10020,5966,56,1,1281300.0
10021,5967,170,1,7838500.0
10022,5968,4,1,1002200.0
10023,5969,241,1,1085000.0
10024,5969,219,1,4622400.0
10025,5970,33,1,436600.0
10026,5970,184,1,3916100.0
10027,5971,25,1,2182800.0
10028,5972,283,1,860700.0
10029,5972,26,1,640200.0
10030,5973,99,1,1900000.0
10031,5974,269,1,2006700.0
10032,5975,51,2,240000.0
10033,5976,98,2,1342300.0
10034,5977,116,1,4255700.0
10035,5977,144,1,3887800.0
10036,5978,112,2,4675200.0
10037,5979,148,1,4243100.0
10038,5980,243,1,637400.0
10039,5980,178,2,1797000.0
10040,5981,118,1,2000200.0
10041,5982,124,2,945100.0
10042,5982,32,1,3144900.0
10043,5983,272,1,3494900.0
10044,5983,168,1,3920600.0
10045,5984,280,2,3416000.0
10046,5984,1,1,839200.0
10047,5985,220,1,2209000.0
10048,5985,157,1,5235500.0
10049,5986,293,1,473600.0
10050,5986,190,1,1520400.0
10051,5987,185,1,3247900.0
10052,5987,235,1,4406200.0
10053,5988,38,1,2686300.0
10054,5988,111,1,794300.0
10055,5989,69,1,2511500.0
10056,5990,75,2,1423700.0
10057,5990,37,1,970500.0
10058,5990,183,1,3852900.0
10059,5990,187,1,1620700.0
10060,5991,282,1,305000.0
10061,5991,281,1,1795900.0
10062,5992,288,1,1258500.0
10063,5992,137,1,4841500.0
10064,5993,48,1,877300.0
10065,5993,140,1,5250900.0
10066,5993,224,1,1605100.0
10067,5993,65,1,6775700.0
10068,5994,54,1,1894000.0
10069,5994,195,1,5663200.0
10070,5995,38,1,2711500.0
10071,5995,74,2,965100.0
10072,5996,152,1,7338900.0
10073,5996,58,2,480200.0
10074,5996,94,1,555800.0
10075,5997,229,1,376600.0
10076,5997,100,1,643800.0
10077,5998,57,1,3600300.0
10078,5999,196,1,5721700.0
10079,6000,272,1,3376800.0
10080,6000,128,1,959300.0
10081,6000,251,1,256700.0
10082,6000,152,1,7207700.0
10083,6001,205,1,1605400.0
10084,6001,113,2,3765300.0
10085,6001,233,1,1531500.0
10086,6002,5,1,4590300.0
10087,6002,286,1,5275500.0
10088,6003,293,1,482400.0
10089,6004,69,1,2575300.0
10090,6005,203,1,7815100.0
10091,6006,39,1,3791900.0
10092,6007,270,1,1875300.0
10093,6008,195,1,5630000.0
10094,6008,226,1,1799300.0
10095,6009,270,1,1838900.0
10096,6010,73,1,1085100.0
10097,6011,112,1,4862800.0
10098,6012,299,1,524900.0
10099,6013,165,1,3403000.0
10100,6014,59,1,1512400.0
10101,6014,83,3,1653900.0
10102,6015,251,2,254300.0
10103,6015,8,1,1099400.0
10104,6016,116,1,4414600.0
10105,6017,246,1,3269300.0
10106,6017,36,1,925800.0
10107,6018,263,1,1189300.0
10108,6019,78,1,6537100.0
10109,6020,50,1,2946200.0
10110,6020,107,2,4452700.0
10111,6021,177,1,3363800.0
10112,6022,272,1,3529800.0
10113,6022,74,1,1014500.0
10114,6023,6,1,1531100.0
10115,6024,227,1,1001200.0
10116,6025,265,1,6565100.0
10117,6025,143,1,5933500.0
10118,6025,44,1,455600.0
10119,6026,88,1,1101800.0
10120,6027,232,1,779700.0
10121,6028,167,1,1931500.0
10122,6028,176,1,2712100.0
10123,6029,85,1,1228300.0
10124,6030,290,1,1268400.0
10125,6031,223,2,7868200.0
10126,6031,213,1,5002100.0
10127,6032,179,1,3169100.0
10128,6033,140,1,5095400.0
10129,6034,174,1,1668200.0
10130,6034,169,1,3633600.0
10131,6035,104,1,1614400.0
10132,6035,82,1,5475400.0
10133,6035,141,1,2459500.0
10134,6036,287,1,3277800.0
10135,6037,231,1,6600700.0
10136,6038,243,1,638600.0
10137,6039,73,1,1108400.0
10138,6039,39,1,3715400.0
10139,6040,108,1,7430800.0
10140,6041,165,1,3378500.0
10141,6041,145,1,1494000.0
10142,6042,122,1,2564400.0
10143,6043,247,1,1072900.0
10144,6044,229,2,380300.0
10145,6045,106,1,7481300.0
10146,6045,203,1,8201300.0
10147,6046,281,1,1749500.0
10148,6047,49,1,1810900.0
10149,6048,90,1,2352500.0
10150,6049,220,1,2214100.0
10151,6049,209,1,5402200.0
10152,6050,37,1,973200.0
10153,6050,234,1,462900.0
10154,6050,200,1,704400.0
10155,6051,264,1,1269600.0
10156,6052,161,1,1754600.0
10157,6053,151,1,7839800.0
10158,6054,66,1,2291700.0
10159,6055,35,1,1563300.0
10160,6056,82,1,5453800.0
10161,6057,84,1,716300.0
10162,6058,277,2,1441500.0
10163,6059,66,1,2363200.0
10164,6060,278,1,1646100.0
10165,6060,297,1,3287600.0
10166,6060,141,2,2551200.0
10167,6061,16,3,5131000.0
10168,6062,23,1,5693400.0
10169,6063,147,1,1897700.0
10170,6063,116,1,4219000.0
10171,6064,293,1,462400.0
10172,6065,60,1,606100.0
10173,6065,286,1,5359300.0
10174,6066,292,2,1927300.0
10175,6067,47,1,1318600.0
10176,6067,131,1,9301700.0
10177,6068,222,1,1557500.0
10178,6068,292,1,1978300.0
10179,6069,32,1,3157100.0
10180,6069,161,1,1686300.0
10181,6070,135,1,1571800.0
10182,6071,26,1,612000.0
10183,6072,120,1,1520000.0
10184,6072,116,2,4203200.0
10185,6073,273,1,4601600.0
10186,6073,211,2,376700.0
10187,6074,289,1,3659500.0
10188,6074,266,1,1940200.0
10189,6074,141,1,2449600.0
10190,6074,46,1,5271000.0
10191,6075,41,1,3418100.0
10192,6076,41,1,3356000.0
10193,6077,164,1,1824100.0
10194,6078,207,1,4615200.0
10195,6078,4,1,990200.0
10196,6079,77,1,5147500.0
10197,6080,161,2,1699900.0
10198,6081,22,1,1059200.0
10199,6081,32,1,3198700.0
10200,6081,15,1,350700.0
10201,6082,53,1,345100.0
10202,6082,260,1,4017300.0
10203,6083,92,1,5305900.0
10204,6083,145,1,1470700.0
10205,6084,167,1,1959500.0
10206,6085,197,1,2644900.0
10207,6086,138,1,5344600.0
10208,6086,268,1,5697600.0
10209,6087,138,1,5171200.0
10210,6088,54,1,1899400.0
10211,6089,245,1,2015500.0
10212,6090,123,1,2247300.0
10213,6091,87,1,1756900.0
10214,6091,148,1,4095400.0
10215,6091,51,1,254100.0
10216,6092,209,1,5300800.0
10217,6093,199,1,1582600.0
10218,6093,273,1,4638900.0
10219,6093,42,1,1487500.0
10220,6094,91,1,651700.0
10221,6095,228,1,2245400.0
10222,6096,284,1,3843400.0
10223,6097,59,2,1555600.0
10224,6097,147,1,1915000.0
10225,6098,39,1,3741300.0
10226,6099,50,2,2958700.0
10227,6099,86,1,1452500.0
10228,6100,229,1,375900.0
10229,6100,159,1,5236200.0
10230,6101,268,1,5651700.0
10231,6102,208,1,2259100.0
10232,6103,77,1,5032900.0
10233,6103,204,1,727600.0
10234,6103,192,2,1747100.0
10235,6104,287,1,3202900.0
10236,6104,100,1,660000.0
10237,6104,83,1,1627100.0
10238,6104,296,2,7731200.0
10239,6105,262,1,1118200.0
10240,6106,147,1,1915700.0
10241,6107,55,1,1713300.0
10242,6107,195,1,5431300.0
10243,6108,161,1,1705800.0
10244,6108,7,1,322400.0
10245,6108,141,1,2547500.0
10246,6108,122,1,2639500.0
10247,6109,262,1,1092000.0
10248,6109,66,1,2333500.0
10249,6110,68,1,5395400.0
10250,6110,216,1,1798700.0
10251,6111,169,1,3552300.0
10252,6112,88,1,1133400.0
10253,6112,171,1,1561400.0
10254,6112,131,1,9281100.0
10255,6113,109,1,5700600.0
10256,6114,2,1,5992100.0
10257,6115,207,1,4709800.0
10258,6116,165,1,3478900.0
10259,6117,96,1,3033600.0
10260,6117,47,1,1355000.0
10261,6117,257,2,5426200.0
10262,6117,274,1,1859500.0
10263,6118,120,1,1580800.0
10264,6119,184,1,3848600.0
10265,6120,194,1,688600.0
10266,6120,96,1,3018500.0
10267,6120,214,1,3509000.0
10268,6121,121,1,1271100.0
10269,6122,30,1,4246400.0
10270,6123,10,1,3454400.0
10271,6124,105,1,1746600.0
10272,6125,77,1,5033900.0
10273,6126,193,1,9573400.0
10274,6127,12,1,793700.0
10275,6128,194,1,700300.0
10276,6128,251,2,244100.0
10277,6128,68,1,5387200.0
10278,6129,85,1,1234200.0
10279,6130,96,1,2993700.0
10280,6130,218,1,1488500.0
10281,6131,92,1,5446000.0
10282,6132,183,1,3928400.0
10283,6133,260,2,4073800.0
10284,6133,297,1,3317100.0
10285,6133,259,1,2101300.0
10286,6134,234,1,451800.0
10287,6135,206,1,650100.0
10288,6135,77,1,5111200.0
10289,6136,87,1,1806800.0
10290,6137,127,1,968200.0
10291,6138,58,1,486000.0
10292,6138,191,1,4412600.0
10293,6139,123,2,2186300.0
10294,6139,162,1,7017300.0
10295,6140,276,1,1333500.0
10296,6140,171,1,1629100.0
10297,6141,157,1,5156400.0
10298,6142,137,1,4766500.0
10299,6143,138,1,5313200.0
10300,6144,137,1,4760300.0
10301,6145,63,1,7031100.0
10302,6145,22,1,1061500.0
10303,6145,223,1,7965500.0
10304,6146,225,1,931300.0
10305,6146,294,1,3263500.0
10306,6147,93,1,363300.0
10307,6148,91,1,662200.0
10308,6148,254,1,1642000.0
10309,6149,292,1,1901200.0
10310,6150,233,1,1467100.0
10311,6150,297,1,3286300.0
10312,6150,197,1,2713900.0
10313,6150,189,1,2235400.0
10314,6151,69,2,2559400.0
10315,6151,164,1,1837700.0
10316,6152,226,1,1786400.0
10317,6153,261,1,5667800.0
10318,6154,67,1,1409600.0
10319,6154,260,1,3938700.0
10320,6155,151,1,7420500.0
10321,6156,251,1,251400.0
10322,6156,59,1,1493100.0
10323,6157,34,1,364000.0
10324,6158,2,1,5857800.0
10325,6158,3,1,6532100.0
10326,6158,245,1,2043500.0
10327,6158,284,1,3675200.0
10328,6159,102,1,2290300.0
10329,6160,224,2,1546900.0
10330,6161,81,1,1354500.0
10331,6162,73,1,1095600.0
10332,6162,222,1,1545000.0
10333,6162,215,1,3917900.0
10334,6163,80,1,4155400.0
10335,6164,215,1,3972100.0
10336,6164,96,2,2965900.0
10337,6165,40,1,1006500.0
10338,6166,74,1,1004300.0
10339,6166,21,2,5097000.0
10340,6167,46,1,5208000.0
10341,6168,45,1,6114700.0
10342,6169,169,3,3701100.0
10343,6170,283,1,853100.0
10344,6170,251,1,257500.0
10345,6171,217,1,2006800.0
10346,6172,100,1,660400.0
10347,6173,290,1,1254500.0
10348,6173,80,1,4077100.0
10349,6174,80,1,4149500.0
10350,6174,117,1,1749300.0
10351,6175,215,1,3930700.0
10352,6175,171,1,1559200.0
10353,6176,292,1,1992600.0
10354,6177,20,1,2876400.0
10355,6177,294,1,3236200.0
10356,6178,243,1,642200.0
10357,6179,51,1,250400.0
10358,6180,13,1,1142100.0
10359,6180,258,1,2475500.0
10360,6181,289,1,3541600.0
10361,6182,247,1,1112900.0
10362,6183,215,1,4049600.0
10363,6184,189,1,2197200.0
10364,6184,130,1,2067400.0
10365,6185,138,1,5158100.0
10366,6186,129,1,1353800.0
10367,6187,58,1,497900.0
10368,6187,104,2,1574800.0
10369,6188,159,1,5152800.0
10370,6189,52,1,3321400.0
10371,6190,18,1,1391500.0
10372,6190,241,1,1096800.0
10373,6190,239,1,1298100.0
10374,6190,218,2,1444600.0
10375,6191,211,1,372900.0
10376,6191,242,1,711100.0
10377,6191,11,2,8175700.0
10378,6192,171,1,1581500.0
10379,6193,202,1,2994700.0
10380,6193,59,2,1503800.0
10381,6194,135,1,1524300.0
10382,6195,297,1,3170000.0
10383,6195,87,1,1777600.0
10384,6196,279,1,908500.0
10385,6196,138,1,5365700.0
10386,6196,134,1,4410900.0
10387,6197,256,1,2939300.0
10388,6198,100,1,633000.0
10389,6198,110,1,1714000.0
10390,6198,34,1,376600.0
10391,6199,37,1,974100.0
10392,6199,204,1,698500.0
10393,6200,242,1,704300.0
10394,6201,175,1,1287900.0
10395,6202,7,2,319500.0
10396,6202,297,1,3237700.0
10397,6203,120,1,1517400.0
10398,6203,244,1,8082800.0
10399,6204,36,1,963400.0
10400,6204,18,1,1443800.0
10401,6204,12,1,827300.0
10402,6204,273,1,4566500.0
10403,6205,296,1,7399600.0
10404,6206,69,2,2557300.0
10405,6207,32,1,3177100.0
10406,6208,42,1,1555600.0
10407,6209,40,1,1008500.0
10408,6209,241,1,1072100.0
10409,6209,37,1,976000.0
10410,6209,32,2,3195200.0
10411,6210,234,1,452500.0
10412,6211,102,2,2263300.0
10413,6212,230,1,1168700.0
10414,6213,144,1,3842500.0
10415,6214,225,1,908100.0
10416,6215,109,1,5953300.0
10417,6216,232,1,771200.0
10418,6217,17,1,4592400.0
10419,6217,140,1,5202300.0
10420,6218,17,1,4747800.0
10421,6219,102,1,2329300.0
10422,6220,246,1,3295100.0
10423,6220,37,1,971100.0
10424,6220,100,1,658700.0
10425,6221,254,1,1660700.0
10426,6222,2,1,6064600.0
10427,6223,101,1,4180100.0
10428,6224,174,1,1746700.0
10429,6224,93,1,372200.0
10430,6224,271,1,2698100.0
10431,6225,13,1,1182500.0
10432,6225,70,1,5468400.0
10433,6226,5,1,4654500.0
10434,6226,81,1,1318700.0
10435,6227,121,1,1282900.0
10436,6227,286,1,5089900.0
10437,6227,132,1,2680900.0
10438,6227,89,1,6581100.0
10439,6228,6,2,1544600.0
10440,6229,201,2,5636200.0
10441,6229,84,1,723400.0
10442,6229,85,1,1204300.0
10443,6230,223,1,8056700.0
10444,6231,123,2,2226600.0
10445,6232,133,1,883500.0
10446,6232,25,1,2239900.0
10447,6232,195,1,5447300.0
10448,6232,267,1,778200.0
10449,6233,171,1,1567700.0
10450,6234,265,1,6708600.0
10451,6234,110,1,1708800.0
10452,6235,257,1,5467500.0
10453,6235,18,1,1403200.0
10454,6236,144,1,3879600.0
10455,6237,123,1,2245800.0
10456,6237,38,2,2761900.0
10457,6237,112,1,4696600.0
10458,6238,157,1,5141200.0
10459,6238,122,1,2605900.0
10460,6239,240,1,1657900.0
10461,6239,186,1,1663400.0
10462,6240,205,1,1560000.0
10463,6240,285,1,7882500.0
10464,6241,88,1,1147400.0
10465,6241,290,1,1307100.0
10466,6242,46,1,5074000.0
10467,6242,276,1,1347000.0
10468,6242,84,1,730800.0
10469,6243,256,2,2841600.0
10470,6244,69,1,2523800.0
10471,6245,255,2,4178100.0
10472,6245,143,1,5730900.0
10473,6245,274,1,1808700.0
10474,6245,269,1,2067400.0
10475,6246,242,1,710700.0
10476,6246,128,1,1002100.0
10477,6247,70,1,5622700.0
10478,6247,112,1,4880000.0
10479,6247,229,1,375800.0
10480,6248,110,1,1662100.0
10481,6248,61,1,597800.0
10482,6249,47,1,1328000.0
10483,6250,300,1,2259600.0
10484,6250,125,1,462000.0
10485,6251,278,1,1589100.0
10486,6252,294,1,3168500.0
10487,6252,286,1,5248600.0
10488,6253,248,1,5011400.0
10489,6253,225,1,928900.0
10490,6253,179,1,3177100.0
10491,6254,32,1,3088500.0
10492,6255,100,1,649400.0
10493,6255,11,1,8273800.0
10494,6256,272,1,3525300.0
10495,6256,182,1,4907500.0
10496,6257,286,2,5171200.0
10497,6257,81,1,1346800.0
10498,6258,161,2,1766800.0
10499,6258,139,1,4689700.0
10500,6259,42,1,1540100.0
10501,6260,182,1,4842200.0
10502,6260,2,1,5966100.0
10503,6261,122,1,2553900.0
10504,6262,36,2,963400.0
10505,6263,261,1,5577100.0
10506,6263,86,1,1443100.0
10507,6264,167,1,1957800.0
10508,6264,28,1,1405200.0
10509,6265,66,3,2309400.0
10510,6266,121,1,1225000.0
10511,6266,260,1,3986200.0
10512,6267,294,2,3193100.0
10513,6267,260,1,3944900.0
10514,6268,253,1,767300.0
10515,6268,157,1,5002500.0
10516,6268,84,1,741200.0
10517,6268,255,1,4212900.0
10518,6269,57,1,3762600.0
10519,6270,149,1,1169200.0
10520,6270,103,1,2900300.0
10521,6271,116,1,4402100.0
10522,6271,151,3,7632800.0
10523,6272,269,1,2032600.0
10524,6272,151,1,7752900.0
10525,6272,133,1,880100.0
10526,6273,73,1,1140900.0
10527,6273,217,1,1937400.0
10528,6274,157,1,5146700.0
10529,6275,25,1,2283600.0
10530,6276,88,1,1126900.0
10531,6277,170,1,7717300.0
10532,6278,217,1,2019100.0
10533,6278,75,1,1480500.0
10534,6278,107,1,4411300.0
10535,6279,196,1,5538400.0
10536,6279,188,1,2223400.0
10537,6280,86,1,1424000.0
10538,6280,288,1,1242100.0
10539,6281,265,1,6732100.0
10540,6282,28,1,1372400.0
10541,6283,52,1,3242100.0
10542,6283,159,1,5301600.0
10543,6284,87,1,1749200.0
10544,6285,142,1,5190900.0
10545,6285,265,2,6617000.0
10546,6286,149,1,1141300.0
10547,6287,269,1,2065400.0
10548,6288,166,1,4671600.0
10549,6288,251,1,256200.0
10550,6288,14,1,734600.0
10551,6288,272,1,3415400.0
10552,6289,2,1,6068500.0
10553,6290,78,1,6470100.0
10554,6290,102,1,2353600.0
10555,6291,105,1,1757500.0
10556,6292,59,1,1559800.0
10557,6292,1,1,838000.0
10558,6293,34,1,365100.0
10559,6293,269,1,1991300.0
10560,6294,89,1,6611200.0
10561,6294,155,1,4470200.0
10562,6295,191,1,4539600.0
10563,6295,118,1,2014700.0
10564,6295,220,1,2223400.0
10565,6295,287,1,3282600.0
10566,6296,67,1,1362400.0
10567,6297,197,1,2774600.0
10568,6297,98,2,1374200.0
10569,6297,242,1,722000.0
10570,6297,29,1,2764300.0
10571,6298,226,1,1757900.0
10572,6299,11,2,8197500.0
10573,6300,48,2,873500.0
10574,6300,132,1,2706300.0
10575,6301,182,1,4687300.0
10576,6301,206,1,674000.0
10577,6301,86,1,1447500.0
10578,6302,162,1,7017400.0
10579,6302,284,1,3674400.0
10580,6302,111,1,762500.0
10581,6303,158,1,1112100.0
10582,6303,212,1,5215700.0
10583,6303,217,1,1979500.0
10584,6303,12,1,812200.0
10585,6304,113,1,3932400.0
10586,6304,291,1,1782800.0
10587,6305,63,1,7088300.0
10588,6305,80,1,4098100.0
10589,6305,162,1,6892200.0
10590,6305,2,1,5995100.0
10591,6306,22,1,1069300.0
10592,6307,230,2,1188600.0
10593,6307,19,1,600600.0
10594,6307,143,2,5876700.0
10595,6308,297,1,3192100.0
10596,6309,39,1,3631100.0
10597,6310,271,1,2655700.0
10598,6311,17,1,4622900.0
10599,6312,250,1,1293400.0
10600,6313,122,1,2585200.0
10601,6314,112,1,4908900.0
10602,6314,154,1,3052900.0
10603,6315,33,1,440700.0
10604,6315,135,1,1561400.0
10605,6315,181,1,8659400.0
10606,6316,78,1,6503000.0
10607,6317,111,2,784000.0
10608,6318,83,1,1626300.0
10609,6319,106,1,7585300.0
10610,6319,148,1,4270000.0
10611,6320,66,1,2332400.0
10612,6320,237,1,522100.0
10613,6321,213,1,5155800.0
10614,6321,242,1,704000.0
10615,6322,2,2,5946000.0
10616,6323,54,2,1900700.0
10617,6323,55,1,1687400.0
10618,6324,96,1,3018600.0
10619,6324,43,1,1483100.0
10620,6324,132,1,2682500.0
10621,6325,68,1,5475100.0
10622,6325,275,1,4934000.0
10623,6326,216,1,1764500.0
10624,6327,262,1,1085100.0
10625,6328,219,1,4671500.0
10626,6329,181,1,8633700.0
10627,6329,198,1,2459000.0
10628,6330,187,1,1606000.0
10629,6330,290,1,1323000.0
10630,6331,75,1,1428100.0
10631,6332,74,1,993300.0
10632,6333,238,1,5645800.0
10633,6333,285,1,8095000.0
10634,6333,215,1,4110100.0
10635,6334,231,1,6333100.0
10636,6335,117,1,1748500.0
10637,6336,30,1,4359900.0
10638,6336,133,1,893000.0
10639,6337,79,1,823800.0
10640,6338,216,1,1771100.0
10641,6339,191,1,4473200.0
10642,6340,18,1,1432100.0
10643,6340,138,2,5232900.0
10644,6341,170,1,7890500.0
10645,6341,65,1,6675500.0
10646,6342,194,1,709100.0
10647,6343,265,1,6731400.0
10648,6344,17,1,4574300.0
10649,6344,174,2,1745900.0
10650,6345,269,1,1998200.0
10651,6346,226,1,1797700.0
10652,6347,128,1,1009000.0
10653,6348,247,1,1124700.0
10654,6349,227,1,978000.0
10655,6350,263,2,1188000.0
10656,6351,126,1,1653900.0
10657,6352,83,1,1633800.0
10658,6353,216,1,1794300.0
10659,6354,198,1,2422100.0
10660,6355,89,1,6736000.0
10661,6356,60,1,612500.0
10662,6357,56,2,1318800.0
10663,6357,265,1,6576600.0
10664,6358,71,1,7323600.0
10665,6359,206,1,665700.0
10666,6359,89,2,6661000.0
10667,6360,203,1,7947100.0
10668,6361,128,1,968000.0
10669,6361,106,1,7649200.0
10670,6362,229,1,387300.0
10671,6362,145,2,1538500.0
10672,6363,196,1,5641700.0
10673,6363,93,1,357100.0
10674,6363,32,1,3112400.0
10675,6364,107,1,4448800.0
10676,6364,40,1,1020500.0
10677,6365,74,1,1009700.0
10678,6366,99,1,1912000.0
10679,6367,111,1,783200.0
10680,6368,179,1,3084700.0
10681,6368,203,1,8198000.0
10682,6368,277,1,1462000.0
10683,6369,120,1,1546700.0
10684,6369,265,1,6475900.0
10685,6370,149,1,1161000.0
10686,6370,100,1,664900.0
10687,6370,238,1,5667800.0
10688,6370,277,1,1452700.0
10689,6371,6,1,1558800.0
10690,6371,87,1,1776800.0
10691,6371,63,1,7200300.0
10692,6372,82,1,5326600.0
10693,6373,274,1,1858600.0
10694,6373,41,1,3400300.0
10695,6374,190,1,1510300.0
10696,6375,82,1,5355800.0
10697,6376,39,1,3812900.0
10698,6377,254,1,1580000.0
10699,6378,258,1,2380800.0
10700,6379,130,1,2077400.0
10701,6380,94,1,571400.0
10702,6380,99,1,1965500.0
10703,6381,95,1,1141500.0
10704,6381,96,1,2921400.0
10705,6382,241,1,1068100.0
10706,6383,245,1,2030800.0
10707,6383,249,1,3469500.0
10708,6384,3,1,6516300.0
10709,6385,135,1,1578800.0
10710,6386,277,1,1485900.0
10711,6387,69,1,2604000.0
10712,6388,264,1,1308500.0
10713,6389,267,1,796500.0
10714,6389,31,1,5374000.0
10715,6390,4,1,1005300.0
10716,6390,191,1,4336100.0
10717,6390,134,1,4620300.0
10718,6391,165,1,3386300.0
10719,6391,212,1,5140100.0
10720,6392,42,1,1524200.0
10721,6393,208,1,2295300.0
10722,6393,175,1,1289700.0
10723,6393,39,1,3630500.0
10724,6393,222,1,1522200.0
10725,6394,48,1,867000.0
10726,6394,273,1,4752100.0
10727,6395,173,1,2277100.0
10728,6395,82,1,5267800.0
10729,6396,84,1,721400.0
10730,6396,93,1,371800.0
10731,6397,157,1,5045600.0
10732,6398,185,1,3116300.0
10733,6399,176,1,2634600.0
10734,6400,190,1,1584200.0
10735,6400,179,1,3157400.0
10736,6401,65,1,6793500.0
10737,6402,153,1,889200.0
10738,6403,123,1,2229100.0
10739,6404,269,1,2018200.0
10740,6405,299,3,533800.0
10741,6406,207,1,4541700.0
10742,6406,39,1,3625300.0
10743,6407,233,2,1508800.0
10744,6408,18,1,1390200.0
10745,6408,266,1,1882500.0
10746,6408,283,3,876500.0
10747,6409,64,1,381400.0
10748,6410,213,1,5202100.0
10749,6411,79,1,818900.0
10750,6412,159,1,5350800.0
10751,6413,216,1,1737500.0
10752,6414,267,1,767800.0
10753,6415,46,1,5094700.0
10754,6416,169,1,3579600.0
10755,6417,213,1,5079300.0
10756,6418,152,1,7092700.0
10757,6418,298,1,3417300.0
10758,6419,75,2,1430300.0
10759,6419,166,1,4859400.0
10760,6419,93,1,355300.0
10761,6419,280,1,3343600.0
10762,6420,180,1,2622800.0
10763,6421,287,1,3250300.0
10764,6421,90,1,2353500.0
10765,6422,142,1,5312300.0
10766,6422,265,1,6771600.0
10767,6423,294,1,3261100.0
10768,6423,127,1,950100.0
10769,6424,181,1,8702600.0
10770,6424,184,1,3902300.0
10771,6425,191,1,4291900.0
10772,6425,64,1,377800.0
10773,6425,168,1,3921900.0
10774,6426,41,1,3367800.0
10775,6426,39,1,3637400.0
10776,6426,71,1,7361400.0
10777,6427,222,1,1571800.0
10778,6428,126,2,1707100.0
10779,6429,93,1,356000.0
10780,6430,247,2,1101400.0
10781,6431,143,1,5863800.0
10782,6431,37,1,944500.0
10783,6431,208,1,2275200.0
10784,6432,288,1,1268000.0
10785,6433,186,1,1603200.0
10786,6433,144,1,3923800.0
10787,6434,254,1,1626400.0
10788,6434,170,1,7676300.0
10789,6435,94,1,554900.0
10790,6435,243,1,635700.0
10791,6436,295,2,824800.0
10792,6436,300,1,2172300.0
10793,6436,153,1,881400.0
10794,6437,124,1,940900.0
10795,6437,201,1,5854600.0
10796,6438,113,2,3806600.0
10797,6438,274,1,1812000.0
10798,6439,159,1,5165900.0
10799,6439,87,1,1727600.0
10800,6440,6,2,1612200.0
10801,6441,293,1,464900.0
10802,6441,7,1,319100.0
10803,6441,262,2,1065500.0
10804,6442,94,1,571000.0
10805,6443,20,1,2783000.0
10806,6444,99,2,1877300.0
10807,6444,195,1,5418700.0
10808,6444,156,1,1166600.0
10809,6444,25,1,2172400.0
10810,6445,71,1,7250400.0
10811,6446,202,1,3056200.0
10812,6447,47,1,1316000.0
10813,6447,143,1,5795700.0
10814,6448,220,1,2229200.0
10815,6449,271,1,2646200.0
10816,6450,64,1,372600.0
10817,6451,23,1,5736600.0
10818,6452,262,1,1124000.0
10819,6453,15,1,359300.0
10820,6454,268,1,5668100.0
10821,6455,10,1,3379500.0
10822,6455,289,1,3611400.0
10823,6455,69,1,2539300.0
10824,6456,159,1,5167200.0
10825,6456,49,1,1808400.0
10826,6456,156,1,1140700.0
10827,6456,145,1,1513900.0
10828,6457,262,1,1089700.0
10829,6457,165,1,3349300.0
10830,6458,34,1,375300.0
10831,6459,259,1,2147900.0
10832,6460,296,1,7723400.0
10833,6461,17,1,4722000.0
10834,6462,232,1,756200.0
10835,6462,260,1,4071300.0
10836,6463,278,1,1587700.0
10837,6464,208,1,2365800.0
10838,6465,143,1,5911800.0
10839,6466,48,1,876100.0
10840,6466,145,1,1540200.0
10841,6467,271,2,2670000.0
10842,6468,80,1,4093400.0
10843,6469,180,1,2576100.0
10844,6469,177,1,3371100.0
10845,6469,78,1,6383000.0
10846,6470,221,1,2383400.0
10847,6470,211,1,377600.0
10848,6471,238,1,5706700.0
10849,6471,140,1,5126700.0
10850,6472,205,1,1578300.0
10851,6473,214,1,3614200.0
10852,6474,158,1,1068300.0
10853,6474,102,1,2287900.0
10854,6474,101,1,4178800.0
10855,6475,127,1,938100.0
10856,6475,220,1,2198900.0
10857,6475,18,1,1446000.0
10858,6476,217,1,1959800.0
10859,6477,101,1,4165100.0
10860,6477,67,1,1386300.0
10861,6478,14,1,694800.0
10862,6479,51,1,250900.0
10863,6480,184,1,3897600.0
10864,6480,146,1,521100.0
10865,6480,216,2,1812200.0
10866,6481,232,1,763300.0
10867,6482,114,1,5470700.0
10868,6482,17,1,4630800.0
10869,6482,224,1,1601800.0
10870,6482,111,1,783700.0
10871,6483,111,1,764000.0
10872,6483,255,1,4070700.0
10873,6484,150,1,2146900.0
10874,6485,199,1,1522800.0
10875,6485,59,1,1559500.0
10876,6486,47,1,1317600.0
10877,6487,57,2,3606900.0
10878,6487,111,1,769300.0
10879,6488,213,1,5220500.0
10880,6489,80,1,4195200.0
10881,6490,25,2,2192200.0
10882,6490,42,1,1476300.0
10883,6491,37,1,946800.0
10884,6492,164,1,1817800.0
10885,6493,15,1,349100.0
10886,6493,162,2,6977500.0
10887,6493,42,1,1505800.0
10888,6493,100,1,631700.0
10889,6494,86,1,1434500.0
10890,6495,91,1,668600.0
10891,6496,127,1,938800.0
10892,6496,10,3,3503500.0
10893,6496,148,1,4091500.0
10894,6496,77,1,4986700.0
10895,6497,123,1,2175200.0
10896,6497,276,1,1372000.0
10897,6498,210,2,9242500.0
10898,6498,43,1,1454300.0
10899,6498,195,1,5438900.0
10900,6499,184,1,3922000.0
10901,6499,8,1,1094400.0
10902,6499,10,1,3374900.0
10903,6500,40,1,1013400.0
10904,6501,180,2,2549300.0
10905,6501,5,1,4669500.0
10906,6502,234,1,457400.0
10907,6503,267,1,764600.0
10908,6504,190,1,1517600.0
10909,6505,298,1,3355600.0
10910,6505,12,1,825000.0
10911,6506,114,1,5423400.0
10912,6507,278,1,1626700.0
10913,6507,35,1,1570200.0
10914,6508,287,1,3373000.0
10915,6508,267,1,774800.0
10916,6509,138,1,5428400.0
10917,6509,20,1,2764700.0
10918,6509,172,1,6693000.0
10919,6510,50,2,2960000.0
10920,6510,298,1,3426000.0
10921,6510,233,3,1461000.0
10922,6511,158,1,1118000.0
10923,6512,51,1,249100.0
10924,6512,94,1,557400.0
10925,6512,190,1,1568200.0
10926,6513,236,1,6487100.0
10927,6514,58,1,501000.0
10928,6514,22,1,1067500.0
10929,6515,153,1,858300.0
10930,6515,222,1,1571100.0
10931,6515,296,1,7353000.0
10932,6516,264,1,1278100.0
10933,6516,65,1,6552900.0
10934,6517,226,1,1829100.0
10935,6518,277,1,1438500.0
10936,6519,110,1,1703300.0
10937,6520,39,1,3662400.0
10938,6521,267,1,797000.0
10939,6521,75,1,1507600.0
10940,6522,106,1,7640400.0
10941,6522,154,1,3148100.0
10942,6522,157,1,5271100.0
10943,6522,250,1,1314100.0
10944,6523,159,1,5208600.0
10945,6523,268,1,5905300.0
10946,6524,293,1,484500.0
10947,6525,128,3,970800.0
10948,6525,39,1,3808400.0
10949,6526,151,1,7570500.0
10950,6527,111,1,762800.0
10951,6528,125,1,457300.0
10952,6528,189,1,2249400.0
10953,6529,120,1,1547600.0
10954,6529,29,1,2722100.0
10955,6530,223,1,7979600.0
10956,6530,234,1,472700.0
10957,6530,275,1,4992200.0
10958,6531,294,1,3171400.0
10959,6532,124,2,920200.0
10960,6533,224,1,1597700.0
10961,6533,77,1,4999900.0
10962,6533,199,1,1598200.0
10963,6534,137,1,4852900.0
10964,6534,180,1,2591000.0
10965,6535,254,1,1610400.0
10966,6536,107,1,4618800.0
10967,6536,6,1,1592300.0
10968,6537,234,1,461400.0
10969,6537,201,1,5744900.0
10970,6537,51,2,245000.0
10971,6538,106,1,7820600.0
10972,6538,4,1,1009000.0
10973,6539,285,1,7784600.0
10974,6539,242,1,718700.0
10975,6539,131,1,9143700.0
10976,6540,185,1,3135700.0
10977,6540,245,1,1996500.0
10978,6540,39,1,3699900.0
10979,6540,264,1,1345300.0
10980,6541,250,1,1266100.0
10981,6541,209,1,5199900.0
10982,6542,156,2,1110800.0
10983,6542,31,1,5325800.0
10984,6542,104,1,1610600.0
10985,6542,83,1,1613400.0
10986,6543,294,1,3112100.0
10987,6544,130,1,2066100.0
10988,6545,295,1,797800.0
10989,6546,45,1,6382800.0
10990,6547,271,2,2696400.0
10991,6548,211,1,370500.0
10992,6548,47,3,1352200.0
10993,6549,5,1,4622100.0
10994,6550,49,1,1815000.0
10995,6551,234,1,470000.0
10996,6551,189,2,2218300.0
10997,6552,225,1,929300.0
10998,6552,53,1,347700.0
10999,6553,258,1,2394400.0
11000,6553,42,1,1506900.0
11001,6553,265,1,6641800.0
11002,6553,201,1,5636300.0
11003,6554,74,1,1021500.0
11004,6555,69,1,2529700.0
11005,6556,233,1,1509800.0
11006,6557,260,1,3949200.0
11007,6557,146,1,532500.0
11008,6558,62,1,5945600.0
11009,6559,246,1,3241100.0
11010,6559,291,1,1790800.0
11011,6559,179,1,3239200.0
11012,6560,236,1,6533200.0
11013,6561,237,1,518100.0
11014,6562,13,1,1120500.0
11015,6562,114,1,5321400.0
11016,6562,242,1,685900.0
11017,6563,182,1,4811100.0
11018,6564,92,1,5263400.0
11019,6564,96,1,3040200.0
11020,6565,278,1,1660600.0
11021,6565,119,1,2916800.0
11022,6566,198,1,2531700.0
11023,6566,53,1,347200.0
11024,6567,283,1,878000.0
11025,6567,208,1,2301600.0
11026,6567,165,1,3385500.0
11027,6567,254,1,1577300.0
11028,6568,84,2,730500.0
11029,6568,102,1,2344400.0
11030,6568,149,1,1161700.0
11031,6568,140,1,5247500.0
11032,6569,273,1,4777100.0
11033,6569,142,1,5298300.0
11034,6569,223,1,8155000.0
11035,6569,16,1,5164100.0
11036,6570,152,1,7242400.0
11037,6570,44,1,437300.0
11038,6571,27,1,1650600.0
11039,6571,129,1,1351800.0
11040,6571,33,1,422900.0
11041,6572,245,1,2090700.0
11042,6572,241,1,1098600.0
11043,6573,199,1,1577400.0
11044,6574,282,1,306800.0
11045,6574,125,2,461900.0
11046,6574,97,1,3716100.0
11047,6574,88,1,1147600.0
11048,6575,158,1,1123700.0
11049,6575,229,2,378200.0
11050,6576,3,1,6414600.0
11051,6576,170,1,7795000.0
11052,6576,260,1,4070400.0
11053,6577,134,1,4450800.0
11054,6578,145,1,1477200.0
11055,6578,110,2,1702700.0
11056,6578,280,1,3427900.0
11057,6579,225,1,927700.0
11058,6579,174,1,1690200.0
11059,6580,122,1,2625600.0
11060,6580,212,1,5037800.0
11061,6581,163,1,6965100.0
11062,6582,24,1,3980800.0
11063,6583,7,1,326800.0
11064,6583,129,1,1385100.0
11065,6584,94,2,572600.0
11066,6585,56,1,1318100.0
11067,6586,288,1,1266700.0
11068,6587,179,1,3185600.0
11069,6588,195,2,5605000.0
11070,6589,46,1,5179400.0
11071,6589,165,1,3476000.0
11072,6589,87,1,1768800.0
11073,6589,4,1,976200.0
11074,6590,222,1,1487400.0
11075,6591,266,1,1875700.0
11076,6592,23,1,5810300.0
11077,6592,218,1,1425900.0
11078,6593,171,1,1565000.0
11079,6594,146,1,544500.0
11080,6595,17,1,4725000.0
11081,6595,135,1,1544500.0
11082,6595,270,1,1822600.0
11083,6595,16,1,5239900.0
11084,6596,16,1,5237800.0
11085,6596,109,1,5785200.0
11086,6597,295,1,788700.0
11087,6597,275,1,4948200.0
11088,6597,272,1,3375400.0
11089,6598,221,1,2349000.0
11090,6598,46,1,5124200.0
11091,6599,227,1,967000.0
11092,6599,159,1,5159400.0
11093,6600,154,1,3094500.0
11094,6601,6,1,1577100.0
11095,6601,147,1,1913600.0
11096,6602,78,1,6376000.0
11097,6603,257,1,5474400.0
11098,6604,163,1,6907700.0
11099,6604,290,1,1287400.0
11100,6604,30,1,4453300.0
11101,6605,36,1,965000.0
11102,6605,298,1,3398700.0
11103,6606,17,1,4758500.0
11104,6606,209,1,5433200.0
11105,6606,288,1,1268100.0
11106,6607,37,1,965200.0
11107,6608,290,1,1324400.0
11108,6608,22,1,1066600.0
11109,6608,36,1,921900.0
11110,6608,156,1,1125400.0
11111,6609,116,1,4353200.0
11112,6610,86,1,1410800.0
11113,6610,50,2,2879200.0
11114,6610,71,1,7346000.0
11115,6611,236,1,6581100.0
11116,6611,263,1,1201800.0
11117,6612,261,1,5699300.0
11118,6613,191,1,4502200.0
11119,6614,231,1,6402600.0
11120,6614,291,2,1837200.0
11121,6615,67,1,1359000.0
11122,6616,74,1,998500.0
11123,6617,89,2,6690300.0
11124,6618,227,1,961800.0
11125,6618,127,1,974300.0
11126,6618,280,1,3332900.0
11127,6619,288,1,1257400.0
11128,6620,237,1,513200.0
11129,6620,70,1,5474200.0
11130,6620,218,1,1488800.0
11131,6621,228,1,2259700.0
11132,6621,204,2,730300.0
11133,6622,115,1,4077100.0
11134,6623,188,1,2309600.0
11135,6623,7,1,309900.0
11136,6624,285,1,8084300.0
11137,6625,180,2,2614500.0
11138,6626,166,1,4736600.0
11139,6627,227,1,975300.0
11140,6628,3,2,6471900.0
11141,6629,221,1,2315500.0
11142,6629,106,1,7571700.0
11143,6630,130,1,2126000.0
11144,6631,237,1,522900.0
11145,6632,104,2,1583600.0
11146,6632,49,1,1895600.0
11147,6633,172,1,6690500.0
11148,6634,122,1,2633900.0
11149,6634,64,1,373000.0
11150,6634,137,1,4689800.0
11151,6635,148,2,4216700.0
11152,6635,147,1,1934300.0
11153,6635,155,1,4537200.0
11154,6636,159,1,5189500.0
11155,6637,132,1,2613400.0
11156,6637,116,1,4356300.0
11157,6638,146,1,526300.0
11158,6638,86,1,1415400.0
11159,6638,157,1,5169600.0
11160,6638,158,1,1098400.0
11161,6639,99,1,1893700.0
11162,6639,215,1,3920100.0
11163,6639,185,1,3102500.0
11164,6640,85,1,1218700.0
11165,6641,70,1,5435400.0
11166,6642,223,1,7980500.0
11167,6643,146,1,548200.0
11168,6643,156,1,1156800.0
11169,6644,130,1,2045300.0
11170,6645,30,1,4483400.0
11171,6646,157,2,4995300.0
11172,6647,184,2,3896400.0
11173,6648,232,1,761300.0
11174,6648,242,1,699500.0
11175,6649,250,1,1312600.0
11176,6649,86,1,1477600.0
11177,6649,210,1,9302800.0
11178,6649,118,1,1991800.0
11179,6650,185,2,3094600.0
11180,6651,158,2,1091700.0
11181,6652,172,1,6821800.0
11182,6652,274,2,1860600.0
11183,6653,158,1,1102400.0
11184,6654,103,1,2872800.0
11185,6654,73,1,1094600.0
11186,6655,52,1,3255800.0
11187,6655,43,1,1472900.0
11188,6656,26,1,640000.0
11189,6657,58,1,499400.0
11190,6657,170,1,7698400.0
11191,6658,53,1,344800.0
11192,6659,142,1,5264900.0
11193,6659,169,1,3615000.0
11194,6660,263,2,1177100.0
11195,6661,253,1,788600.0
11196,6661,287,1,3382600.0
11197,6662,185,1,3085000.0
11198,6662,18,1,1419800.0
11199,6663,270,1,1804400.0
11200,6663,232,1,786600.0
11201,6664,105,1,1798800.0
11202,6665,238,1,5519300.0
11203,6665,217,1,1976100.0
11204,6665,161,1,1755900.0
11205,6666,82,1,5194800.0
11206,6666,19,1,583000.0
11207,6667,277,1,1432000.0
11208,6667,245,1,2015000.0
11209,6668,95,1,1118200.0
11210,6668,132,1,2704400.0
11211,6668,167,1,1939500.0
11212,6669,169,1,3563200.0
11213,6670,175,1,1275600.0
11214,6671,262,1,1086900.0
11215,6672,91,1,662700.0
11216,6673,108,1,7216600.0
11217,6674,115,1,4054800.0
11218,6675,207,2,4759000.0
11219,6676,78,1,6253800.0
11220,6677,270,1,1823500.0
11221,6677,55,2,1663800.0
11222,6678,44,1,443800.0
11223,6679,114,1,5239000.0
11224,6680,64,2,371800.0
11225,6680,21,1,5203900.0
11226,6680,197,1,2774900.0
11227,6681,133,1,906700.0
11228,6682,228,1,2243600.0
11229,6682,24,1,3944500.0
11230,6682,224,1,1566100.0
11231,6683,192,1,1683900.0
11232,6683,210,1,9421900.0
11233,6683,213,1,5097300.0
11234,6683,30,1,4295700.0
11235,6684,135,1,1567400.0
11236,6684,276,1,1355700.0
11237,6685,280,1,3419400.0
11238,6685,118,1,2047100.0
11239,6685,134,1,4493800.0
11240,6685,159,1,5292900.0
11241,6686,122,1,2586400.0
11242,6687,195,1,5487400.0
11243,6688,289,2,3583700.0
11244,6689,285,1,8120900.0
11245,6690,171,1,1584100.0
11246,6691,68,1,5462700.0
11247,6691,143,1,5643300.0
11248,6692,228,1,2256800.0
11249,6692,162,1,7019900.0
11250,6692,20,1,2801800.0
11251,6692,102,1,2338200.0
11252,6693,180,1,2492700.0
11253,6694,142,1,5228100.0
11254,6694,63,2,7144100.0
11255,6694,297,1,3157200.0
11256,6695,87,1,1769600.0
11257,6696,127,2,965700.0
11258,6697,168,1,3844700.0
11259,6698,139,1,4826200.0
11260,6698,297,2,3291600.0
11261,6698,58,1,506400.0
11262,6699,170,1,7911500.0
11263,6700,259,1,2210300.0
11264,6701,1,1,862100.0
11265,6701,65,1,6771900.0
11266,6701,180,1,2520400.0
11267,6701,36,1,943400.0
11268,6702,43,1,1506700.0
11269,6703,56,1,1258900.0
11270,6703,139,2,4685900.0
11271,6703,150,1,2146700.0
11272,6703,264,1,1312600.0
11273,6704,248,1,4981600.0
11274,6705,171,2,1560700.0
11275,6705,256,2,2987600.0
11276,6706,169,1,3699800.0
11277,6707,34,1,383100.0
11278,6707,57,1,3790800.0
11279,6708,239,1,1352900.0
11280,6709,2,2,6173400.0
11281,6709,111,1,762900.0
11282,6710,175,1,1292600.0
11283,6711,257,1,5590800.0
11284,6711,249,1,3614500.0
11285,6711,145,1,1466700.0
11286,6712,15,2,350700.0
11287,6713,139,1,4590200.0
11288,6713,64,2,389800.0
11289,6714,63,1,7142400.0
11290,6715,108,1,7213100.0
11291,6716,152,1,7096100.0
11292,6716,45,1,6358200.0
11293,6716,248,1,4845000.0
11294,6716,283,1,861500.0
11295,6717,201,1,5717300.0
11296,6717,131,1,8834700.0
11297,6718,19,1,594400.0
11298,6718,66,1,2353900.0
11299,6719,177,1,3321100.0
11300,6720,190,1,1508600.0
11301,6721,53,1,357500.0
11302,6722,78,1,6355800.0
11303,6723,16,2,5090400.0
11304,6724,193,1,10051500.0
11305,6725,135,1,1543600.0
11306,6726,230,1,1192500.0
11307,6727,161,1,1759700.0
11308,6728,215,1,3995600.0
11309,6728,78,1,6282300.0
11310,6729,299,1,527900.0
11311,6730,263,2,1211600.0
11312,6730,179,2,3229000.0
11313,6731,233,2,1510600.0
11314,6732,29,1,2649600.0
11315,6732,109,1,5814100.0
11316,6733,219,1,4692800.0
11317,6734,123,1,2201200.0
11318,6735,226,1,1821200.0
11319,6735,113,1,3726100.0
11320,6735,136,1,641700.0
11321,6736,138,1,5431800.0
11322,6737,114,2,5333000.0
11323,6737,255,2,4236300.0
11324,6737,292,1,1914900.0
11325,6738,198,1,2526700.0
11326,6739,162,1,6820200.0
11327,6740,244,1,8287800.0
11328,6741,299,1,515600.0
11329,6742,63,1,7177200.0
11330,6742,87,1,1803200.0
11331,6743,65,1,6898400.0
11332,6744,130,2,2135400.0
11333,6745,132,1,2707400.0
11334,6745,76,1,2269200.0
11335,6745,3,1,6348600.0
11336,6746,163,1,7171400.0
11337,6747,105,1,1792900.0
11338,6747,251,1,249400.0
11339,6748,69,1,2640900.0
11340,6748,105,1,1806600.0
11341,6748,67,1,1370900.0
11342,6749,289,1,3590400.0
11343,6749,241,1,1070800.0
11344,6750,50,1,2929200.0
11345,6750,112,1,4703400.0
11346,6751,4,1,963600.0
11347,6752,125,1,454000.0
11348,6752,55,1,1656100.0
11349,6753,151,1,7533000.0
11350,6754,246,1,3195400.0
11351,6754,51,1,241600.0
11352,6754,91,2,654000.0
11353,6755,59,1,1475900.0
11354,6755,47,1,1374900.0
11355,6756,192,1,1711400.0
11356,6757,1,1,824800.0
11357,6757,64,1,381400.0
11358,6758,51,1,240000.0
11359,6758,13,1,1145600.0
11360,6758,164,1,1873200.0
11361,6759,4,1,971100.0
11362,6760,50,1,2846300.0
11363,6761,5,1,4661500.0
11364,6762,57,1,3713700.0
11365,6763,106,1,7668800.0
11366,6764,26,1,620100.0
11367,6764,178,1,1822800.0
11368,6765,249,1,3656900.0
11369,6766,155,1,4427300.0
11370,6767,238,1,5704500.0
11371,6768,116,1,4252200.0
11372,6768,113,1,3929600.0
11373,6768,144,1,3874600.0
11374,6768,274,1,1795100.0
11375,6769,87,1,1784100.0
11376,6770,27,1,1580900.0
11377,6770,104,1,1586800.0
11378,6771,157,1,5104200.0
11379,6771,31,1,5198700.0
11380,6772,167,1,1922700.0
11381,6772,226,1,1821700.0
11382,6773,198,1,2470300.0
11383,6774,17,1,4631400.0
11384,6775,139,2,4750600.0
11385,6776,113,2,3816900.0
11386,6777,227,1,959600.0
11387,6777,174,2,1678600.0
11388,6777,262,1,1115000.0
11389,6778,58,2,492200.0
11390,6779,243,1,635400.0
11391,6779,291,1,1803900.0
11392,6779,103,1,2892400.0
11393,6780,194,1,714000.0
11394,6780,11,1,7862800.0
11395,6780,60,1,611200.0
11396,6780,256,1,2856400.0
11397,6781,297,1,3265100.0
11398,6782,13,1,1168200.0
11399,6783,30,1,4418300.0
11400,6783,55,1,1649600.0
11401,6784,114,1,5509100.0
11402,6784,254,1,1651300.0
11403,6784,246,1,3294100.0
11404,6784,76,1,2187300.0
11405,6785,57,1,3628700.0
11406,6785,242,1,720200.0
11407,6785,110,1,1704100.0
11408,6786,244,1,8113900.0
11409,6786,255,1,4265700.0
11410,6787,288,1,1262600.0
11411,6787,109,1,5815900.0
11412,6787,218,1,1473100.0
11413,6788,198,1,2393500.0
11414,6789,56,1,1309300.0
11415,6790,7,1,313200.0
11416,6791,88,1,1153600.0
11417,6792,185,1,3231300.0
11418,6793,159,1,5264700.0
11419,6794,103,1,2930700.0
11420,6795,188,1,2256300.0
11421,6796,34,1,381400.0
11422,6797,299,1,539000.0
11423,6797,160,1,1018400.0
11424,6798,222,1,1576200.0
11425,6798,148,2,4174900.0
11426,6799,195,1,5516900.0
11427,6800,84,1,736600.0
11428,6800,290,1,1292800.0
11429,6801,223,1,8210700.0
11430,6801,227,2,1003100.0
11431,6801,92,1,5309300.0
11432,6802,7,1,315100.0
11433,6802,187,1,1627700.0
11434,6802,45,1,6237100.0
11435,6803,56,1,1279000.0
11436,6804,159,1,5123100.0
11437,6804,39,1,3698300.0
11438,6804,226,1,1785100.0
11439,6805,246,1,3287900.0
11440,6806,15,1,365900.0
11441,6806,30,1,4450400.0
11442,6807,3,1,6293100.0
11443,6808,105,1,1791700.0
11444,6809,247,1,1133100.0
11445,6809,118,1,1964000.0
11446,6809,199,1,1593200.0
11447,6810,220,1,2257900.0
11448,6811,285,1,7759200.0
11449,6812,79,1,808500.0
11450,6812,171,1,1628500.0
11451,6812,26,1,630100.0
11452,6812,267,2,767200.0
11453,6813,41,1,3336300.0
11454,6813,13,1,1174300.0
11455,6814,235,1,4375400.0
11456,6815,46,2,5260000.0
11457,6815,258,1,2474100.0
11458,6815,87,1,1762800.0
11459,6816,219,1,4674700.0
11460,6816,185,1,3218500.0
11461,6817,263,1,1171400.0
11462,6817,58,1,479300.0
11463,6817,161,1,1775000.0
11464,6817,70,1,5418900.0
11465,6818,172,1,6729300.0
11466,6818,169,1,3618100.0
11467,6818,9,1,4615700.0
11468,6818,28,1,1412000.0
11469,6819,167,1,1897700.0
11470,6819,166,1,4713000.0
11471,6820,125,1,445500.0
11472,6821,133,1,910800.0
11473,6822,30,1,4350300.0
11474,6823,2,1,6120100.0
11475,6824,271,1,2720600.0
11476,6824,169,1,3627800.0
11477,6825,178,1,1870000.0
11478,6826,279,1,899300.0
11479,6827,227,1,993800.0
11480,6827,161,1,1714800.0
11481,6828,216,1,1745200.0
11482,6829,196,1,5621600.0
11483,6830,12,2,804500.0
11484,6830,271,1,2674100.0
11485,6831,15,1,351600.0
11486,6832,100,2,638200.0
11487,6833,28,1,1368000.0
11488,6833,43,1,1510800.0
11489,6834,237,1,502400.0
11490,6835,128,1,1009800.0
11491,6836,71,1,7183300.0
11492,6837,159,1,5169900.0
11493,6838,90,1,2278400.0
11494,6839,5,1,4514600.0
11495,6839,296,1,7464000.0
11496,6840,282,1,312200.0
11497,6841,86,3,1456100.0
11498,6842,121,1,1269200.0
11499,6842,122,2,2588100.0
11500,6843,152,1,7219500.0
11501,6844,121,1,1286900.0
11502,6844,31,1,5119600.0
11503,6845,233,1,1532800.0
11504,6846,177,1,3459500.0
11505,6847,131,1,9055800.0
11506,6847,294,1,3239800.0
11507,6848,156,1,1139500.0
11508,6848,142,2,5181300.0
11509,6849,189,1,2187400.0
11510,6849,210,1,9197500.0
11511,6850,82,1,5224000.0
11512,6851,106,1,7633600.0
11513,6852,17,1,4647600.0
11514,6852,141,2,2492200.0
11515,6853,135,1,1612800.0
11516,6853,256,1,2857500.0
11517,6854,55,1,1681400.0
11518,6855,272,1,3534300.0
11519,6855,254,1,1672500.0
11520,6856,104,3,1585800.0
11521,6856,220,1,2244700.0
11522,6857,188,1,2267400.0
11523,6857,49,1,1848800.0
11524,6858,75,1,1435800.0
11525,6859,39,1,3692500.0
11526,6860,270,1,1819600.0
11527,6860,96,1,2918600.0
11528,6861,46,1,5089300.0
11529,6861,243,1,624400.0
11530,6862,80,1,4008700.0
11531,6863,219,1,4822500.0
11532,6864,297,1,3325800.0
11533,6864,252,1,975400.0
11534,6865,55,1,1703200.0
11535,6865,237,1,513100.0
11536,6866,10,1,3467800.0
11537,6867,73,1,1127900.0
11538,6867,177,1,3394700.0
11539,6868,22,1,1084900.0
11540,6868,153,1,898600.0
11541,6869,11,2,8035300.0
11542,6870,226,1,1739200.0
11543,6871,300,1,2191800.0
11544,6872,240,1,1586300.0
11545,6873,241,1,1063300.0
11546,6874,31,1,5145900.0
11547,6875,115,1,4072800.0
11548,6876,240,1,1576100.0
11549,6876,263,1,1195200.0
11550,6876,105,1,1775600.0
11551,6877,63,1,7255300.0
11552,6877,140,1,5099100.0
11553,6878,160,1,1028400.0
11554,6878,44,1,433600.0
11555,6878,247,1,1126200.0
11556,6879,268,1,5783100.0
11557,6879,8,1,1100000.0
11558,6879,46,1,5139300.0
11559,6880,222,1,1490800.0
11560,6880,229,1,376900.0
11561,6881,257,1,5489700.0
11562,6881,135,1,1540700.0
11563,6882,253,1,781000.0
11564,6883,74,1,1008500.0
11565,6884,155,1,4575900.0
11566,6884,105,2,1754700.0
11567,6885,69,1,2546200.0
11568,6886,250,2,1245800.0
11569,6886,72,1,4664800.0
11570,6887,64,1,369100.0
11571,6887,204,1,691400.0
11572,6888,141,1,2491200.0
11573,6889,287,1,3222700.0
11574,6889,205,1,1603300.0
11575,6890,156,1,1168800.0
11576,6891,169,1,3632900.0
11577,6891,209,1,5444300.0
11578,6892,271,1,2678500.0
11579,6893,251,1,253900.0
11580,6893,191,1,4437100.0
11581,6894,252,1,964800.0
11582,6895,166,1,4656200.0
11583,6896,210,1,9547600.0
11584,6896,128,1,1010600.0
11585,6897,234,1,465700.0
11586,6898,64,1,372900.0
11587,6899,170,1,7684500.0
11588,6899,90,1,2361800.0
11589,6900,80,1,3963900.0
11590,6901,6,1,1602000.0
11591,6901,174,1,1686700.0
11592,6901,42,1,1495100.0
11593,6901,69,1,2595500.0
11594,6902,227,1,983100.0
11595,6902,218,1,1507200.0
11596,6903,86,1,1416100.0
11597,6904,193,1,9793000.0
11598,6904,184,1,3792200.0
11599,6905,37,1,968600.0
11600,6905,54,1,1949800.0
11601,6906,166,1,4706900.0
11602,6907,6,1,1615800.0
11603,6907,167,2,1898800.0
11604,6908,51,1,242500.0
11605,6909,38,1,2738000.0
11606,6910,264,1,1288400.0
11607,6911,155,1,4584600.0
11608,6912,30,1,4265000.0
11609,6913,116,1,4388500.0
11610,6913,52,1,3187600.0
11611,6913,241,1,1098300.0
11612,6914,281,1,1756600.0
11613,6915,190,1,1580900.0
11614,6916,277,1,1480200.0
11615,6916,217,1,2037700.0
11616,6917,292,1,1990200.0
11617,6917,117,1,1815600.0
11618,6917,131,1,9205300.0
11619,6918,150,1,2097700.0
11620,6919,189,1,2197600.0
11621,6919,83,1,1598600.0
11622,6919,68,1,5337400.0
11623,6920,269,1,2060300.0
11624,6920,174,1,1756900.0
11625,6920,23,2,5686800.0
11626,6920,11,1,8097000.0
11627,6921,87,1,1770000.0
11628,6921,243,1,639400.0
11629,6921,201,1,5938100.0
11630,6922,154,1,3121400.0
11631,6922,57,2,3704500.0
11632,6922,44,1,439500.0
11633,6923,204,1,700400.0
11634,6923,116,1,4223700.0
11635,6924,137,1,4724100.0
11636,6925,143,1,5641200.0
11637,6925,133,1,880800.0
11638,6926,173,1,2328000.0
11639,6926,247,1,1128500.0
11640,6927,40,1,1062800.0
11641,6927,219,1,4618000.0
11642,6928,86,1,1433800.0
11643,6929,180,1,2605100.0
11644,6930,205,1,1604200.0
11645,6930,149,1,1175300.0
11646,6930,137,1,4866700.0
11647,6931,14,1,725200.0
11648,6932,201,1,5834700.0
11649,6932,77,2,5105700.0
11650,6933,3,1,6326900.0
11651,6933,139,1,4706300.0
11652,6934,91,1,663200.0
11653,6934,168,1,3859300.0
11654,6935,215,1,3971700.0
11655,6935,219,1,4723800.0
11656,6935,3,1,6364600.0
11657,6935,26,1,642000.0
11658,6936,75,1,1486000.0
11659,6937,146,1,525400.0
11660,6937,22,1,1068000.0
11661,6937,218,1,1504800.0
11662,6937,271,1,2767400.0
11663,6938,238,1,5689400.0
11664,6938,225,1,910600.0
11665,6938,20,1,2797900.0
11666,6938,161,1,1703900.0
11667,6939,196,1,5640100.0
11668,6940,81,1,1336600.0
11669,6941,183,1,3823700.0
11670,6942,4,1,1006000.0
11671,6943,187,1,1564100.0
11672,6943,215,1,3980700.0
11673,6943,176,1,2717500.0
11674,6944,140,1,5111500.0
11675,6945,140,2,5041200.0
11676,6946,105,1,1788700.0
11677,6947,175,1,1249100.0
11678,6948,43,1,1481000.0
11679,6949,92,1,5195700.0
11680,6949,147,1,1947300.0
11681,6950,125,1,444300.0
11682,6951,239,1,1354100.0
11683,6951,292,1,2011300.0
11684,6952,64,1,380100.0
11685,6952,112,1,4696400.0
11686,6952,232,1,785700.0
11687,6953,40,1,1013200.0
11688,6953,41,1,3474600.0
11689,6954,27,1,1658700.0
11690,6954,90,1,2295900.0
11691,6955,32,1,3114200.0
11692,6956,100,3,658400.0
11693,6956,125,1,458800.0
11694,6956,41,1,3437000.0
11695,6957,253,1,795700.0
11696,6957,28,1,1382300.0
11697,6957,200,1,706100.0
11698,6958,251,1,247500.0
11699,6958,290,1,1263300.0
11700,6958,246,1,3147500.0
11701,6958,170,1,7775400.0
11702,6959,98,1,1328300.0
11703,6960,123,1,2257000.0
11704,6960,49,1,1823600.0
11705,6961,290,1,1293600.0
11706,6962,24,1,3830900.0
11707,6963,106,1,7516500.0
11708,6963,261,2,5554900.0
11709,6963,285,1,8120700.0
11710,6963,297,1,3163300.0
11711,6964,21,1,5092000.0
11712,6965,13,1,1168900.0
11713,6965,242,1,693900.0
11714,6966,212,1,5151600.0
11715,6966,125,1,463600.0
11716,6966,197,1,2701200.0
11717,6966,215,1,4116800.0
11718,6967,166,2,4806300.0
11719,6968,97,1,3807900.0
11720,6968,155,1,4450500.0
11721,6969,228,1,2309900.0
11722,6969,244,1,8218900.0
11723,6970,70,1,5531000.0
11724,6970,113,1,3804200.0
11725,6971,279,1,917900.0
11726,6972,262,1,1113600.0
11727,6973,4,1,981700.0
11728,6973,172,1,6704500.0
11729,6974,17,1,4715900.0
11730,6974,28,1,1378400.0
11731,6975,198,2,2450500.0
11732,6976,140,1,5212700.0
11733,6976,107,1,4492900.0
11734,6977,67,1,1345500.0
11735,6977,119,1,2955000.0
11736,6977,300,1,2226300.0
11737,6977,13,1,1179800.0
11738,6978,151,1,7424500.0
11739,6979,264,1,1296500.0
11740,6979,131,1,8909600.0
11741,6979,93,1,373800.0
11742,6980,278,1,1652800.0
11743,6981,25,1,2222900.0
11744,6982,99,2,1917900.0
11745,6983,33,1,434800.0
11746,6983,74,1,1020100.0
11747,6983,31,1,5174100.0
11748,6984,236,1,6494200.0
11749,6984,239,1,1360900.0
11750,6985,112,1,4841100.0
11751,6986,290,1,1255900.0
11752,6987,130,1,2139800.0
11753,6987,46,1,5052300.0
11754,6988,146,1,531700.0
11755,6989,64,2,379900.0
11756,6990,216,1,1811800.0
11757,6991,105,1,1737700.0
11758,6992,192,1,1706400.0
11759,6992,125,1,459200.0
11760,6992,170,1,7856800.0
11761,6993,46,1,5226100.0
11762,6993,186,1,1684500.0
11763,6994,91,1,647200.0
11764,6995,67,1,1414400.0
11765,6996,179,1,3148900.0
11766,6996,26,1,625800.0
11767,6996,262,1,1118500.0
11768,6996,247,1,1128300.0
11769,6997,159,1,5163200.0
11770,6997,197,1,2786400.0
11771,6998,194,1,722500.0
11772,6998,180,1,2581200.0
11773,6999,182,1,4833500.0
11774,6999,221,1,2352400.0
11775,7000,230,1,1159200.0
11776,7001,155,1,4530400.0
11777,7002,156,1,1110900.0
11778,7003,76,1,2285400.0
11779,7003,283,1,870100.0
11780,7003,66,1,2360700.0
11781,7004,241,1,1110900.0
11782,7004,7,2,315800.0
11783,7005,214,1,3634300.0
11784,7006,67,1,1407000.0
11785,7006,140,1,5031700.0
11786,7006,10,2,3407700.0
11787,7007,258,1,2483200.0
11788,7008,162,1,6721800.0
11789,7008,227,1,968500.0
11790,7009,249,3,3497200.0
11791,7009,197,1,2680800.0
11792,7010,268,1,5699400.0
11793,7010,198,2,2486800.0
11794,7011,57,1,3624300.0
11795,7012,270,1,1842200.0
11796,7013,140,1,5234700.0
11797,7014,134,1,4536600.0
11798,7015,270,1,1884700.0
11799,7016,37,1,953600.0
11800,7016,13,1,1174300.0
11801,7017,61,2,606300.0
11802,7017,89,1,6889400.0
11803,7018,26,1,644100.0
11804,7018,269,1,2092300.0
11805,7018,237,1,520600.0
11806,7019,281,1,1779400.0
11807,7019,91,1,655200.0
11808,7019,196,1,5517200.0
11809,7019,74,1,966300.0
11810,7020,290,1,1266600.0
11811,7020,200,2,707000.0
11812,7020,261,1,5635400.0
11813,7021,111,1,779600.0
11814,7021,107,1,4606600.0
11815,7021,251,1,246400.0
11816,7022,261,1,5536900.0
11817,7023,96,1,2901000.0
11818,7023,253,1,755300.0
11819,7023,5,1,4488200.0
11820,7024,277,1,1448600.0
11821,7025,161,1,1776900.0
11822,7026,297,1,3264400.0
11823,7026,230,2,1172600.0
11824,7027,11,1,8233400.0
11825,7028,292,1,1922300.0
11826,7028,212,2,5277000.0
11827,7028,47,1,1373200.0
11828,7029,245,1,2095800.0
11829,7029,167,1,1909000.0
11830,7029,96,1,3029400.0
11831,7030,47,1,1313700.0
11832,7030,165,1,3332800.0
11833,7031,97,1,3782700.0
11834,7031,43,1,1454900.0
11835,7032,33,1,435500.0
11836,7033,183,1,3990600.0
11837,7033,96,2,2901800.0
11838,7034,238,1,5505900.0
11839,7035,15,1,354900.0
11840,7036,103,1,2920500.0
11841,7037,259,1,2191400.0
11842,7038,192,1,1772500.0
11843,7039,8,1,1132100.0
11844,7039,210,1,9062200.0
11845,7040,126,1,1676800.0
11846,7040,197,1,2715900.0
11847,7041,221,1,2438400.0
11848,7042,279,1,933800.0
11849,7043,29,1,2715000.0
11850,7044,218,1,1487700.0
11851,7045,156,1,1158100.0
11852,7046,269,1,2024100.0
11853,7046,8,1,1141600.0
11854,7047,22,1,1072700.0
11855,7048,199,1,1565900.0
11856,7048,128,1,1009000.0
11857,7049,113,1,3939900.0
11858,7049,241,1,1074200.0
11859,7050,238,1,5713400.0
11860,7050,117,1,1735100.0
11861,7050,131,1,9088600.0
11862,7050,16,1,5303200.0
11863,7051,198,1,2455400.0
11864,7051,174,1,1701000.0
11865,7051,143,1,5710700.0
11866,7052,128,1,1005300.0
11867,7053,238,1,5469600.0
11868,7054,102,1,2341000.0
11869,7055,124,1,965800.0
11870,7056,152,1,7108900.0
11871,7057,29,1,2630100.0
11872,7058,37,1,963700.0
11873,7058,95,1,1169100.0
11874,7059,178,1,1857000.0
11875,7059,107,1,4458500.0
11876,7060,33,1,416700.0
11877,7061,74,1,1012700.0
11878,7061,108,1,7181200.0
11879,7062,86,1,1433600.0
11880,7062,253,1,772400.0
11881,7063,41,1,3333900.0
11882,7063,154,1,3099800.0
11883,7064,93,1,368100.0
11884,7064,176,1,2731000.0
11885,7065,171,1,1597000.0
11886,7065,292,1,1945900.0
11887,7066,159,1,5337300.0
11888,7066,47,1,1324300.0
11889,7066,288,1,1249700.0
11890,7067,213,1,5207400.0
11891,7068,266,1,1874900.0
11892,7069,259,1,2176300.0
11893,7070,208,1,2261800.0
11894,7071,56,1,1274200.0
11895,7072,206,1,668400.0
11896,7073,132,1,2612100.0
11897,7074,241,1,1102400.0
11898,7074,245,1,2092400.0
11899,7074,117,1,1763500.0
11900,7075,277,1,1414100.0
11901,7075,56,3,1276000.0
11902,7076,80,1,4187800.0
11903,7076,46,2,5083700.0
11904,7077,211,1,370500.0
11905,7077,242,2,698300.0
11906,7077,55,2,1646100.0
11907,7078,34,1,374300.0
11908,7078,12,1,810900.0
11909,7078,229,1,372900.0
11910,7078,124,2,956700.0
11911,7079,68,1,5394100.0
11912,7079,125,1,442100.0
11913,7079,292,1,1908700.0
11914,7080,44,1,437500.0
11915,7080,289,1,3675900.0
11916,7081,45,1,6398400.0
11917,7081,247,1,1086900.0
11918,7081,149,1,1176900.0
11919,7082,268,1,5730900.0
11920,7083,155,1,4382200.0
11921,7083,296,2,7577400.0
11922,7084,241,1,1061300.0
11923,7085,105,1,1788000.0
11924,7086,257,1,5536200.0
11925,7087,152,1,7360400.0
11926,7087,140,1,5157500.0
11927,7088,68,2,5462800.0
11928,7088,96,1,3038600.0
11929,7088,204,2,700900.0
11930,7089,76,1,2181400.0
11931,7090,49,1,1839700.0
11932,7090,296,1,7498100.0
11933,7090,167,1,1865400.0
11934,7090,281,1,1767600.0
11935,7091,196,1,5732300.0
11936,7092,66,1,2388400.0
11937,7092,183,1,3940000.0
11938,7092,135,2,1544400.0
11939,7093,18,1,1450000.0
11940,7093,194,1,716400.0
11941,7094,172,1,6836600.0
11942,7094,115,1,4146600.0
11943,7095,46,1,5202500.0
11944,7095,100,1,653900.0
11945,7096,58,1,483900.0
11946,7097,163,1,6986000.0
11947,7097,195,1,5434000.0
11948,7098,97,1,3720800.0
11949,7099,31,1,5153700.0
11950,7099,221,1,2435600.0
11951,7099,34,1,380200.0
11952,7100,97,1,3749800.0
11953,7100,228,1,2305800.0
11954,7101,13,1,1117200.0
11955,7101,152,1,7048900.0
11956,7102,195,1,5674600.0
11957,7103,19,1,601900.0
11958,7104,213,1,5199100.0
11959,7105,252,1,998100.0
11960,7105,257,1,5575800.0
11961,7106,296,1,7323900.0
11962,7106,64,1,368100.0
11963,7106,65,2,6797300.0
11964,7106,48,1,869000.0
11965,7107,241,1,1062500.0
11966,7108,55,2,1733200.0
11967,7109,33,1,433100.0
11968,7110,264,1,1277300.0
11969,7110,59,1,1560600.0
11970,7111,89,1,6696200.0
11971,7112,148,2,4186100.0
11972,7112,12,1,797900.0
11973,7113,172,1,6957800.0
11974,7114,236,1,6828300.0
11975,7114,94,1,549700.0
11976,7114,249,1,3494000.0
11977,7114,146,1,539700.0
11978,7115,94,2,568000.0
11979,7116,9,2,4689900.0
11980,7116,197,1,2749500.0
11981,7116,212,1,5245500.0
11982,7116,1,1,823500.0
11983,7117,137,1,4759900.0
11984,7118,278,1,1660300.0
11985,7119,192,1,1722700.0
11986,7120,121,1,1225400.0
11987,7120,91,1,682100.0
11988,7120,101,1,4106300.0
11989,7121,162,1,7070900.0
11990,7122,233,1,1534300.0
11991,7123,292,1,2006300.0
11992,7124,184,1,3922000.0
11993,7125,298,1,3425400.0
11994,7126,135,1,1527900.0
11995,7127,270,1,1819800.0
11996,7128,10,2,3532500.0
11997,7129,286,1,5261400.0
11998,7130,256,1,2978700.0
11999,7131,223,2,7840200.0
12000,7132,237,1,505200.0
12001,7133,171,1,1605300.0
12002,7133,176,1,2722800.0
12003,7134,13,1,1183300.0
12004,7135,252,1,1001500.0
12005,7135,104,1,1629000.0
12006,7135,276,1,1335500.0
12007,7136,255,1,4237100.0
12008,7137,277,1,1460200.0
12009,7137,127,1,971300.0
12010,7138,156,1,1127000.0
12011,7139,110,1,1710700.0
12012,7140,21,2,5220100.0
12013,7141,239,1,1360400.0
12014,7142,71,1,7015000.0
12015,7143,259,2,2112200.0
12016,7144,229,1,369900.0
12017,7144,42,1,1539100.0
12018,7145,285,1,7705900.0
12019,7146,224,1,1593100.0
12020,7147,83,1,1631700.0
12021,7148,109,1,5932800.0
12022,7149,185,1,3174500.0
12023,7149,195,1,5526600.0
12024,7150,75,1,1469900.0
12025,7150,235,1,4287200.0
12026,7150,270,1,1886500.0
12027,7150,152,1,7100100.0
12028,7151,148,1,4097000.0
12029,7152,296,1,7470100.0
12030,7153,216,1,1822800.0
12031,7153,84,1,737800.0
12032,7154,206,1,653000.0
12033,7154,193,1,9868200.0
12034,7155,79,1,794700.0
12035,7155,181,1,8437200.0
12036,7156,148,1,4286400.0
12037,7157,8,2,1119600.0
12038,7157,160,1,1020400.0
12039,7158,37,1,953700.0
12040,7159,15,1,353700.0
12041,7160,237,1,504900.0
12042,7161,150,2,2067300.0
12043,7162,289,1,3660300.0
12044,7162,112,2,4695100.0
12045,7163,10,1,3406400.0
12046,7163,50,1,2908300.0
12047,7164,230,1,1213300.0
12048,7165,28,1,1378900.0
12049,7165,50,2,2912200.0
12050,7165,254,1,1589100.0
12051,7166,8,1,1093800.0
12052,7167,67,1,1346800.0
12053,7168,86,1,1436400.0
12054,7168,90,1,2297900.0
12055,7169,152,1,7064600.0
12056,7169,8,1,1143800.0
12057,7169,287,1,3355500.0
12058,7169,133,1,923200.0
12059,7170,159,1,5329500.0
12060,7171,134,2,4438700.0
12061,7172,213,1,5246900.0
12062,7173,232,1,747100.0
12063,7174,21,1,4956600.0
12064,7174,86,1,1427900.0
12065,7174,262,1,1117300.0
12066,7174,178,1,1783800.0
12067,7175,192,1,1738600.0
12068,7176,244,1,8234400.0
12069,7177,13,1,1162500.0
12070,7178,52,1,3276500.0
12071,7178,171,2,1569900.0
12072,7179,133,1,914800.0
12073,7179,32,1,3046900.0
12074,7179,162,1,6758500.0
12075,7180,30,3,4347400.0
12076,7180,257,1,5672500.0
12077,7181,50,1,2927800.0
12078,7182,268,1,5937000.0
12079,7182,64,1,378100.0
12080,7183,50,1,2965400.0
12081,7184,164,1,1825700.0
12082,7185,83,1,1638800.0
12083,7186,14,2,698100.0
12084,7186,207,1,4618800.0
12085,7186,298,1,3354100.0
12086,7187,83,1,1658400.0
12087,7188,34,1,374100.0
12088,7188,172,1,6847500.0
12089,7189,141,1,2472800.0
12090,7190,282,2,312900.0
12091,7191,192,1,1749400.0
12092,7192,286,1,5157000.0
12093,7192,162,1,6844400.0
12094,7193,85,1,1227000.0
12095,7193,21,1,5176900.0
12096,7194,124,1,947200.0
12097,7195,103,1,2790000.0
12098,7195,193,1,9732900.0
12099,7195,47,1,1362900.0
12100,7195,5,1,4512100.0
12101,7196,100,1,665800.0
12102,7197,126,1,1626500.0
12103,7198,208,1,2248900.0
12104,7199,7,1,310600.0
12105,7199,205,1,1601800.0
12106,7199,18,1,1389500.0
12107,7200,151,1,7686200.0
12108,7200,4,1,988000.0
12109,7200,158,1,1102600.0
12110,7201,89,1,6785300.0
12111,7201,180,1,2609700.0
12112,7202,145,1,1548900.0
12113,7202,114,2,5295800.0
12114,7203,160,1,1047700.0
12115,7203,82,1,5400800.0
12116,7203,171,1,1563100.0
12117,7204,124,1,930000.0
12118,7204,62,1,5964200.0
12119,7205,103,1,2913500.0
12120,7206,89,1,6569100.0
12121,7207,264,1,1295300.0
12122,7207,279,1,934500.0
12123,7208,184,1,3912200.0
12124,7208,9,1,4481900.0
12125,7209,81,1,1331900.0
12126,7210,165,1,3414900.0
12127,7210,96,1,3036600.0
12128,7211,5,1,4622000.0
12129,7212,87,1,1752200.0
12130,7212,259,1,2203000.0
12131,7213,116,1,4398000.0
12132,7214,82,3,5325900.0
12133,7214,55,1,1688500.0
12134,7215,73,1,1089400.0
12135,7215,176,1,2724500.0
12136,7215,201,1,5895800.0
12137,7215,222,1,1488400.0
12138,7216,247,1,1078900.0
12139,7216,212,1,5139300.0
12140,7217,98,2,1364300.0
12141,7217,202,2,3021500.0
12142,7218,299,1,527700.0
12143,7219,278,1,1633800.0
12144,7219,254,1,1637600.0
12145,7220,292,1,1999300.0
12146,7220,161,1,1758600.0
12147,7220,172,1,6630900.0
12148,7221,292,1,1966300.0
12149,7222,183,1,3979700.0
12150,7222,14,1,706600.0
12151,7223,117,1,1799000.0
12152,7223,183,1,3983600.0
12153,7224,264,1,1323100.0
12154,7225,190,1,1587600.0
12155,7226,152,1,7035900.0
12156,7226,42,1,1542700.0
12157,7227,190,1,1584400.0
12158,7227,293,1,478100.0
12159,7228,268,1,5799100.0
12160,7228,155,1,4426200.0
12161,7228,15,1,358700.0
12162,7228,244,1,8234800.0
12163,7229,217,1,1952900.0
12164,7230,282,1,310600.0
12165,7230,141,1,2518900.0
12166,7230,181,1,8381500.0
12167,7231,62,1,6059100.0
12168,7231,131,1,8962300.0
12169,7232,265,1,6660900.0
12170,7232,83,1,1607800.0
12171,7232,208,1,2294600.0
12172,7232,20,1,2885500.0
12173,7233,187,1,1627800.0
12174,7233,262,1,1112100.0
12175,7234,210,1,9325800.0
12176,7235,247,1,1132600.0
12177,7236,170,1,7595100.0
12178,7236,73,1,1130300.0
12179,7236,97,1,3884200.0
12180,7237,144,1,3738000.0
12181,7238,299,1,526300.0
12182,7239,293,1,478100.0
12183,7239,285,1,7747200.0
12184,7240,239,1,1316700.0
12185,7241,46,1,5154600.0
12186,7242,104,2,1616900.0
12187,7243,269,1,2017700.0
12188,7243,288,1,1293600.0
12189,7244,187,1,1631100.0
12190,7245,278,1,1678800.0
12191,7246,90,1,2250800.0
12192,7247,278,1,1615000.0
12193,7248,5,1,4713500.0
12194,7249,192,1,1683500.0
12195,7250,147,2,1951800.0
12196,7251,189,1,2292600.0
12197,7251,65,1,6577000.0
12198,7252,119,1,3012800.0
12199,7253,81,1,1324000.0
12200,7254,86,1,1420000.0
12201,7255,66,1,2365100.0
12202,7256,243,1,626400.0
12203,7257,297,1,3226200.0
12204,7258,8,1,1101600.0
12205,7259,127,2,974900.0
12206,7260,136,1,662000.0
12207,7260,272,1,3486600.0
12208,7260,249,1,3638400.0
12209,7261,214,1,3512200.0
12210,7262,260,1,3966900.0
12211,7263,168,1,3925100.0
12212,7264,142,1,5197400.0
12213,7264,230,2,1145900.0
12214,7264,150,1,2056300.0
12215,7265,231,1,6600600.0
12216,7266,102,1,2255000.0
12217,7267,219,1,4813100.0
12218,7268,149,1,1204500.0
12219,7269,15,1,367600.0
12220,7270,149,1,1151000.0
12221,7270,188,1,2306200.0
12222,7270,218,1,1463000.0
12223,7271,2,1,6038400.0
12224,7271,118,1,2037000.0
12225,7272,12,1,809400.0
12226,7272,82,1,5438800.0
12227,7273,98,1,1346400.0
12228,7274,8,1,1124800.0
12229,7275,12,1,796000.0
12230,7275,29,2,2649700.0
12231,7275,59,1,1497500.0
12232,7276,144,1,3912600.0
12233,7277,94,1,552400.0
12234,7278,53,1,357500.0
12235,7279,163,1,6828900.0
12236,7280,5,1,4606800.0
12237,7281,161,1,1757000.0
12238,7282,209,1,5205300.0
12239,7283,284,1,3813500.0
12240,7284,284,1,3731800.0
12241,7284,85,1,1263100.0
12242,7285,295,2,807000.0
12243,7286,184,2,3826400.0
12244,7287,203,1,7886300.0
12245,7288,126,1,1658200.0
12246,7288,40,1,1063100.0
12247,7288,68,1,5580900.0
12248,7289,145,1,1545600.0
12249,7290,215,2,4104300.0
12250,7290,131,1,9039200.0
12251,7291,50,1,2830400.0
12252,7292,87,1,1741100.0
12253,7293,280,1,3349200.0
12254,7294,168,1,3927400.0
12255,7294,104,1,1569100.0
12256,7295,218,1,1424300.0
12257,7296,57,1,3599900.0
12258,7297,139,1,4696400.0
12259,7298,156,1,1111000.0
12260,7299,77,1,5038600.0
12261,7300,189,1,2206400.0
12262,7300,51,2,240200.0
12263,7300,50,1,2832600.0
12264,7301,162,1,6905700.0
12265,7302,286,1,5193700.0
12266,7303,161,1,1711900.0
12267,7303,280,1,3345500.0
12268,7304,109,1,5708600.0
12269,7305,279,1,918900.0
12270,7306,256,1,2895900.0
12271,7306,112,1,4930600.0
12272,7306,216,2,1797600.0
12273,7307,139,1,4664000.0
12274,7307,147,1,1901800.0
12275,7308,240,1,1635700.0
12276,7308,170,1,7729000.0
12277,7308,77,1,5049700.0
12278,7309,218,1,1450200.0
12279,7309,72,1,4752300.0
12280,7310,98,1,1355700.0
12281,7310,89,1,6906100.0
12282,7311,208,1,2311700.0
12283,7312,171,1,1640900.0
12284,7313,6,1,1573300.0
12285,7313,116,1,4205400.0
12286,7313,147,1,1945900.0
12287,7314,148,1,4091100.0
12288,7315,242,2,723800.0
12289,7315,260,2,3920000.0
12290,7316,219,2,4607500.0
12291,7316,191,1,4351100.0
12292,7317,129,2,1402200.0
12293,7317,268,1,5911500.0
12294,7318,221,1,2313500.0
12295,7318,270,1,1864100.0
12296,7319,75,1,1450400.0
12297,7320,100,1,663500.0
12298,7321,241,1,1072600.0
12299,7321,230,1,1195300.0
12300,7322,43,1,1488100.0
12301,7322,243,1,641200.0
12302,7323,164,1,1854900.0
12303,7323,112,1,4778300.0
12304,7324,132,1,2735200.0
12305,7324,104,1,1620900.0
12306,7324,253,1,780800.0
12307,7325,61,1,607600.0
12308,7325,136,1,664800.0
12309,7326,197,1,2705700.0
12310,7326,217,1,1937900.0
12311,7327,230,1,1156300.0
12312,7327,272,1,3500500.0
12313,7328,272,1,3433000.0
12314,7329,119,2,2964800.0
12315,7330,283,1,861100.0
12316,7331,179,1,3087700.0
12317,7332,70,1,5473700.0
12318,7333,15,1,365900.0
12319,7334,293,1,484500.0
12320,7334,61,2,578600.0
12321,7335,59,1,1521100.0
12322,7336,133,1,888500.0
12323,7337,60,1,629500.0
12324,7337,124,1,961800.0
12325,7337,190,1,1519900.0
12326,7337,299,1,522600.0
12327,7338,251,1,256400.0
12328,7339,47,2,1335600.0
12329,7339,34,2,369800.0
12330,7340,228,1,2292100.0
12331,7341,16,2,5120500.0
12332,7341,255,1,4188500.0
12333,7342,263,2,1209900.0
12334,7343,195,1,5388200.0
12335,7343,130,1,2129900.0
12336,7344,239,1,1310400.0
12337,7345,126,1,1680900.0
12338,7346,208,1,2337200.0
12339,7347,296,1,7365100.0
12340,7347,67,1,1355000.0
12341,7347,61,1,602700.0
12342,7348,165,2,3328600.0
12343,7348,122,1,2587100.0
12344,7348,205,1,1550600.0
12345,7349,276,1,1359400.0
12346,7349,160,1,1028100.0
12347,7350,256,1,2959700.0
12348,7351,207,1,4544300.0
12349,7351,298,1,3465300.0
12350,7352,151,1,7627800.0
12351,7352,221,1,2436700.0
12352,7353,8,1,1124900.0
12353,7354,135,1,1526900.0
12354,7355,92,1,5417300.0
12355,7355,262,1,1077400.0
12356,7355,79,1,826200.0
12357,7355,62,3,6031900.0
12358,7356,171,1,1612700.0
12359,7357,296,1,7574100.0
12360,7358,293,1,475800.0
12361,7358,274,1,1866400.0
12362,7359,278,1,1604900.0
12363,7359,267,1,797800.0
12364,7359,170,1,7716700.0
12365,7360,1,1,825100.0
12366,7360,110,2,1651400.0
12367,7361,88,1,1119900.0
12368,7362,232,1,751300.0
12369,7362,105,1,1808400.0
12370,7363,297,1,3249500.0
12371,7363,232,1,745600.0
12372,7363,266,1,1886100.0
12373,7364,296,1,7624200.0
12374,7364,100,1,636000.0
12375,7365,129,2,1418000.0
12376,7365,86,1,1415800.0
12377,7366,138,1,5207200.0
12378,7367,277,1,1426200.0
12379,7368,96,1,2978500.0
12380,7369,289,1,3508300.0
12381,7370,71,2,7316500.0
12382,7370,225,1,937300.0
12383,7371,138,1,5412300.0
12384,7372,90,1,2376600.0
12385,7372,89,1,6859700.0
12386,7373,5,1,4670700.0
12387,7374,72,1,4587900.0
12388,7375,218,2,1497800.0
12389,7375,24,1,3972100.0
12390,7375,264,1,1306200.0
12391,7376,242,1,692600.0
12392,7376,88,1,1145900.0
12393,7377,81,1,1366300.0
12394,7377,300,1,2227900.0
12395,7378,273,1,4708200.0
12396,7379,77,1,5240300.0
12397,7380,188,1,2293500.0
12398,7380,183,1,3995700.0
12399,7380,21,2,5196600.0
12400,7381,29,1,2722600.0
12401,7381,74,1,996700.0
12402,7381,102,1,2243200.0
12403,7381,218,1,1470200.0
12404,7382,36,1,920700.0
12405,7383,55,1,1668300.0
12406,7384,283,1,866300.0
12407,7384,38,1,2720300.0
12408,7384,291,1,1752200.0
12409,7385,171,1,1572800.0
12410,7386,145,1,1520500.0
12411,7387,267,1,806600.0
12412,7387,166,2,4651700.0
12413,7388,19,1,580900.0
12414,7389,193,1,9926300.0
12415,7390,28,1,1395800.0
12416,7391,276,1,1305700.0
12417,7391,191,2,4480400.0
12418,7392,199,1,1542200.0
12419,7393,179,1,3109900.0
12420,7393,157,1,5275500.0
12421,7393,101,1,4221500.0
12422,7394,3,1,6250800.0
12423,7395,242,1,701300.0
12424,7396,292,1,1939000.0
12425,7396,53,1,358400.0
12426,7397,247,1,1115300.0
12427,7398,33,1,415800.0
12428,7399,103,1,2893500.0
12429,7400,211,1,383500.0
12430,7400,277,1,1459800.0
12431,7401,293,1,477000.0
12432,7402,257,2,5464300.0
12433,7402,184,1,3736800.0
12434,7403,22,1,1069300.0
12435,7404,234,1,463600.0
12436,7404,191,1,4423600.0
12437,7405,271,1,2661900.0
12438,7405,118,1,1987600.0
12439,7406,67,1,1410600.0
12440,7407,262,1,1103100.0
12441,7407,40,1,1023800.0
12442,7407,72,1,4579700.0
12443,7408,72,1,4710100.0
12444,7408,284,2,3704500.0
12445,7408,168,1,3966800.0
12446,7408,247,3,1093200.0
12447,7409,104,1,1563100.0
12448,7410,185,1,3243400.0
12449,7410,42,1,1547400.0
12450,7410,184,1,3804100.0
12451,7411,199,1,1606800.0
12452,7411,268,1,5810900.0
12453,7412,254,1,1613500.0
12454,7413,229,1,384200.0
12455,7413,290,1,1299200.0
12456,7414,288,1,1242400.0
12457,7415,132,1,2614100.0
12458,7416,60,2,628000.0
12459,7416,55,1,1690900.0
12460,7416,195,1,5603800.0
12461,7416,194,1,717900.0
12462,7417,219,1,4635100.0
12463,7418,69,1,2616800.0
12464,7419,154,1,3091200.0
12465,7419,46,1,5328500.0
12466,7420,46,1,5262400.0
12467,7421,220,1,2268900.0
12468,7422,241,1,1054300.0
12469,7422,277,1,1448500.0
12470,7423,192,1,1750600.0
12471,7424,225,1,914000.0
12472,7424,236,1,6661800.0
12473,7425,31,1,5366500.0
12474,7426,85,3,1249800.0
12475,7427,138,1,5297000.0
12476,7428,148,1,4118600.0
12477,7429,300,1,2283600.0
12478,7430,259,2,2186000.0
12479,7431,80,1,4127500.0
12480,7432,211,1,370600.0
12481,7433,208,1,2257900.0
12482,7434,277,1,1476600.0
12483,7435,111,1,773100.0
12484,7436,245,1,2103200.0
12485,7436,200,1,708500.0
12486,7437,130,1,2108100.0
12487,7438,225,1,907100.0
12488,7439,193,1,10086900.0
12489,7440,132,1,2737500.0
12490,7440,282,1,305900.0
12491,7440,109,1,5706500.0
12492,7441,215,1,3923100.0
12493,7442,164,1,1881400.0
12494,7442,204,1,725100.0
12495,7443,8,1,1080300.0
12496,7444,119,1,2965700.0
12497,7445,126,1,1679700.0
12498,7445,90,2,2263000.0
12499,7445,229,1,384700.0
12500,7445,133,1,882700.0
12501,7446,60,1,597300.0
12502,7447,262,1,1066300.0
12503,7448,65,1,6841400.0
12504,7449,258,1,2461200.0
12505,7450,224,1,1606100.0
12506,7451,120,1,1522300.0
12507,7452,270,1,1821100.0
12508,7452,29,1,2699800.0
12509,7453,248,1,4901400.0
12510,7454,42,1,1493700.0
12511,7455,175,1,1300800.0
12512,7455,191,1,4341200.0
12513,7455,43,1,1499100.0
12514,7456,121,1,1241700.0
12515,7457,140,1,5286100.0
12516,7458,283,1,852800.0
12517,7458,131,1,9251500.0
12518,7458,115,1,4039100.0
12519,7459,150,1,2074100.0
12520,7460,179,2,3180100.0
12521,7461,121,1,1239500.0
12522,7461,225,2,889700.0
12523,7461,142,1,5363300.0
12524,7461,5,1,4723300.0
12525,7462,5,1,4555800.0
12526,7463,263,1,1187400.0
12527,7463,166,1,4829500.0
12528,7463,217,1,1949300.0
12529,7464,212,1,5043100.0
12530,7464,201,1,5665700.0
12531,7465,132,1,2608700.0
12532,7466,160,1,1076100.0
12533,7466,121,1,1217100.0
12534,7467,80,1,4068600.0
12535,7468,40,1,1059900.0
12536,7469,289,1,3646600.0
12537,7469,268,1,5643300.0
12538,7470,231,2,6621800.0
12539,7471,156,1,1142200.0
12540,7471,74,1,1009700.0
12541,7471,75,1,1431000.0
12542,7472,197,1,2794700.0
12543,7472,232,1,765600.0
12544,7472,170,1,7789800.0
12545,7473,9,1,4530000.0
12546,7474,218,1,1501800.0
12547,7475,251,1,249500.0
12548,7476,250,1,1265700.0
12549,7477,47,1,1370600.0
12550,7478,220,1,2274500.0
12551,7478,37,1,930500.0
12552,7478,102,1,2348000.0
12553,7478,155,1,4327500.0
12554,7479,104,1,1613400.0
12555,7480,66,1,2276700.0
12556,7481,72,1,4741000.0
12557,7481,30,1,4354000.0
12558,7482,166,1,4750200.0
12559,7483,156,1,1138300.0
12560,7484,146,1,535100.0
12561,7484,257,1,5669800.0
12562,7485,65,1,6798100.0
12563,7485,89,2,6717200.0
12564,7485,81,1,1330800.0
12565,7485,150,1,2169700.0
12566,7486,239,3,1321300.0
12567,7487,154,2,3187100.0
12568,7487,49,1,1904400.0
12569,7488,147,1,1895200.0
12570,7489,242,1,725600.0
12571,7489,123,1,2226000.0
12572,7489,70,1,5500800.0
12573,7489,141,1,2480800.0
12574,7490,203,1,7735700.0
12575,7491,192,1,1696500.0
12576,7492,182,1,4798500.0
12577,7493,16,1,5071400.0
12578,7493,37,1,931500.0
12579,7494,22,1,1069700.0
12580,7495,194,1,683100.0
12581,7495,120,1,1534700.0
12582,7495,247,1,1123000.0
12583,7495,292,1,1900900.0
12584,7496,145,1,1497400.0
12585,7497,255,1,4087500.0
12586,7497,13,1,1174600.0
12587,7498,9,1,4725600.0
12588,7499,177,1,3373100.0
12589,7499,95,1,1156700.0
12590,7500,243,1,643400.0
12591,7500,199,1,1574200.0
12592,7501,187,2,1621400.0
12593,7502,271,1,2631900.0
12594,7503,95,1,1120800.0
12595,7503,238,1,5486600.0
12596,7503,140,1,5246400.0
12597,7503,267,1,772700.0
12598,7504,63,1,6994500.0
12599,7505,156,1,1169700.0
12600,7505,227,1,976200.0
12601,7506,247,1,1131800.0
12602,7507,5,1,4568600.0
12603,7508,257,1,5705600.0
12604,7509,298,1,3475400.0
12605,7510,75,1,1454300.0
12606,7510,211,1,374600.0
12607,7510,275,1,4879800.0
12608,7511,231,1,6275700.0
12609,7512,109,1,5869100.0
12610,7513,2,1,6082200.0
12611,7513,156,1,1149100.0
12612,7513,49,1,1856000.0
12613,7514,51,2,243600.0
12614,7514,58,1,490200.0
12615,7515,176,1,2619500.0
12616,7516,177,1,3359100.0
12617,7517,32,2,3050800.0
12618,7518,226,1,1831100.0
12619,7519,195,1,5380000.0
12620,7520,235,1,4272300.0
12621,7521,291,1,1756700.0
12622,7521,205,1,1605300.0
12623,7522,160,1,1022700.0
12624,7523,289,1,3509400.0
12625,7523,116,1,4409400.0
12626,7523,271,1,2713100.0
12627,7524,190,1,1588800.0
12628,7525,294,1,3264600.0
12629,7525,172,1,6795400.0
12630,7525,103,3,2776800.0
12631,7526,85,2,1256700.0
12632,7527,193,1,9598500.0
12633,7528,148,1,4189200.0
12634,7529,251,1,256400.0
12635,7530,268,1,5676400.0
12636,7531,47,1,1335100.0
12637,7532,278,1,1621900.0
12638,7533,48,1,848100.0
12639,7534,154,1,3132400.0
12640,7535,45,1,6184100.0
12641,7535,33,1,421700.0
12642,7536,292,1,1917500.0
12643,7537,251,1,250200.0
12644,7538,229,1,380400.0
12645,7538,250,1,1303000.0
12646,7539,188,1,2182000.0
12647,7540,55,1,1664300.0
12648,7540,149,1,1140000.0
12649,7540,87,1,1807500.0
12650,7540,23,1,5812700.0
12651,7541,173,1,2202100.0
12652,7541,184,1,3768500.0
12653,7542,228,1,2237100.0
12654,7542,39,1,3776200.0
12655,7542,67,1,1365000.0
12656,7542,203,1,8132100.0
12657,7543,261,1,5601900.0
12658,7543,255,1,4136200.0
12659,7544,154,1,3054900.0
12660,7544,263,1,1198400.0
12661,7544,245,1,2081400.0
12662,7545,222,1,1490700.0
12663,7545,277,1,1420400.0
12664,7546,288,1,1250700.0
12665,7547,41,1,3334500.0
12666,7548,204,1,690300.0
12667,7549,223,1,8124500.0
12668,7549,62,1,6243000.0
12669,7550,177,1,3437900.0
12670,7550,99,1,1880000.0
12671,7551,201,1,5701000.0
12672,7552,104,2,1562200.0
12673,7552,174,1,1686200.0
12674,7552,275,1,5069500.0
12675,7553,95,1,1149700.0
12676,7554,32,1,3060100.0
12677,7555,228,1,2218900.0
12678,7556,2,1,5926800.0
12679,7557,31,1,5166800.0
12680,7558,193,1,9734000.0
12681,7558,135,1,1582700.0
12682,7558,248,1,4829800.0
12683,7559,283,3,857200.0
12684,7560,18,1,1415400.0
12685,7561,236,1,6488700.0
12686,7562,69,2,2638600.0
12687,7562,221,1,2310500.0
12688,7562,223,1,7787700.0
12689,7563,48,1,877400.0
12690,7564,166,1,4813800.0
12691,7565,284,2,3759600.0
12692,7566,169,1,3599600.0
12693,7567,204,1,720800.0
12694,7568,7,1,323400.0
12695,7568,88,1,1158000.0
12696,7568,206,1,651100.0
12697,7569,24,1,3951200.0
12698,7569,143,1,5819500.0
12699,7569,68,1,5357100.0
12700,7570,183,1,4045400.0
12701,7571,250,1,1255400.0
12702,7572,227,1,964900.0
12703,7572,198,3,2536900.0
12704,7573,151,1,7724500.0
12705,7573,149,1,1160400.0
12706,7574,78,1,6494600.0
12707,7574,275,1,5076800.0
12708,7575,98,1,1396600.0
12709,7576,40,1,1030200.0
12710,7577,171,1,1645500.0
12711,7577,114,1,5505300.0
12712,7578,235,1,4346200.0
12713,7579,132,1,2673800.0
12714,7580,159,1,5363000.0
12715,7580,137,1,4705800.0
12716,7581,66,1,2292400.0
12717,7581,4,1,980700.0
12718,7581,15,1,353000.0
12719,7582,291,1,1745800.0
12720,7582,197,1,2709000.0
12721,7582,91,1,663300.0
12722,7583,16,1,5189900.0
12723,7584,118,1,1956900.0
12724,7585,293,1,468200.0
12725,7585,2,1,6128800.0
12726,7586,8,1,1120600.0
12727,7587,5,1,4676600.0
12728,7588,144,1,3936400.0
12729,7589,252,2,971400.0
12730,7589,52,1,3244500.0
12731,7590,107,1,4415100.0
12732,7591,228,2,2249800.0
12733,7592,171,1,1556100.0
12734,7592,161,1,1779000.0
12735,7592,247,1,1071600.0
12736,7592,28,1,1373600.0
12737,7593,224,1,1563300.0
12738,7593,278,1,1626400.0
12739,7594,234,1,471800.0
12740,7595,27,1,1603900.0
12741,7596,267,1,802400.0
12742,7596,150,2,2158200.0
12743,7597,1,1,850600.0
12744,7597,115,3,3925700.0
12745,7598,145,1,1496800.0
12746,7599,42,1,1527300.0
12747,7599,62,1,5956500.0
12748,7600,126,1,1630100.0
12749,7600,166,1,4893000.0
12750,7600,227,1,992300.0
12751,7600,101,1,4095700.0
12752,7601,145,1,1512600.0
12753,7601,207,1,4563300.0
12754,7601,247,1,1127800.0
12755,7601,32,1,3189300.0
12756,7602,220,1,2224000.0
12757,7602,255,1,4046600.0
12758,7603,160,1,1071800.0
12759,7604,179,1,3144900.0
12760,7605,110,1,1721200.0
12761,7606,246,1,3171000.0
12762,7607,246,1,3166200.0
12763,7607,205,1,1555300.0
12764,7608,223,1,7862800.0
12765,7608,71,1,7281000.0
12766,7609,155,1,4504300.0
12767,7609,174,3,1761200.0
12768,7610,21,2,5098300.0
12769,7610,241,2,1106500.0
12770,7611,128,1,993200.0
12771,7611,273,1,4539100.0
12772,7612,218,1,1437200.0
12773,7612,107,1,4485100.0
12774,7613,55,1,1696000.0
12775,7614,229,1,372100.0
12776,7614,204,1,717100.0
12777,7614,185,1,3118600.0
12778,7615,267,1,767000.0
12779,7615,91,1,679200.0
12780,7615,164,1,1871500.0
12781,7616,271,1,2673800.0
12782,7617,252,1,978600.0
12783,7617,35,1,1565700.0
12784,7617,155,1,4463900.0
12785,7617,76,1,2205700.0
12786,7618,43,1,1442000.0
12787,7619,148,1,4264900.0
12788,7620,128,2,981100.0
12789,7620,79,1,826000.0
12790,7620,64,2,371300.0
12791,7620,258,1,2472000.0
12792,7621,45,1,6387500.0
12793,7622,181,1,8436400.0
12794,7623,180,1,2543100.0
12795,7623,51,1,241400.0
12796,7624,199,1,1549200.0
12797,7625,25,1,2205100.0
12798,7625,150,1,2144000.0
12799,7626,273,1,4548400.0
12800,7626,22,1,1076100.0
12801,7626,243,1,646600.0
12802,7627,93,1,358200.0
12803,7627,23,2,5803900.0
12804,7627,55,1,1726200.0
12805,7627,97,1,3688000.0
12806,7628,256,1,2874900.0
12807,7628,298,1,3428800.0
12808,7628,11,2,7895800.0
12809,7629,105,1,1741300.0
12810,7630,56,1,1295600.0
12811,7631,97,1,3825000.0
12812,7632,201,1,5859300.0
12813,7632,211,1,374300.0
12814,7632,83,1,1669400.0
12815,7632,276,1,1355300.0
12816,7633,17,1,4723700.0
12817,7634,209,1,5283700.0
12818,7634,89,1,6876000.0
12819,7634,23,1,5695000.0
12820,7635,216,1,1734700.0
12821,7636,141,1,2508300.0
12822,7637,19,2,583100.0
12823,7637,119,1,2900900.0
12824,7638,214,1,3556300.0
12825,7638,94,1,566300.0
12826,7638,140,1,5285700.0
12827,7639,116,2,4222000.0
12828,7640,11,1,7994300.0
12829,7640,54,1,1929200.0
12830,7641,31,1,5244800.0
12831,7641,209,1,5418100.0
12832,7642,29,1,2683100.0
12833,7642,68,1,5527600.0
12834,7643,246,1,3222500.0
12835,7643,276,1,1364600.0
12836,7644,137,1,4706600.0
12837,7645,157,2,5098400.0
12838,7645,51,1,240900.0
12839,7645,208,1,2304300.0
12840,7646,137,1,4643400.0
12841,7647,203,1,7966600.0
12842,7648,21,1,5181400.0
12843,7648,20,1,2831000.0
12844,7648,163,1,7094200.0
12845,7648,297,1,3144800.0
12846,7649,29,1,2752600.0
12847,7650,211,1,368600.0
12848,7651,86,1,1474600.0
12849,7652,131,1,8952200.0
12850,7653,117,1,1820600.0
12851,7653,86,1,1437300.0
12852,7654,215,1,4082400.0
12853,7654,138,1,5421200.0
12854,7654,201,1,5813900.0
12855,7655,205,1,1582200.0
12856,7656,231,1,6410200.0
12857,7656,89,1,6658200.0
12858,7657,33,1,423200.0
12859,7658,123,1,2236100.0
12860,7659,128,1,1005400.0
12861,7660,74,1,973600.0
12862,7660,215,1,3915100.0
12863,7661,60,3,598900.0
12864,7661,25,1,2254200.0
12865,7662,171,1,1645300.0
12866,7663,263,1,1207500.0
12867,7663,40,3,1025400.0
12868,7664,68,1,5535200.0
12869,7664,188,1,2234200.0
12870,7665,127,2,956600.0
12871,7665,5,1,4499100.0
12872,7665,146,1,529900.0
12873,7666,264,1,1325100.0
12874,7666,266,1,1868500.0
12875,7666,128,1,1001000.0
12876,7666,174,2,1714800.0
12877,7667,26,1,639900.0
12878,7667,144,1,3836000.0
12879,7667,247,1,1114700.0
12880,7668,292,1,1947000.0
12881,7668,138,1,5317100.0
12882,7668,92,1,5210000.0
12883,7669,181,1,8804900.0
12884,7670,79,1,816400.0
12885,7670,56,1,1285700.0
12886,7671,142,1,5354600.0
12887,7671,193,1,9766400.0
12888,7672,134,1,4623700.0
12889,7673,166,1,4780100.0
12890,7674,12,1,822600.0
12891,7675,113,1,3746700.0
12892,7676,121,1,1263500.0
12893,7676,47,1,1383800.0
12894,7676,141,1,2475800.0
12895,7676,198,2,2465300.0
12896,7677,3,1,6332700.0
12897,7677,231,1,6617100.0
12898,7677,226,1,1737400.0
12899,7678,145,1,1464800.0
12900,7679,219,1,4717300.0
12901,7680,144,1,3849400.0
12902,7681,292,1,1910800.0
12903,7682,290,1,1310900.0
12904,7682,26,1,624000.0
12905,7683,249,1,3642600.0
12906,7684,149,1,1163000.0
12907,7684,201,1,5917100.0
12908,7685,59,1,1557100.0
12909,7686,258,1,2389100.0
12910,7686,114,1,5300600.0
12911,7687,58,1,490100.0
12912,7687,23,1,5888600.0
12913,7688,173,1,2330600.0
12914,7688,266,1,1864700.0
12915,7688,124,1,968900.0
12916,7688,121,1,1240800.0
12917,7689,73,1,1120500.0
12918,7689,196,1,5684800.0
12919,7690,37,1,928700.0
12920,7691,259,1,2157700.0
12921,7692,281,1,1719200.0
12922,7693,183,1,3975400.0
12923,7693,260,1,3891700.0
12924,7693,24,1,3923900.0
12925,7694,36,1,937000.0
12926,7694,182,1,4703500.0
12927,7694,130,1,2078900.0
12928,7694,15,1,366800.0
12929,7695,97,1,3799000.0
12930,7695,268,1,5795500.0
12931,7696,206,1,681200.0
12932,7697,210,1,9053900.0
12933,7698,10,1,3526200.0
12934,7699,278,1,1643100.0
12935,7699,53,1,353400.0
12936,7700,270,1,1813800.0
12937,7700,59,1,1556600.0
12938,7701,35,1,1583800.0
12939,7701,81,1,1335200.0
12940,7702,51,1,242600.0
12941,7702,222,1,1570300.0
12942,7703,183,2,3923600.0
12943,7704,295,1,792900.0
12944,7705,81,1,1350600.0
12945,7705,242,1,688700.0
12946,7706,206,1,663900.0
12947,7706,242,1,687800.0
12948,7706,106,1,7738400.0
12949,7707,22,1,1094800.0
12950,7708,11,1,7901400.0
12951,7709,186,1,1662500.0
12952,7710,175,1,1295900.0
12953,7710,114,1,5528500.0
12954,7710,49,1,1887000.0
12955,7710,238,1,5616800.0
12956,7711,162,1,6989700.0
12957,7712,249,1,3481400.0
12958,7713,127,1,989600.0
12959,7714,38,1,2693200.0
12960,7715,62,1,6094100.0
12961,7716,217,1,1948200.0
12962,7717,19,1,580500.0
12963,7717,100,1,645700.0
12964,7718,94,1,578400.0
12965,7719,46,1,5275800.0
12966,7719,217,1,2019500.0
12967,7719,155,1,4353100.0
12968,7719,95,1,1128100.0
12969,7720,97,1,3811400.0
12970,7720,106,1,7567600.0
12971,7721,16,1,5311800.0
12972,7721,226,1,1768300.0
12973,7721,110,1,1654200.0
12974,7722,57,3,3610700.0
12975,7723,114,1,5317500.0
12976,7724,246,1,3303200.0
12977,7724,185,1,3246900.0
12978,7725,100,1,647800.0
12979,7726,126,2,1670100.0
12980,7727,62,1,6203200.0
12981,7727,199,2,1599400.0
12982,7727,170,1,7525600.0
12983,7727,148,1,4161400.0
12984,7728,132,2,2622600.0
12985,7728,17,1,4723600.0
12986,7728,262,1,1109200.0
12987,7728,144,1,3743000.0
12988,7729,80,1,4147600.0
12989,7729,43,1,1510500.0
12990,7730,7,1,317800.0
12991,7731,207,1,4626000.0
12992,7731,250,1,1295100.0
12993,7732,119,1,2860800.0
12994,7732,46,2,5095100.0
12995,7732,197,1,2770100.0
12996,7732,67,1,1400700.0
12997,7733,142,1,5199900.0
12998,7733,271,1,2633900.0
12999,7733,87,1,1724700.0
13000,7734,108,1,7319500.0
13001,7734,20,1,2821500.0
13002,7735,67,1,1370400.0
13003,7736,284,1,3701000.0
13004,7736,9,1,4691000.0
13005,7736,194,1,691000.0
13006,7737,288,1,1263400.0
13007,7737,43,1,1437800.0
13008,7738,66,1,2268200.0
13009,7739,22,2,1094700.0
13010,7740,47,1,1341800.0
13011,7740,5,1,4517300.0
13012,7741,180,1,2572300.0
13013,7741,60,1,613700.0
13014,7742,97,1,3834000.0
13015,7742,80,1,4109700.0
13016,7743,280,1,3438200.0
13017,7743,52,1,3222500.0
13018,7743,206,1,682100.0
13019,7743,160,1,1024300.0
13020,7744,125,1,446400.0
13021,7745,142,1,5186800.0
13022,7745,27,1,1628300.0
13023,7746,153,1,866500.0
13024,7746,118,1,2069700.0
13025,7746,275,2,5106700.0
13026,7747,291,2,1733800.0
13027,7748,294,1,3197000.0
13028,7748,290,1,1308500.0
13029,7749,216,1,1823300.0
13030,7750,253,1,788800.0
13031,7751,224,1,1626400.0
13032,7752,75,1,1429400.0
13033,7753,6,2,1567900.0
13034,7753,137,3,4772500.0
13035,7754,116,2,4284000.0
13036,7755,90,1,2294400.0
13037,7755,133,1,876300.0
13038,7756,223,2,7933000.0
13039,7757,97,2,3853300.0
13040,7758,124,1,918400.0
13041,7758,55,1,1706600.0
13042,7758,212,1,5275000.0
13043,7758,181,1,8673300.0
13044,7759,219,1,4671000.0
13045,7760,55,1,1658200.0
13046,7760,164,1,1905700.0
13047,7760,18,1,1413900.0
13048,7761,186,1,1599800.0
13049,7761,246,1,3195200.0
13050,7762,165,1,3372200.0
13051,7762,196,1,5640200.0
13052,7763,33,1,417600.0
13053,7764,202,2,3104800.0
13054,7765,296,1,7410800.0
13055,7766,47,1,1328300.0
13056,7767,36,1,967000.0
13057,7768,164,1,1889800.0
13058,7769,1,1,844400.0
13059,7770,199,1,1587000.0
13060,7771,229,1,371500.0
13061,7772,104,1,1647000.0
13062,7773,193,2,9919000.0
13063,7773,247,1,1112700.0
13064,7773,29,1,2660200.0
13065,7774,4,1,979000.0
13066,7775,105,2,1801400.0
13067,7775,208,2,2346400.0
13068,7776,241,1,1112500.0
13069,7776,109,2,5891500.0
13070,7776,234,1,459100.0
13071,7777,177,1,3317100.0
13072,7778,162,1,6876100.0
13073,7779,274,1,1852000.0
13074,7779,254,1,1623000.0
13075,7779,234,1,449000.0
13076,7780,33,1,417000.0
13077,7781,179,1,3070800.0
13078,7782,73,1,1111000.0
13079,7783,202,1,3028200.0
13080,7784,66,2,2400300.0
13081,7784,291,1,1752500.0
13082,7784,192,1,1683300.0
13083,7784,220,1,2170000.0
13084,7785,86,1,1426500.0
13085,7786,218,1,1491400.0
13086,7786,273,1,4623300.0
13087,7787,86,1,1491300.0
13088,7788,261,1,5562600.0
13089,7789,251,1,254200.0
13090,7790,155,1,4377400.0
13091,7790,108,1,7418900.0
13092,7791,236,1,6751000.0
13093,7791,298,1,3396900.0
13094,7792,171,1,1616300.0
13095,7792,162,1,6919900.0
13096,7793,291,1,1800500.0
13097,7794,9,1,4704100.0
13098,7794,208,1,2250500.0
13099,7795,112,1,4715400.0
13100,7795,153,1,871700.0
13101,7796,10,1,3509500.0
13102,7797,229,1,379700.0
13103,7798,176,1,2631900.0
13104,7798,107,1,4586700.0
13105,7799,24,1,3789800.0
13106,7800,131,1,8952500.0
13107,7800,156,1,1173100.0
13108,7801,261,1,5616600.0
13109,7802,288,1,1282300.0
13110,7802,96,1,2889400.0
13111,7803,287,1,3342900.0
13112,7803,159,1,5323400.0
13113,7803,48,1,882600.0
13114,7804,227,1,962000.0
13115,7805,114,1,5384700.0
13116,7805,271,2,2752100.0
13117,7806,154,1,3109500.0
13118,7807,256,1,2883600.0
13119,7808,6,1,1613700.0
13120,7809,184,1,3928000.0
13121,7810,127,1,979100.0
13122,7811,23,1,5831700.0
13123,7811,38,1,2717000.0
13124,7812,104,1,1599300.0
13125,7813,45,1,6269900.0
13126,7813,106,1,7734700.0
13127,7814,220,1,2221300.0
13128,7815,100,1,655000.0
13129,7816,230,1,1208400.0
13130,7816,238,1,5495200.0
13131,7817,120,1,1503200.0
13132,7818,107,1,4536000.0
13133,7819,96,1,3046000.0
13134,7819,95,1,1130900.0
13135,7820,47,1,1363200.0
13136,7820,250,1,1250700.0
13137,7821,101,2,4226000.0
13138,7822,15,1,357800.0
13139,7822,213,1,5134300.0
13140,7822,76,1,2282300.0
13141,7822,106,1,7472100.0
13142,7823,60,1,624000.0
13143,7824,158,1,1114300.0
13144,7825,248,1,4870000.0
13145,7825,60,1,611800.0
13146,7825,3,2,6218100.0
13147,7826,250,1,1294200.0
13148,7827,246,1,3195600.0
13149,7828,120,1,1588300.0
13150,7828,217,1,2026100.0
13151,7829,166,1,4700400.0
13152,7829,146,1,548200.0
13153,7829,46,1,5300400.0
13154,7829,194,1,683200.0
13155,7830,102,1,2346100.0
13156,7830,35,1,1608100.0
13157,7831,20,1,2879800.0
13158,7832,274,2,1842900.0
13159,7832,233,1,1502900.0
13160,7833,262,1,1126900.0
13161,7833,21,1,4994200.0
13162,7834,102,1,2337300.0
13163,7835,66,1,2278500.0
13164,7836,111,2,790600.0
13165,7837,216,1,1839000.0
13166,7838,71,1,6967800.0
13167,7838,224,1,1546500.0
13168,7839,62,1,6019200.0
13169,7839,157,1,5263600.0
13170,7840,106,2,7514300.0
13171,7840,128,1,986300.0
13172,7841,16,1,5257100.0
13173,7842,255,1,4099200.0
13174,7843,102,1,2309200.0
13175,7844,299,1,540800.0
13176,7844,287,1,3289100.0
13177,7845,54,1,1979100.0
13178,7845,106,1,7565800.0
13179,7846,192,1,1680200.0
13180,7847,185,1,3195300.0
13181,7848,205,3,1576700.0
13182,7849,128,1,1001400.0
13183,7850,128,1,990000.0
13184,7850,59,1,1482600.0
13185,7850,9,1,4584100.0
13186,7850,202,1,2979800.0
13187,7851,133,1,922600.0
13188,7851,270,1,1795600.0
13189,7852,270,1,1802900.0
13190,7853,137,2,4652100.0
13191,7853,23,1,5854500.0
13192,7854,217,1,2017100.0
13193,7855,210,1,9060900.0
13194,7855,35,2,1581900.0
13195,7855,21,1,5174100.0
13196,7856,198,1,2473800.0
13197,7856,265,1,6725800.0
13198,7856,135,1,1608000.0
13199,7857,177,1,3392800.0
13200,7858,292,1,1992000.0
13201,7858,210,1,9510700.0
13202,7858,76,1,2222600.0
13203,7858,26,1,608900.0
13204,7859,287,1,3327400.0
13205,7859,54,1,1953200.0
13206,7860,224,1,1627800.0
13207,7861,292,1,1954900.0
13208,7862,49,1,1842900.0
13209,7862,187,1,1596300.0
13210,7863,267,1,778500.0
13211,7863,123,1,2153500.0
13212,7863,212,2,5194800.0
13213,7864,74,1,976100.0
13214,7865,249,2,3662400.0
13215,7866,120,1,1586600.0
13216,7866,128,1,991700.0
13217,7867,41,1,3308200.0
13218,7867,57,1,3716800.0
13219,7867,82,1,5212500.0
13220,7868,238,1,5735200.0
13221,7869,30,1,4280500.0
13222,7870,16,1,5110000.0
13223,7870,122,1,2570000.0
13224,7871,231,2,6412100.0
13225,7871,163,1,6863600.0
13226,7871,190,1,1583600.0
13227,7871,233,1,1511000.0
13228,7872,230,1,1162700.0
13229,7873,255,1,4142300.0
13230,7873,160,2,1025900.0
13231,7873,239,1,1317800.0
13232,7874,51,1,246000.0
13233,7875,142,1,5191700.0
13234,7875,96,1,2918900.0
13235,7875,157,2,5126700.0
13236,7876,195,1,5667300.0
13237,7877,30,1,4306100.0
13238,7877,192,1,1749600.0
13239,7878,156,1,1112000.0
13240,7878,258,1,2459400.0
13241,7878,256,1,2891900.0
13242,7878,214,1,3718500.0
13243,7879,150,1,2118000.0
13244,7879,140,2,5240700.0
13245,7879,265,1,6426000.0
13246,7880,238,1,5480000.0
13247,7880,40,1,1046100.0
13248,7881,123,1,2176700.0
13249,7882,45,1,6161200.0
13250,7882,118,1,1983300.0
13251,7883,166,1,4701100.0
13252,7884,148,1,4083300.0
13253,7885,279,2,934400.0
13254,7886,47,1,1363000.0
13255,7886,126,1,1638100.0
13256,7886,125,2,464200.0
13257,7887,139,1,4626700.0
13258,7887,213,1,4996200.0
13259,7888,28,2,1360700.0
13260,7888,150,1,2133500.0
13261,7889,243,2,620600.0
13262,7890,1,1,824900.0
13263,7890,225,2,926900.0
13264,7891,264,1,1275700.0
13265,7891,94,1,551900.0
13266,7891,110,1,1662500.0
13267,7891,232,3,770200.0
13268,7892,59,1,1552400.0
13269,7893,97,1,3869100.0
13270,7894,31,1,5263300.0
13271,7895,191,1,4415000.0
13272,7895,57,1,3684600.0
13273,7895,252,1,993100.0
13274,7896,125,1,461500.0
13275,7896,175,1,1245800.0
13276,7897,143,1,5889100.0
13277,7897,195,1,5435600.0
13278,7898,40,1,1050700.0
13279,7898,2,1,6030700.0
13280,7899,202,1,2987700.0
13281,7899,269,1,2094000.0
13282,7900,38,1,2634000.0
13283,7901,175,2,1254200.0
13284,7902,121,1,1226600.0
13285,7903,291,1,1801000.0
13286,7903,43,2,1442200.0
13287,7903,6,1,1589800.0
13288,7903,164,1,1832100.0
13289,7904,109,2,5849500.0
13290,7904,183,1,4003700.0
13291,7904,57,1,3608700.0
13292,7905,234,1,469900.0
13293,7906,162,1,6864300.0
13294,7906,255,1,4163100.0
13295,7907,280,2,3297100.0
13296,7908,35,1,1559400.0
13297,7909,77,1,5074100.0
13298,7910,139,1,4611800.0
13299,7910,271,1,2615300.0
13300,7910,16,1,5191700.0
13301,7911,70,1,5450500.0
13302,7911,191,2,4380000.0
13303,7911,50,1,2924500.0
13304,7912,216,1,1819000.0
13305,7912,289,1,3571400.0
13306,7912,57,1,3747600.0
13307,7913,178,2,1779600.0
13308,7913,295,1,796200.0
13309,7914,270,1,1803600.0
13310,7915,272,1,3504200.0
13311,7915,162,1,6962800.0
13312,7916,7,1,321700.0
13313,7917,141,1,2452300.0
13314,7918,221,1,2318000.0
13315,7919,4,1,964000.0
13316,7919,71,1,7238200.0
13317,7919,196,1,5711400.0
13318,7919,219,1,4863300.0
13319,7920,224,1,1555900.0
13320,7920,255,1,4187800.0
13321,7921,235,1,4200400.0
13322,7922,276,1,1348500.0
13323,7923,114,1,5328500.0
13324,7923,117,3,1832800.0
13325,7923,172,1,6741500.0
13326,7924,15,1,359300.0
13327,7924,8,1,1127500.0
13328,7925,243,1,623900.0
13329,7925,247,1,1120600.0
13330,7926,199,1,1557600.0
13331,7927,185,1,3233400.0
13332,7928,289,1,3534900.0
13333,7928,207,1,4564100.0
13334,7928,57,1,3783500.0
13335,7928,232,1,746500.0
13336,7929,22,1,1103000.0
13337,7929,111,1,799000.0
13338,7930,203,1,8174900.0
13339,7930,296,1,7443600.0
13340,7931,188,1,2275400.0
13341,7932,275,1,5113300.0
13342,7933,140,1,5220900.0
13343,7933,151,1,7709400.0
13344,7933,13,2,1142500.0
13345,7934,159,1,5351400.0
13346,7934,85,1,1269600.0
13347,7935,295,1,814400.0
13348,7936,18,1,1419900.0
13349,7936,243,1,651400.0
13350,7937,86,1,1459100.0
13351,7938,129,1,1421100.0
13352,7939,136,2,647200.0
13353,7939,272,1,3407500.0
13354,7939,290,1,1266500.0
13355,7939,242,1,684500.0
13356,7940,162,3,6741600.0
13357,7941,199,1,1547100.0
13358,7941,18,1,1428800.0
13359,7941,54,1,1939100.0
13360,7941,111,1,766400.0
13361,7942,213,1,5227100.0
13362,7942,35,1,1615900.0
13363,7942,6,1,1607900.0
13364,7943,286,1,5316100.0
13365,7944,36,1,932600.0
13366,7945,213,1,5201500.0
13367,7945,197,1,2644100.0
13368,7946,26,1,619700.0
13369,7946,38,1,2629900.0
13370,7946,121,1,1286900.0
13371,7947,93,1,375300.0
13372,7948,226,1,1772000.0
13373,7948,60,1,598800.0
13374,7949,232,1,778900.0
13375,7950,60,1,627000.0
13376,7950,10,2,3389000.0
13377,7950,299,1,542500.0
13378,7951,200,1,680800.0
13379,7951,223,2,8118600.0
13380,7951,300,1,2228600.0
13381,7952,164,1,1881400.0
13382,7952,14,2,710100.0
13383,7953,113,1,3842700.0
13384,7954,55,1,1668300.0
13385,7955,259,2,2210000.0
13386,7956,172,1,6945300.0
13387,7957,256,1,2947800.0
13388,7957,81,1,1331400.0
13389,7957,275,2,5074300.0
13390,7958,285,1,7886800.0
13391,7958,45,1,6306400.0
13392,7959,150,1,2063500.0
13393,7959,149,1,1143600.0
13394,7959,189,1,2192000.0
13395,7959,11,1,8015300.0
13396,7960,162,2,6775200.0
13397,7961,158,1,1117800.0
13398,7962,94,1,573200.0
13399,7963,112,1,4787600.0
13400,7964,55,1,1714000.0
13401,7965,197,1,2727000.0
13402,7966,84,1,713400.0
13403,7967,156,1,1124200.0
13404,7968,289,1,3637500.0
13405,7969,130,1,2049000.0
13406,7970,124,1,932800.0
13407,7971,187,1,1633100.0
13408,7971,215,1,4012200.0
13409,7972,47,1,1382900.0
13410,7973,287,1,3354100.0
13411,7974,279,1,935100.0
13412,7974,93,2,368700.0
13413,7974,176,1,2671900.0
13414,7975,112,1,4756500.0
13415,7975,156,2,1169100.0
13416,7976,95,1,1168200.0
13417,7977,252,1,961000.0
13418,7977,243,1,628600.0
13419,7977,224,1,1604800.0
13420,7977,29,1,2670500.0
13421,7978,59,1,1556500.0
13422,7979,9,1,4499300.0
13423,7979,206,1,655200.0
13424,7980,277,1,1471400.0
13425,7981,108,1,7523600.0
13426,7982,197,1,2759000.0
13427,7982,233,1,1546800.0
13428,7983,237,1,520800.0
13429,7984,13,2,1119400.0
13430,7985,209,1,5396400.0
13431,7985,226,1,1819700.0
13432,7985,237,1,510500.0
13433,7985,21,2,5086200.0
13434,7986,50,1,3000000.0
13435,7986,277,1,1488000.0
13436,7987,91,1,680600.0
13437,7987,275,1,4848200.0
13438,7987,245,1,2051900.0
13439,7988,237,1,500500.0
13440,7988,27,1,1600800.0
13441,7989,177,1,3321400.0
13442,7989,77,1,5206700.0
13443,7989,175,1,1279900.0
13444,7990,117,1,1734000.0
13445,7990,205,1,1591800.0
13446,7991,178,1,1784600.0
13447,7991,16,1,5231300.0
13448,7992,76,1,2174600.0
13449,7993,23,1,5800700.0
13450,7994,101,1,4186000.0
13451,7995,256,1,2876500.0
13452,7995,262,1,1097800.0
13453,7995,77,2,5139000.0
13454,7996,244,1,8457800.0
13455,7997,80,1,3965300.0
13456,7998,40,1,1066300.0
13457,7998,230,1,1160800.0
13458,7999,272,1,3413000.0
13459,8000,12,1,783900.0
13460,8000,187,2,1545800.0
13461,8000,236,2,6546000.0
13462,8000,239,1,1322300.0
13463,8001,227,1,1007500.0
13464,8001,1,1,850900.0
13465,8002,123,1,2244400.0
13466,8003,258,1,2506300.0
13467,8004,83,1,1628700.0
13468,8005,252,1,994600.0
13469,8006,59,1,1539300.0
13470,8007,89,1,6830800.0
13471,8008,249,1,3571300.0
13472,8008,76,1,2215300.0
13473,8009,196,1,5823900.0
13474,8010,229,1,377400.0
13475,8011,9,1,4594600.0
13476,8012,170,1,7590800.0
13477,8012,64,1,373300.0
13478,8013,91,1,654000.0
13479,8013,290,1,1256900.0
13480,8014,14,1,694800.0
13481,8014,264,1,1278600.0
13482,8014,256,1,2962400.0
13483,8015,299,1,536600.0
13484,8016,163,1,6902500.0
13485,8016,192,1,1681800.0
13486,8017,145,1,1487800.0
13487,8018,163,1,6823100.0
13488,8019,227,1,953200.0
13489,8019,140,1,5021600.0
13490,8019,113,1,3843900.0
13491,8020,216,1,1784900.0
13492,8021,115,1,4011100.0
13493,8021,178,1,1839800.0
13494,8022,162,1,6767200.0
13495,8022,225,1,942000.0
13496,8023,148,1,4206400.0
13497,8023,126,1,1704600.0
13498,8023,73,1,1136400.0
13499,8024,272,1,3386200.0
13500,8024,77,3,5165100.0
13501,8025,299,1,537100.0
13502,8026,260,1,3875100.0
13503,8026,173,1,2327200.0
13504,8026,39,1,3769500.0
13505,8027,53,1,342300.0
13506,8027,196,1,5605500.0
13507,8028,194,1,684400.0
13508,8028,165,1,3473500.0
13509,8029,270,1,1891000.0
13510,8029,298,1,3451700.0
13511,8030,149,1,1183400.0
13512,8030,155,1,4492500.0
13513,8030,120,1,1576800.0
13514,8031,72,1,4763000.0
13515,8032,74,1,1016500.0
13516,8032,253,1,750700.0
13517,8033,297,1,3201500.0
13518,8033,226,1,1766600.0
13519,8034,68,2,5500500.0
13520,8034,207,2,4656900.0
13521,8035,94,1,570500.0
13522,8035,163,1,6872100.0
13523,8035,280,1,3367100.0
13524,8036,294,1,3190100.0
13525,8036,163,1,6972500.0
13526,8036,278,2,1660600.0
13527,8037,63,1,7242600.0
13528,8037,31,1,5354900.0
13529,8038,47,1,1379800.0
13530,8038,126,1,1704100.0
13531,8038,246,1,3141400.0
13532,8039,211,1,368700.0
13533,8039,9,1,4503700.0
13534,8040,65,2,6571500.0
13535,8041,73,1,1118000.0
13536,8041,238,1,5519300.0
13537,8042,122,1,2529600.0
13538,8042,30,1,4431100.0
13539,8043,142,1,5380500.0
13540,8044,54,1,1931900.0
13541,8044,62,1,6014300.0
13542,8045,207,1,4714900.0
13543,8045,100,1,643000.0
13544,8046,94,1,562100.0
13545,8047,282,1,311600.0
13546,8047,63,1,7095600.0
13547,8047,197,1,2726800.0
13548,8048,299,1,517000.0
13549,8048,49,1,1887400.0
13550,8049,83,2,1646500.0
13551,8050,226,1,1836300.0
13552,8050,178,1,1859100.0
13553,8051,275,1,4883900.0
13554,8052,225,1,913400.0
13555,8052,261,2,5541700.0
13556,8053,37,1,944400.0
13557,8053,161,1,1783900.0
13558,8054,282,1,313200.0
13559,8055,188,1,2188700.0
13560,8056,230,1,1173300.0
13561,8057,286,1,5092500.0
13562,8057,33,1,440100.0
13563,8057,137,1,4627800.0
13564,8058,156,1,1138700.0
13565,8058,175,2,1259800.0
13566,8058,297,1,3155400.0
13567,8059,114,2,5453000.0
13568,8060,191,2,4442200.0
13569,8061,256,1,2973600.0
13570,8061,80,1,3974200.0
13571,8062,63,1,7082600.0
13572,8063,210,1,9381600.0
13573,8064,66,1,2328700.0
13574,8065,70,1,5358000.0
13575,8065,9,2,4599900.0
13576,8066,43,1,1463800.0
13577,8067,281,1,1771300.0
13578,8067,17,1,4757500.0
13579,8067,235,1,4227300.0
13580,8068,226,1,1781000.0
13581,8068,149,1,1180400.0
13582,8068,113,2,3729700.0
13583,8069,245,3,2075700.0
13584,8070,94,1,574900.0
13585,8071,84,1,716800.0
13586,8071,152,2,7283800.0
13587,8072,153,1,856400.0
13588,8073,170,1,7710300.0
13589,8074,98,1,1348300.0
13590,8075,109,1,5815800.0
13591,8075,275,1,5029400.0
13592,8075,11,2,8177600.0
13593,8076,53,1,349500.0
13594,8077,242,1,699900.0
13595,8078,106,1,7759900.0
13596,8079,12,1,789400.0
13597,8080,27,1,1598100.0
13598,8080,31,1,5382700.0
13599,8081,122,1,2544200.0
13600,8082,224,1,1606700.0
13601,8082,142,1,5249100.0
13602,8083,210,2,9384500.0
13603,8084,71,1,7249100.0
13604,8084,34,1,382500.0
13605,8085,26,1,643100.0
13606,8086,153,1,859500.0
13607,8086,256,1,2857300.0
13608,8086,183,1,3837500.0
13609,8087,50,1,2910500.0
13610,8088,89,1,6555200.0
13611,8088,243,1,650500.0
13612,8089,47,1,1345200.0
13613,8089,231,1,6302400.0
13614,8090,253,1,786200.0
13615,8090,164,2,1912800.0
13616,8090,264,1,1340900.0
13617,8091,292,3,1922300.0
13618,8091,300,1,2270300.0
13619,8092,226,1,1828200.0
13620,8093,215,1,4094300.0
13621,8093,222,1,1561600.0
13622,8093,52,1,3215900.0
13623,8094,135,1,1607900.0
13624,8094,262,1,1117600.0
13625,8095,73,1,1108800.0
13626,8096,205,1,1581500.0
13627,8096,185,1,3201900.0
13628,8097,281,1,1803100.0
13629,8098,211,1,381300.0
13630,8099,171,1,1561100.0
13631,8099,152,1,7226600.0
13632,8100,267,1,778600.0
13633,8100,210,1,9555100.0
13634,8101,79,1,796100.0
13635,8101,14,1,699100.0
13636,8102,214,1,3677100.0
13637,8102,208,1,2345600.0
13638,8103,198,1,2502100.0
13639,8103,269,1,2015000.0
13640,8104,200,1,692300.0
13641,8104,113,1,3806700.0
13642,8105,226,1,1756900.0
13643,8105,121,1,1265800.0
13644,8105,58,1,492400.0
13645,8105,67,1,1357900.0
13646,8106,107,2,4634000.0
13647,8106,242,1,699700.0
13648,8107,120,1,1586300.0
13649,8108,74,1,970200.0
13650,8109,39,1,3752600.0
13651,8110,192,1,1739800.0
13652,8111,171,1,1578700.0
13653,8111,20,1,2778900.0
13654,8111,69,1,2585700.0
13655,8112,102,1,2249800.0
13656,8113,116,1,4237500.0
13657,8114,251,1,246300.0
13658,8115,268,1,5712500.0
13659,8116,20,3,2876900.0
13660,8117,65,1,6792700.0
13661,8117,85,1,1255200.0
13662,8118,52,1,3305800.0
13663,8118,247,1,1129500.0
13664,8119,114,1,5346200.0
13665,8120,92,1,5331800.0
13666,8121,142,1,5294500.0
13667,8122,104,1,1583400.0
13668,8123,129,1,1369700.0
13669,8124,265,1,6752800.0
13670,8124,146,1,542800.0
13671,8125,13,1,1149400.0
13672,8126,133,1,876300.0
13673,8126,208,1,2251200.0
13674,8127,61,1,611400.0
13675,8127,129,1,1395800.0
13676,8127,236,1,6559000.0
13677,8128,102,1,2326000.0
13678,8128,24,1,3967300.0
13679,8129,3,1,6310400.0
13680,8130,206,1,680900.0
13681,8131,231,1,6532700.0
13682,8131,207,1,4621500.0
13683,8131,162,1,6812500.0
13684,8132,138,2,5294200.0
13685,8133,259,1,2166200.0
13686,8133,3,1,6572400.0
13687,8133,267,1,763500.0
13688,8134,106,1,7823800.0
13689,8135,280,1,3395100.0
13690,8136,52,1,3300900.0
13691,8136,42,1,1553600.0
13692,8136,177,2,3297900.0
13693,8137,189,1,2196400.0
13694,8138,211,1,384100.0
13695,8139,59,1,1500600.0
13696,8140,24,1,3830100.0
13697,8141,187,1,1615400.0
13698,8142,138,1,5201200.0
13699,8142,118,1,2037800.0
13700,8142,235,1,4275400.0
13701,8143,107,1,4665300.0
13702,8144,105,1,1801200.0
13703,8144,53,1,352400.0
13704,8145,208,1,2355100.0
13705,8146,143,1,5680900.0
13706,8146,24,1,3803300.0
13707,8146,242,2,722500.0
13708,8146,227,2,975100.0
13709,8147,248,2,5008300.0
13710,8148,187,1,1543400.0
13711,8149,14,1,694200.0
13712,8149,62,1,6096200.0
13713,8150,292,1,1929400.0
13714,8151,79,1,805800.0
13715,8152,128,1,961100.0
13716,8153,6,1,1554300.0
13717,8154,286,1,5286400.0
13718,8154,206,1,679200.0
13719,8154,167,1,1859700.0
13720,8155,166,1,4845200.0
13721,8155,91,1,681600.0
13722,8155,8,1,1107100.0
13723,8155,142,1,5198000.0
13724,8156,171,1,1641400.0
13725,8156,125,1,457800.0
13726,8157,60,1,610100.0
13727,8157,176,1,2687000.0
13728,8157,25,1,2270500.0
13729,8158,234,1,454400.0
13730,8159,68,1,5525500.0
13731,8160,187,1,1626500.0
13732,8160,247,1,1104900.0
13733,8161,158,1,1079100.0
13734,8162,236,1,6639000.0
13735,8162,216,1,1740100.0
13736,8162,185,1,3195800.0
13737,8162,30,1,4446900.0
13738,8163,232,1,745700.0
13739,8164,166,1,4871900.0
13740,8165,118,1,1984800.0
13741,8166,25,1,2287200.0
13742,8166,203,1,8110300.0
13743,8166,262,1,1072700.0
13744,8166,120,1,1527400.0
13745,8167,201,1,5753900.0
13746,8168,238,1,5678000.0
13747,8168,133,2,907800.0
13748,8168,120,1,1562100.0
13749,8169,236,1,6695400.0
13750,8170,90,1,2288500.0
13751,8170,88,1,1118100.0
13752,8171,273,1,4647200.0
13753,8172,88,1,1115100.0
13754,8172,241,1,1081800.0
13755,8173,42,1,1525800.0
13756,8173,7,2,321900.0
13757,8173,110,1,1712500.0
13758,8173,114,1,5253100.0
13759,8174,157,1,5243300.0
13760,8174,224,1,1579600.0
13761,8175,125,1,460500.0
13762,8176,205,1,1612800.0
13763,8176,105,1,1771100.0
13764,8177,125,1,465000.0
13765,8178,161,3,1727800.0
13766,8178,142,1,5246300.0
13767,8179,253,1,761900.0
13768,8180,236,1,6664600.0
13769,8181,140,1,5278700.0
13770,8181,212,1,5297900.0
13771,8182,148,2,4145100.0
13772,8182,143,1,5806900.0
13773,8183,178,1,1865400.0
13774,8183,201,1,5704400.0
13775,8184,94,1,564700.0
13776,8184,142,1,5213400.0
13777,8185,185,1,3202200.0
13778,8186,103,1,2856700.0
13779,8187,263,1,1202400.0
13780,8187,240,1,1639600.0
13781,8188,47,1,1316300.0
13782,8188,254,1,1594900.0
13783,8189,50,1,2977100.0
13784,8189,183,1,4011500.0
13785,8189,278,2,1667700.0
13786,8190,19,1,599200.0
13787,8190,137,1,4786600.0
13788,8191,134,1,4547500.0
13789,8192,66,1,2402500.0
13790,8192,17,1,4549300.0
13791,8192,87,1,1825600.0
13792,8192,74,1,992300.0
13793,8193,141,1,2439400.0
13794,8193,278,1,1617000.0
13795,8193,64,1,387700.0
13796,8194,194,1,691900.0
13797,8195,97,1,3717000.0
13798,8196,79,1,832100.0
13799,8197,181,1,8627500.0
13800,8197,182,1,4892600.0
13801,8198,195,1,5380400.0
13802,8198,80,1,4031100.0
13803,8199,135,1,1577500.0
13804,8199,170,1,7573200.0
13805,8199,280,1,3400100.0
13806,8199,118,1,1998100.0
13807,8200,28,1,1376500.0
13808,8200,204,1,707900.0
13809,8200,60,1,605100.0
13810,8200,194,1,719700.0
13811,8201,255,1,4209700.0
13812,8202,174,1,1668800.0
13813,8202,54,1,1974200.0
13814,8203,227,1,971200.0
13815,8204,182,1,4683500.0
13816,8204,22,1,1098200.0
13817,8204,32,1,3198500.0
13818,8204,17,1,4642800.0
13819,8205,222,2,1514900.0
13820,8205,268,1,5928600.0
13821,8206,15,1,353500.0
13822,8207,25,1,2174600.0
13823,8207,212,2,5129700.0
13824,8207,241,1,1100000.0
13825,8208,295,1,780700.0
13826,8208,237,1,501400.0
13827,8209,65,1,6694300.0
13828,8210,86,1,1440900.0
13829,8211,131,2,9154800.0
13830,8212,48,1,854000.0
13831,8213,170,1,7860900.0
13832,8214,156,1,1124100.0
13833,8214,8,1,1113600.0
13834,8215,211,1,381100.0
13835,8216,118,1,2060700.0
13836,8217,112,2,4768600.0
13837,8217,287,1,3301300.0
13838,8218,151,1,7780600.0
13839,8218,166,1,4690800.0
13840,8218,113,2,3944600.0
13841,8219,294,1,3153400.0
13842,8220,8,1,1115800.0
13843,8221,21,1,4943100.0
13844,8221,112,1,4889900.0
13845,8221,31,1,5388100.0
13846,8221,197,1,2664800.0
13847,8222,10,1,3458000.0
13848,8223,282,1,314200.0
13849,8223,180,1,2586900.0
13850,8224,136,2,661000.0
13851,8224,163,1,6854900.0
13852,8224,61,1,606800.0
13853,8225,35,1,1620700.0
13854,8225,283,1,847900.0
13855,8226,144,1,3782400.0
13856,8226,258,1,2470400.0
13857,8227,237,1,523900.0
13858,8228,39,1,3744400.0
13859,8229,230,1,1147300.0
13860,8229,113,1,3747100.0
13861,8230,181,2,8529400.0
13862,8231,103,1,2879000.0
13863,8232,130,2,2060700.0
13864,8232,72,1,4569300.0
13865,8233,188,1,2185500.0
13866,8234,145,1,1504100.0
13867,8234,290,1,1278200.0
13868,8234,203,1,8105200.0
13869,8235,54,1,1943300.0
13870,8235,2,1,5899700.0
13871,8236,86,1,1435900.0
13872,8236,140,1,5147300.0
13873,8236,298,1,3337200.0
13874,8237,52,1,3309500.0
13875,8237,229,1,369900.0
13876,8237,217,1,1998000.0
13877,8237,59,1,1554700.0
13878,8238,68,1,5582900.0
13879,8239,256,1,2980600.0
13880,8239,198,1,2424100.0
13881,8239,122,1,2505800.0
13882,8240,11,1,8309100.0
13883,8241,193,1,9935900.0
13884,8242,236,1,6774200.0
13885,8243,67,1,1375300.0
13886,8244,284,1,3770100.0
13887,8244,293,1,462900.0
13888,8244,255,1,4149000.0
13889,8244,20,1,2883500.0
13890,8245,208,1,2347000.0
13891,8246,153,1,884900.0
13892,8247,295,1,782500.0
13893,8248,94,2,553000.0
13894,8249,68,1,5597000.0
13895,8249,84,2,734800.0
13896,8250,236,1,6588400.0
13897,8251,44,1,452300.0
13898,8251,75,1,1500300.0
13899,8252,257,1,5509200.0
13900,8253,258,2,2375900.0
13901,8254,263,1,1202800.0
13902,8254,201,1,5728900.0
13903,8254,220,2,2181300.0
13904,8255,154,1,3110100.0
13905,8256,165,1,3349700.0
13906,8257,169,1,3621400.0
13907,8257,285,1,8076100.0
13908,8258,133,1,921800.0
13909,8258,10,1,3458900.0
13910,8258,154,1,3061500.0
13911,8259,173,1,2270300.0
13912,8260,53,1,349600.0
13913,8261,131,1,9242200.0
13914,8262,72,1,4549600.0
13915,8262,86,1,1470200.0
13916,8262,94,1,560700.0
13917,8263,28,2,1351600.0
13918,8263,182,1,4715500.0
13919,8264,276,1,1373700.0
13920,8264,21,1,5216400.0
13921,8265,103,1,2856100.0
13922,8265,104,1,1624900.0
13923,8266,250,1,1312900.0
13924,8267,281,1,1801500.0
13925,8267,240,1,1632500.0
13926,8268,30,1,4258100.0
13927,8268,235,2,4439900.0
13928,8269,245,1,2102800.0
13929,8269,199,1,1606900.0
13930,8269,26,1,611100.0
13931,8270,253,1,752600.0
13932,8270,231,1,6446900.0
13933,8271,72,1,4570800.0
13934,8272,293,1,470300.0
13935,8272,123,1,2198700.0
13936,8273,128,2,984400.0
13937,8274,151,1,7479800.0
13938,8274,51,1,240100.0
13939,8275,3,1,6265500.0
13940,8276,77,1,5178700.0
13941,8276,52,2,3222600.0
13942,8276,186,1,1636200.0
13943,8276,282,1,301700.0
13944,8277,10,2,3392700.0
13945,8277,290,1,1314400.0
13946,8278,23,1,5916300.0
13947,8278,171,1,1621300.0
13948,8279,13,1,1149600.0
13949,8279,143,1,5778400.0
13950,8280,183,1,3880400.0
13951,8280,135,1,1564900.0
13952,8280,240,1,1603500.0
13953,8280,130,1,2140400.0
13954,8281,204,1,709100.0
13955,8281,251,1,244500.0
13956,8282,186,1,1677000.0
13957,8282,226,1,1791600.0
13958,8282,112,1,4856600.0
13959,8283,66,1,2380400.0
13960,8283,9,1,4691600.0
13961,8284,189,1,2253600.0
13962,8284,282,1,304100.0
13963,8285,8,1,1089100.0
13964,8286,62,1,6056800.0
13965,8287,20,1,2821400.0
13966,8288,70,1,5596000.0
13967,8289,125,1,442600.0
13968,8289,155,1,4345600.0
13969,8290,260,1,3892200.0
13970,8290,20,2,2874200.0
13971,8291,165,2,3425800.0
13972,8292,21,1,5074200.0
13973,8292,245,1,2074300.0
13974,8293,44,1,451900.0
13975,8294,186,1,1642100.0
13976,8295,39,2,3777000.0
13977,8296,32,1,3066400.0
13978,8296,35,2,1551900.0
13979,8297,84,1,720200.0
13980,8298,182,1,4826200.0
13981,8298,170,1,7814400.0
13982,8298,192,1,1741500.0
13983,8299,265,1,6628100.0
13984,8300,239,1,1302100.0
13985,8300,281,1,1766300.0
13986,8301,68,1,5413700.0
13987,8302,85,1,1239300.0
13988,8302,49,2,1800000.0
13989,8302,104,1,1613400.0
13990,8303,26,1,616800.0
13991,8304,98,1,1343700.0
13992,8304,231,1,6493300.0
13993,8305,140,1,5058900.0
13994,8306,49,1,1901700.0
13995,8306,15,2,361500.0
13996,8307,127,1,976300.0
13997,8308,150,1,2124900.0
13998,8309,32,1,3023900.0
13999,8310,54,1,1971000.0
14000,8311,7,1,316500.0
14001,8312,199,1,1547600.0
14002,8313,217,1,1975500.0
14003,8313,69,1,2573200.0
14004,8314,250,1,1277400.0
14005,8315,143,1,5834200.0
14006,8315,84,1,715500.0
14007,8315,138,1,5234600.0
14008,8315,278,1,1614700.0
14009,8316,22,1,1056400.0
14010,8316,35,1,1598900.0
14011,8316,142,1,5317900.0
14012,8317,30,1,4460200.0
14013,8317,221,1,2347700.0
14014,8318,31,1,5339300.0
14015,8319,184,1,3772200.0
14016,8319,131,1,9134400.0
14017,8319,193,1,9543000.0
14018,8320,252,1,986700.0
14019,8321,147,1,1881900.0
14020,8321,79,1,825900.0
14021,8321,300,1,2197000.0
14022,8322,40,1,1050300.0
14023,8322,21,1,4977500.0
14024,8322,285,2,7690200.0
14025,8323,297,1,3151100.0
14026,8324,6,1,1596200.0
14027,8324,213,1,5198100.0
14028,8324,59,1,1496000.0
14029,8325,69,1,2582300.0
14030,8326,278,1,1609400.0
14031,8326,194,1,718500.0
14032,8327,291,1,1814400.0
14033,8328,296,1,7388100.0
14034,8328,222,1,1557500.0
14035,8329,115,1,3977700.0
14036,8329,149,2,1139200.0
14037,8330,275,1,4865100.0
14038,8330,202,1,3134400.0
14039,8330,213,1,5088800.0
14040,8330,64,1,383800.0
14041,8331,124,1,933100.0
14042,8332,55,2,1652700.0
14043,8332,52,1,3234800.0
14044,8332,18,1,1426500.0
14045,8333,197,1,2724400.0
14046,8333,282,1,313700.0
14047,8334,175,1,1291900.0
14048,8335,105,2,1810200.0
14049,8335,228,1,2257300.0
14050,8336,81,1,1315600.0
14051,8336,258,1,2423000.0
14052,8337,90,2,2268500.0
14053,8338,224,1,1587700.0
14054,8339,56,1,1281000.0
14055,8340,66,1,2347700.0
14056,8341,138,1,5405500.0
14057,8342,214,1,3719100.0
14058,8343,242,1,703500.0
14059,8344,95,1,1165500.0
14060,8345,158,1,1099500.0
14061,8345,211,1,371200.0
14062,8346,165,1,3381800.0
14063,8347,8,1,1133200.0
14064,8347,134,2,4602800.0
14065,8347,37,2,939700.0
14066,8348,80,1,4068800.0
14067,8349,188,1,2205500.0
14068,8350,27,1,1599100.0
14069,8351,57,1,3700800.0
14070,8352,9,1,4578600.0
14071,8352,100,2,643000.0
14072,8353,58,1,485400.0
14073,8354,271,1,2747500.0
14074,8355,33,2,439200.0
14075,8356,264,2,1299100.0
14076,8356,129,1,1388800.0
14077,8356,157,1,5229100.0
14078,8356,124,1,928900.0
14079,8357,249,1,3677200.0
14080,8357,158,1,1117300.0
14081,8357,75,1,1437500.0
14082,8358,93,1,368400.0
14083,8359,152,1,7169100.0
14084,8359,90,1,2311300.0
14085,8360,260,1,3902400.0
14086,8361,11,1,7916600.0
14087,8361,268,1,5637600.0
14088,8362,272,1,3401000.0
14089,8362,90,2,2332800.0
14090,8363,101,1,4154500.0
14091,8364,221,1,2432800.0
14092,8364,53,2,349900.0
14093,8365,34,1,364500.0
14094,8365,70,1,5532900.0
14095,8366,279,1,931600.0
14096,8367,291,1,1807600.0
14097,8368,10,1,3518700.0
14098,8368,285,1,8055700.0
14099,8369,59,1,1544500.0
14100,8370,252,1,955400.0
14101,8371,104,2,1626400.0
14102,8372,242,1,716100.0
14103,8373,132,1,2667900.0
14104,8374,45,1,6248100.0
14105,8374,47,1,1343700.0
14106,8375,277,1,1475900.0
14107,8375,35,1,1623200.0
14108,8375,178,1,1818800.0
14109,8376,113,1,3892800.0
14110,8377,21,1,5029200.0
14111,8378,18,1,1395400.0
14112,8378,289,1,3605500.0
14113,8379,226,2,1771200.0
14114,8380,288,1,1266000.0
14115,8380,112,1,4941600.0
14116,8381,108,1,7553300.0
14117,8382,133,1,914100.0
14118,8382,183,1,3833600.0
14119,8382,225,1,940700.0
14120,8383,283,1,852900.0
14121,8384,5,1,4740600.0
14122,8384,93,2,370400.0
14123,8385,186,1,1661100.0
14124,8386,94,2,553900.0
14125,8386,45,1,6344700.0
14126,8387,5,1,4583400.0
14127,8388,56,1,1316400.0
14128,8388,275,1,5004300.0
14129,8388,166,1,4768400.0
14130,8389,182,1,4799800.0
14131,8390,265,1,6446400.0
14132,8391,213,1,5138600.0
14133,8391,224,1,1549900.0
14134,8392,99,1,1898800.0
14135,8392,283,1,868700.0
14136,8393,66,1,2279900.0
14137,8393,124,1,933900.0
14138,8394,153,1,858000.0
14139,8395,59,1,1500400.0
14140,8396,74,1,964500.0
14141,8397,282,1,308100.0
14142,8398,204,1,728300.0
14143,8398,57,1,3593800.0
14144,8399,109,1,5806600.0
14145,8399,205,1,1588800.0
14146,8400,187,1,1578700.0
14147,8401,151,1,7501400.0
14148,8401,196,1,5662800.0
14149,8401,7,1,323100.0
14150,8401,99,2,1905100.0
14151,8402,75,1,1437500.0
14152,8403,98,1,1331800.0
14153,8404,178,1,1845300.0
14154,8405,237,1,513700.0
14155,8406,92,1,5462400.0
14156,8407,103,1,2912000.0
14157,8408,297,1,3209800.0
14158,8408,259,1,2204300.0
14159,8408,171,2,1604600.0
14160,8409,173,1,2272100.0
14161,8409,229,1,388400.0
14162,8409,259,1,2171600.0
14163,8410,112,1,4671500.0
14164,8410,161,1,1770300.0
14165,8410,48,1,839100.0
14166,8411,214,2,3569800.0
14167,8412,176,1,2626000.0
14168,8412,232,1,750800.0
14169,8413,170,1,7829300.0
14170,8414,129,2,1402800.0
14171,8415,73,1,1123000.0
14172,8415,266,1,1850400.0
14173,8415,188,1,2252000.0
14174,8416,145,1,1505400.0
14175,8417,291,1,1769200.0
14176,8418,15,1,368400.0
14177,8418,143,1,5811600.0
14178,8418,117,1,1803000.0
14179,8419,283,2,889300.0
14180,8419,224,2,1543300.0
14181,8419,173,1,2314100.0
14182,8419,80,1,3957800.0
14183,8420,145,1,1511400.0
14184,8420,58,1,485200.0
14185,8421,105,1,1768000.0
14186,8421,58,1,504800.0
14187,8422,7,1,328000.0
14188,8422,221,1,2401300.0
14189,8422,92,2,5230700.0
14190,8423,127,2,963400.0
14191,8423,155,1,4559100.0
14192,8424,297,1,3207300.0
14193,8425,284,1,3776900.0
14194,8425,130,1,2043100.0
14195,8425,182,1,4733800.0
14196,8426,7,1,328000.0
14197,8427,84,1,712700.0
14198,8427,143,1,5759300.0
14199,8427,68,1,5590900.0
14200,8428,251,1,244400.0
14201,8428,48,1,841800.0
14202,8429,265,2,6605100.0
14203,8429,127,1,977700.0
14204,8430,278,1,1641300.0
14205,8431,235,1,4289500.0
14206,8432,152,2,7347400.0
14207,8432,48,1,863600.0
14208,8433,92,1,5367900.0
14209,8433,207,1,4651700.0
14210,8433,47,1,1372400.0
14211,8433,89,1,6562600.0
14212,8434,40,1,1025000.0
14213,8435,141,1,2471200.0
14214,8435,217,1,2022300.0
14215,8436,234,1,467900.0
14216,8436,158,1,1096600.0
14217,8436,131,2,8832900.0
14218,8436,223,1,8147000.0
14219,8437,283,1,864700.0
14220,8438,282,1,307000.0
14221,8438,125,1,447100.0
14222,8439,238,1,5724800.0
14223,8439,139,2,4819200.0
14224,8439,267,1,781300.0
14225,8440,240,3,1609300.0
14226,8441,230,1,1194400.0
14227,8441,93,1,361300.0
14228,8442,194,2,714500.0
14229,8443,238,1,5707200.0
14230,8444,102,1,2360200.0
14231,8445,247,1,1079500.0
14232,8446,237,1,517000.0
14233,8446,100,1,633500.0
14234,8446,47,1,1371200.0
14235,8447,215,1,3926500.0
14236,8448,89,1,6611700.0
14237,8448,154,1,3159700.0
14238,8449,148,1,4104700.0
14239,8449,285,1,7735600.0
14240,8449,272,1,3389600.0
14241,8449,100,1,642000.0
14242,8450,216,1,1752600.0
14243,8450,136,1,657600.0
14244,8451,266,1,1945300.0
14245,8452,170,1,7747600.0
14246,8453,226,1,1825700.0
14247,8453,114,1,5536700.0
14248,8454,273,1,4747600.0
14249,8455,4,1,980900.0
14250,8455,204,2,714400.0
14251,8456,82,1,5410700.0
14252,8457,114,1,5245000.0
14253,8457,269,2,2074900.0
14254,8458,164,1,1889200.0
14255,8459,187,1,1614600.0
14256,8460,6,1,1602700.0
14257,8460,189,1,2241300.0
14258,8460,76,1,2217800.0
14259,8461,210,1,9578500.0
14260,8462,184,1,3856300.0
14261,8462,8,1,1133100.0
14262,8463,34,1,377200.0
14263,8464,183,1,3871800.0
14264,8464,63,1,7104400.0
14265,8464,3,1,6235300.0
14266,8465,298,1,3399700.0
14267,8465,42,1,1493400.0
14268,8466,76,1,2179000.0
14269,8466,298,1,3461600.0
14270,8467,103,2,2861400.0
14271,8468,155,1,4415300.0
14272,8469,57,1,3785000.0
14273,8470,19,1,599300.0
14274,8470,89,1,6609800.0
14275,8471,68,1,5535100.0
14276,8471,16,1,5220100.0
14277,8472,202,1,3089800.0
14278,8473,240,1,1614000.0
14279,8473,208,1,2358900.0
14280,8473,203,1,7948900.0
14281,8473,226,1,1836700.0
14282,8474,293,1,463000.0
14283,8475,143,2,5916900.0
14284,8475,269,1,2009700.0
14285,8476,249,1,3500900.0
14286,8477,63,1,7254500.0
14287,8477,297,2,3259600.0
14288,8477,198,1,2444600.0
14289,8477,250,1,1309200.0
14290,8478,168,1,3902500.0
14291,8479,300,1,2249600.0
14292,8480,260,1,3876400.0
14293,8481,172,1,6682200.0
14294,8482,147,1,1951200.0
14295,8482,49,1,1869300.0
14296,8482,71,1,7126900.0
14297,8483,109,1,5933100.0
14298,8484,215,1,4049700.0
14299,8485,202,1,3075300.0
14300,8486,259,1,2110000.0
14301,8487,207,1,4596000.0
14302,8487,241,1,1061500.0
14303,8487,272,1,3469700.0
14304,8487,74,1,1022800.0
14305,8488,163,1,6917300.0
14306,8488,212,1,5294400.0
14307,8488,148,1,4226300.0
14308,8489,190,1,1543600.0
14309,8489,181,1,8691100.0
14310,8490,43,1,1512200.0
14311,8490,102,1,2359000.0
14312,8490,117,1,1808000.0
14313,8491,205,1,1599000.0
14314,8491,70,1,5316700.0
14315,8492,50,1,2827900.0
14316,8492,65,1,6928500.0
14317,8492,170,1,7857600.0
14318,8492,275,1,4909200.0
14319,8493,243,1,623100.0
14320,8494,131,2,8968700.0
14321,8495,294,1,3166100.0
14322,8496,287,1,3353700.0
14323,8497,297,1,3196500.0
14324,8498,272,1,3525000.0
14325,8498,174,1,1764200.0
14326,8499,159,1,5408500.0
14327,8500,74,1,990200.0
14328,8501,161,2,1747100.0
14329,8502,227,1,979500.0
14330,8503,153,1,877300.0
14331,8504,27,2,1595100.0
14332,8504,89,1,6826200.0
14333,8505,205,2,1557000.0
14334,8506,223,1,7997200.0
14335,8506,44,1,444100.0
14336,8506,162,1,6915000.0
14337,8507,207,1,4749800.0
14338,8508,208,1,2344000.0
14339,8509,259,1,2187200.0
14340,8509,277,1,1467600.0
14341,8510,60,1,627100.0
14342,8511,254,1,1651300.0
14343,8511,269,1,2042700.0
14344,8512,173,1,2252200.0
14345,8513,238,2,5470500.0
14346,8514,139,1,4621100.0
14347,8515,268,2,5761500.0
14348,8516,107,1,4519700.0
14349,8517,18,1,1449100.0
14350,8518,184,1,3729000.0
14351,8519,295,1,787400.0
14352,8520,28,1,1376000.0
14353,8521,45,1,6190200.0
14354,8522,135,3,1583700.0
14355,8522,170,2,7504800.0
14356,8522,9,1,4541700.0
14357,8523,255,1,4038500.0
14358,8524,182,1,4723300.0
14359,8524,1,1,818400.0
14360,8524,235,2,4424700.0
14361,8525,83,1,1614200.0
14362,8525,19,1,590800.0
14363,8525,89,1,6735400.0
14364,8526,282,1,307900.0
14365,8527,237,1,494300.0
14366,8528,1,1,854500.0
14367,8528,208,2,2242900.0
14368,8528,72,1,4637000.0
14369,8529,211,1,378400.0
14370,8530,97,1,3816000.0
14371,8531,203,1,7981300.0
14372,8531,71,1,7294000.0
14373,8531,97,1,3832600.0
14374,8532,98,1,1336300.0
14375,8533,300,1,2195000.0
14376,8533,296,1,7542800.0
14377,8533,71,1,7155100.0
14378,8534,178,1,1845000.0
14379,8534,15,1,348600.0
14380,8535,171,1,1583000.0
14381,8536,73,3,1091900.0
14382,8537,169,1,3530200.0
14383,8538,10,1,3359000.0
14384,8538,232,1,750900.0
14385,8538,177,1,3301800.0
14386,8539,254,1,1640900.0
14387,8539,67,1,1374700.0
14388,8540,37,1,965500.0
14389,8541,105,1,1751200.0
14390,8541,80,1,3970300.0
14391,8541,288,1,1280800.0
14392,8542,204,1,721700.0
14393,8542,133,1,896600.0
14394,8542,134,1,4383300.0
14395,8543,285,1,7657200.0
14396,8544,245,1,2037100.0
14397,8544,143,2,5939700.0
14398,8545,229,1,369900.0
14399,8545,272,1,3409200.0
14400,8546,214,1,3681500.0
14401,8547,108,1,7168600.0
14402,8547,98,1,1373700.0
14403,8548,249,1,3661500.0
14404,8549,119,1,2993300.0
14405,8550,181,1,8444700.0
14406,8551,9,1,4589200.0
14407,8552,181,1,8361800.0
14408,8553,16,1,5181300.0
14409,8554,12,1,828100.0
14410,8555,196,1,5704800.0
14411,8555,238,1,5737700.0
14412,8555,127,1,973300.0
14413,8555,186,2,1631300.0
14414,8556,258,1,2484400.0
14415,8556,110,1,1695500.0
14416,8557,255,1,4246500.0
14417,8557,26,1,616500.0
14418,8557,102,1,2269800.0
14419,8558,66,1,2289900.0
14420,8559,247,1,1106600.0
14421,8560,174,1,1724700.0
14422,8561,182,2,4929900.0
14423,8561,204,1,729000.0
14424,8561,231,1,6627900.0
14425,8562,30,1,4286100.0
14426,8562,20,1,2846400.0
14427,8563,71,1,7000100.0
14428,8563,225,1,889900.0
14429,8564,202,1,3009000.0
14430,8565,279,1,895900.0
14431,8566,27,3,1648800.0
14432,8567,121,1,1248300.0
14433,8567,195,1,5482000.0
14434,8568,138,1,5344400.0
14435,8569,25,1,2262800.0
14436,8570,62,1,5970800.0
14437,8570,279,1,904800.0
14438,8571,27,1,1670800.0
14439,8571,184,1,3727600.0
14440,8571,240,1,1577600.0
14441,8572,85,1,1226200.0
14442,8573,247,3,1133600.0
14443,8574,37,1,965000.0
14444,8575,72,1,4729800.0
14445,8576,162,1,6894900.0
14446,8577,232,1,767100.0
14447,8577,87,2,1814300.0
14448,8577,34,1,371200.0
14449,8578,136,2,638400.0
14450,8578,272,1,3418400.0
14451,8579,3,1,6270200.0
14452,8580,300,1,2248100.0
14453,8581,288,1,1240500.0
14454,8582,120,1,1572600.0
14455,8582,282,1,304100.0
14456,8583,57,1,3795800.0
14457,8584,12,1,807100.0
14458,8585,121,1,1277900.0
14459,8585,256,1,2842700.0
14460,8585,133,1,887900.0
14461,8586,92,1,5444100.0
14462,8587,18,2,1383500.0
14463,8588,126,2,1628900.0
14464,8588,38,1,2620400.0
14465,8589,178,1,1867500.0
14466,8589,229,1,368100.0
14467,8589,48,1,855300.0
14468,8590,115,1,4048100.0
14469,8590,11,1,8022700.0
14470,8590,233,1,1464600.0
14471,8591,266,1,1921200.0
14472,8591,253,1,785800.0
14473,8591,211,1,384800.0
14474,8592,211,1,375200.0
14475,8592,60,1,624400.0
14476,8593,209,1,5332200.0
14477,8593,210,1,9534400.0
14478,8593,113,1,3873800.0
14479,8594,2,1,6021700.0
14480,8595,92,2,5440700.0
14481,8596,124,1,966300.0
14482,8597,203,1,7817600.0
14483,8597,187,1,1607400.0
14484,8597,85,1,1258200.0
14485,8598,122,2,2586300.0
14486,8598,33,1,415900.0
14487,8598,208,1,2323100.0
14488,8598,108,1,7341900.0
14489,8599,178,1,1824700.0
14490,8600,221,1,2402900.0
14491,8600,49,1,1832500.0
14492,8601,300,1,2182500.0
14493,8602,180,1,2624200.0
14494,8602,245,1,2071300.0
14495,8603,6,1,1611300.0
14496,8603,91,1,643900.0
14497,8604,278,1,1664800.0
14498,8605,68,1,5396000.0
14499,8606,99,1,1893200.0
14500,8607,135,1,1539300.0
14501,8608,236,1,6548200.0
14502,8609,205,1,1629200.0
14503,8609,221,1,2396400.0
14504,8610,183,1,3867500.0
14505,8610,268,1,5785700.0
14506,8610,158,1,1112000.0
14507,8610,211,1,386600.0
14508,8611,273,1,4585000.0
14509,8612,226,1,1764200.0
14510,8612,148,1,4270600.0
14511,8613,50,2,2885700.0
14512,8614,38,1,2755500.0
14513,8614,21,1,5156900.0
14514,8615,241,1,1071500.0
14515,8616,82,1,5229800.0
14516,8617,108,1,7235400.0
14517,8618,38,1,2764600.0
14518,8618,227,1,970400.0
14519,8619,64,1,370600.0
14520,8619,72,1,4630100.0
14521,8620,28,1,1365300.0
14522,8621,120,1,1507200.0
14523,8622,87,1,1780200.0
14524,8623,193,1,9972800.0
14525,8624,125,1,447500.0
14526,8624,159,1,5205900.0
14527,8624,181,1,8836100.0
14528,8625,115,1,4141800.0
14529,8625,61,1,607400.0
14530,8625,272,1,3507600.0
14531,8626,291,1,1834500.0
14532,8626,279,1,928200.0
14533,8627,34,1,378300.0
14534,8628,228,1,2327600.0
14535,8629,113,1,3726000.0
14536,8630,185,1,3089800.0
14537,8631,41,1,3362500.0
14538,8632,275,1,5034000.0
14539,8632,212,1,5268900.0
14540,8633,6,1,1541600.0
14541,8633,115,1,3960000.0
14542,8634,3,1,6480800.0
14543,8635,50,1,2971800.0
14544,8636,100,1,659600.0
14545,8636,169,1,3516400.0
14546,8636,122,1,2562400.0
14547,8637,145,1,1514500.0
14548,8637,291,1,1780400.0
14549,8638,157,1,5096400.0
14550,8639,269,1,1993700.0
14551,8640,204,1,730300.0
14552,8640,205,1,1613800.0
14553,8640,21,2,5054300.0
14554,8641,79,1,788500.0
14555,8641,173,1,2239700.0
14556,8642,213,1,5097800.0
14557,8643,13,1,1175400.0
14558,8644,175,1,1289700.0
14559,8645,64,1,377100.0
14560,8646,183,1,3988100.0
14561,8647,118,3,1969500.0
14562,8647,40,1,1040200.0
14563,8647,34,1,365700.0
14564,8648,69,1,2601600.0
14565,8648,298,1,3447100.0
14566,8649,227,3,991600.0
14567,8650,129,1,1382100.0
14568,8651,240,1,1662100.0
14569,8652,72,1,4511500.0
14570,8653,56,1,1273300.0
14571,8653,64,1,372100.0
14572,8654,291,1,1826800.0
14573,8655,194,1,711000.0
14574,8656,9,1,4522300.0
14575,8657,8,1,1101700.0
14576,8658,287,1,3307200.0
14577,8659,186,2,1602600.0
14578,8659,3,1,6539300.0
14579,8660,222,1,1489100.0
14580,8661,166,1,4692500.0
14581,8662,108,1,7383300.0
14582,8663,67,1,1353600.0
14583,8664,197,1,2662200.0
14584,8664,173,1,2218400.0
14585,8665,127,1,987200.0
14586,8666,288,1,1292000.0
14587,8667,230,1,1209000.0
14588,8667,149,1,1157900.0
14589,8668,51,1,248200.0
14590,8669,88,1,1118500.0
14591,8670,83,2,1668900.0
14592,8671,131,1,9131700.0
14593,8672,15,2,365300.0
14594,8673,101,1,4023800.0
14595,8674,102,1,2332100.0
14596,8674,266,1,1891800.0
14597,8675,232,1,751400.0
14598,8676,180,1,2548200.0
14599,8676,69,1,2500100.0
14600,8677,41,1,3499200.0
14601,8677,293,1,477200.0
14602,8678,158,1,1090800.0
14603,8679,54,1,1963500.0
14604,8680,126,1,1687200.0
14605,8681,249,1,3679300.0
14606,8681,13,1,1146000.0
14607,8681,173,1,2227200.0
14608,8682,162,1,6970000.0
14609,8683,228,1,2213200.0
14610,8683,164,1,1839800.0
14611,8684,63,1,6932100.0
14612,8685,3,1,6328700.0
14613,8685,12,1,783500.0
14614,8685,93,1,354800.0
14615,8686,187,1,1566200.0
14616,8687,246,1,3307600.0
14617,8688,115,1,4100900.0
14618,8688,161,1,1726900.0
14619,8689,253,1,785200.0
14620,8689,284,1,3834200.0
14621,8689,300,1,2183800.0
14622,8690,243,1,638100.0
14623,8691,65,1,6615000.0
14624,8692,9,1,4523500.0
14625,8692,261,1,5707100.0
14626,8692,96,1,2936600.0
14627,8693,247,1,1124300.0
14628,8694,147,1,1855800.0
14629,8695,126,2,1639000.0
14630,8696,68,1,5373000.0
14631,8697,191,1,4443700.0
14632,8698,212,1,5296500.0
14633,8698,10,1,3557000.0
14634,8698,230,1,1167300.0
14635,8699,172,1,6738800.0
14636,8700,217,1,1933700.0
14637,8701,106,1,7505200.0
14638,8701,224,3,1626100.0
14639,8701,263,1,1195500.0
14640,8701,57,1,3791200.0
14641,8702,5,1,4646100.0
14642,8703,44,1,444700.0
14643,8704,105,1,1805100.0
14644,8704,294,1,3218500.0
14645,8704,144,1,3891100.0
14646,8705,249,1,3651600.0
14647,8705,68,2,5326300.0
14648,8706,147,1,1891800.0
14649,8707,117,1,1794000.0
14650,8708,211,1,388100.0
14651,8708,154,1,3159600.0
14652,8708,16,1,5107000.0
14653,8708,276,1,1320700.0
14654,8709,201,1,5733300.0
14655,8709,274,2,1844300.0
14656,8710,58,1,486400.0
14657,8711,81,1,1352700.0
14658,8712,71,1,7038100.0
14659,8713,81,1,1327900.0
14660,8713,156,1,1159200.0
14661,8714,47,1,1340000.0
14662,8714,36,1,937300.0
14663,8714,244,1,8117400.0
14664,8714,119,1,2876300.0
14665,8715,288,1,1287000.0
14666,8716,179,1,3159300.0
14667,8717,223,1,7915700.0
14668,8718,285,1,7925700.0
14669,8719,59,1,1475400.0
14670,8720,262,1,1073000.0
14671,8721,273,1,4626800.0
14672,8722,62,1,6268800.0
14673,8723,229,1,374700.0
14674,8724,256,1,3001500.0
14675,8724,205,1,1600300.0
14676,8725,277,1,1423500.0
14677,8725,7,1,318800.0
14678,8726,22,1,1046400.0
14679,8727,7,1,328600.0
14680,8728,91,1,678800.0
14681,8728,111,1,795600.0
14682,8728,41,1,3434700.0
14683,8729,68,2,5381800.0
14684,8730,16,1,5219000.0
14685,8731,265,1,6658500.0
14686,8732,242,1,695600.0
14687,8732,243,1,633900.0
14688,8733,80,1,4123700.0
14689,8734,210,2,9488100.0
14690,8735,135,1,1579800.0
14691,8735,34,3,373300.0
14692,8735,151,1,7478100.0
14693,8736,298,1,3496300.0
14694,8736,89,1,6926600.0
14695,8737,292,1,1899200.0
14696,8737,296,1,7422600.0
14697,8738,291,1,1751500.0
14698,8739,27,1,1635700.0
14699,8740,194,1,681800.0
14700,8740,271,1,2675100.0
14701,8740,63,1,7041900.0
14702,8741,36,1,962400.0
14703,8741,21,1,5098600.0
14704,8742,157,1,5255800.0
14705,8742,223,1,7895300.0
14706,8742,164,1,1831900.0
14707,8742,105,1,1794600.0
14708,8743,173,1,2262100.0
14709,8743,157,1,5037000.0
14710,8743,199,1,1521500.0
14711,8743,103,2,2892800.0
14712,8744,106,1,7773900.0
14713,8745,112,1,4669600.0
14714,8746,280,1,3432200.0
14715,8747,113,3,3884600.0
14716,8747,171,1,1596200.0
14717,8748,29,1,2649000.0
14718,8748,14,1,694400.0
14719,8749,234,1,462700.0
14720,8750,20,1,2824400.0
14721,8750,120,1,1540400.0
14722,8751,136,2,646300.0
14723,8751,119,1,2968400.0
14724,8751,267,1,769700.0
14725,8752,142,1,5459400.0
14726,8752,191,1,4362600.0
14727,8752,146,1,532600.0
14728,8753,264,1,1336000.0
14729,8754,129,1,1356400.0
14730,8754,138,1,5249800.0
14731,8754,240,2,1640400.0
14732,8755,22,1,1077500.0
14733,8756,269,1,2040900.0
14734,8757,98,1,1364300.0
14735,8758,146,1,518700.0
14736,8759,228,1,2272400.0
14737,8759,59,1,1543000.0
14738,8760,239,1,1306000.0
14739,8761,31,1,5380300.0
14740,8762,37,1,952600.0
14741,8763,75,1,1457100.0
14742,8763,51,1,245400.0
14743,8764,251,1,248800.0
14744,8764,55,1,1681900.0
14745,8765,28,1,1364700.0
14746,8766,263,1,1197600.0
14747,8767,88,1,1119600.0
14748,8767,100,1,642500.0
14749,8767,33,1,434700.0
14750,8768,89,1,6731300.0
14751,8768,108,1,7207600.0
14752,8769,63,1,7037000.0
14753,8770,19,1,597200.0
14754,8770,243,1,651200.0
14755,8770,227,1,996200.0
14756,8770,196,1,5705800.0
14757,8771,213,1,4955900.0
14758,8772,195,1,5375200.0
14759,8772,154,1,3058900.0
14760,8772,262,1,1117400.0
14761,8773,53,1,360300.0
14762,8774,134,2,4573100.0
14763,8775,274,1,1847600.0
14764,8775,291,1,1811400.0
14765,8776,248,1,4876100.0
14766,8776,65,1,6746800.0
14767,8777,25,1,2190400.0
14768,8777,140,1,5117300.0
14769,8778,14,1,718900.0
14770,8778,7,1,327200.0
14771,8779,221,1,2409600.0
14772,8780,19,1,591700.0
14773,8780,273,1,4603200.0
14774,8781,144,1,3829900.0
14775,8782,160,1,1023600.0
14776,8783,236,1,6617300.0
14777,8783,275,1,4948900.0
14778,8783,146,1,531100.0
14779,8784,159,1,5389900.0
14780,8785,149,1,1138900.0
14781,8786,101,1,4144000.0
14782,8787,230,1,1159500.0
14783,8788,242,1,691500.0
14784,8789,82,1,5417800.0
14785,8790,38,1,2631600.0
14786,8791,102,2,2345000.0
14787,8791,269,1,2008400.0
14788,8792,26,1,617300.0
14789,8792,276,1,1381400.0
14790,8793,12,1,816200.0
14791,8794,99,1,1894700.0
14792,8795,19,1,583600.0
14793,8796,246,1,3215400.0
14794,8797,13,1,1137300.0
14795,8798,44,1,446000.0
14796,8799,128,1,973900.0
14797,8799,187,1,1572200.0
14798,8800,137,1,4735100.0
14799,8801,251,1,252100.0
14800,8802,120,1,1585400.0
14801,8803,128,2,979400.0
14802,8803,63,1,7297100.0
14803,8803,101,1,4024200.0
14804,8803,39,1,3628000.0
14805,8804,278,1,1651500.0
14806,8805,177,1,3444100.0
14807,8806,176,1,2734200.0
14808,8807,174,3,1688100.0
14809,8808,100,1,664600.0
14810,8808,224,1,1585300.0
14811,8809,208,1,2299600.0
14812,8810,282,1,303200.0
14813,8811,219,1,4686800.0
14814,8811,35,1,1594100.0
14815,8811,202,1,3118500.0
14816,8812,225,1,918100.0
14817,8812,226,1,1835500.0
14818,8812,99,1,1949600.0
14819,8813,221,1,2446600.0
14820,8813,38,1,2642000.0
14821,8813,138,1,5308000.0
14822,8814,25,1,2181600.0
14823,8815,252,1,984200.0
14824,8816,51,1,242900.0
14825,8817,268,1,5825400.0
14826,8817,207,1,4605700.0
14827,8818,118,1,2034300.0
14828,8818,198,1,2449900.0
14829,8818,143,1,5609900.0
14830,8818,139,1,4672500.0
14831,8819,67,1,1359900.0
14832,8819,279,1,922700.0
14833,8819,262,1,1081000.0
14834,8819,202,1,3039200.0
14835,8820,192,3,1711500.0
14836,8820,61,1,596700.0
14837,8821,45,1,6085800.0
14838,8822,154,1,3197000.0
14839,8822,2,1,6103100.0
14840,8823,194,1,687400.0
14841,8824,180,1,2483700.0
14842,8825,29,1,2618500.0
14843,8825,22,2,1050100.0
14844,8826,97,1,3871800.0
14845,8827,223,1,7882900.0
14846,8827,147,1,1891500.0
14847,8828,98,1,1392400.0
14848,8829,56,1,1267100.0
14849,8829,125,1,465700.0
14850,8830,161,1,1711700.0
14851,8830,47,1,1330800.0
14852,8830,33,1,424300.0
14853,8831,168,1,3976600.0
14854,8832,38,1,2714400.0
14855,8833,276,1,1328200.0
14856,8834,214,1,3671300.0
14857,8835,96,2,2910600.0
14858,8835,218,1,1479900.0
14859,8836,231,1,6285400.0
14860,8836,96,1,2923800.0
14861,8836,98,1,1341300.0
14862,8837,263,1,1214500.0
14863,8837,96,1,2910800.0
14864,8838,102,1,2252100.0
14865,8838,37,1,927300.0
14866,8839,139,1,4732600.0
14867,8840,29,1,2716900.0
14868,8841,32,1,3133200.0
14869,8842,37,1,928400.0
14870,8842,26,1,628900.0
14871,8843,92,1,5481200.0
14872,8844,92,1,5412400.0
14873,8844,212,1,5251900.0
14874,8845,70,2,5347800.0
14875,8845,25,1,2219400.0
14876,8845,236,1,6626200.0
14877,8846,217,1,1967800.0
14878,8846,208,2,2351000.0
14879,8847,11,1,8149200.0
14880,8847,252,1,979600.0
14881,8848,231,2,6609400.0
14882,8849,266,1,1928000.0
14883,8849,176,1,2731500.0
14884,8849,178,1,1838000.0
14885,8849,179,1,3090500.0
14886,8850,227,1,1002000.0
14887,8850,231,1,6356700.0
14888,8851,105,1,1804700.0
14889,8852,248,1,4974100.0
14890,8853,53,1,347900.0
14891,8854,63,1,7183800.0
14892,8854,98,1,1376700.0
14893,8854,39,1,3629100.0
14894,8855,189,1,2250700.0
14895,8855,29,1,2627900.0
14896,8856,268,1,5786400.0
14897,8856,68,1,5332300.0
14898,8857,260,1,4018100.0
14899,8857,142,1,5396300.0
14900,8858,52,1,3362200.0
14901,8859,178,1,1879000.0
14902,8860,54,1,1873700.0
14903,8861,73,1,1133200.0
14904,8861,107,1,4539800.0
14905,8862,242,1,713400.0
14906,8862,136,1,666900.0
14907,8863,138,1,5363000.0
14908,8863,226,1,1803600.0
14909,8863,130,1,2041900.0
14910,8864,43,1,1499300.0
14911,8864,120,1,1502000.0
14912,8865,254,1,1594200.0
14913,8865,225,1,909400.0
14914,8866,171,1,1637900.0
14915,8867,262,1,1090200.0
14916,8868,275,1,5039100.0
14917,8869,242,1,695900.0
14918,8870,126,1,1620100.0
14919,8871,297,1,3264400.0
14920,8872,36,1,958200.0
14921,8873,76,1,2168600.0
14922,8874,218,1,1446400.0
14923,8875,83,1,1650300.0
14924,8875,295,1,794300.0
14925,8876,138,1,5320400.0
14926,8876,291,1,1756800.0
14927,8877,62,1,6270800.0
14928,8878,288,1,1293900.0
14929,8879,167,1,1954400.0
14930,8879,277,1,1454100.0
14931,8880,17,1,4711600.0
14932,8881,168,1,3951800.0
14933,8881,93,2,364900.0
14934,8882,293,1,459400.0
14935,8883,230,1,1193000.0
14936,8883,263,1,1167600.0
14937,8884,178,1,1812000.0
14938,8884,99,1,1964600.0
14939,8885,281,1,1724900.0
14940,8885,99,1,1958300.0
14941,8886,89,3,6694300.0
14942,8886,63,1,6980700.0
14943,8887,91,1,648800.0
14944,8887,69,1,2535500.0
14945,8887,200,1,693700.0
14946,8888,205,2,1600000.0
14947,8888,244,1,8424500.0
14948,8888,177,1,3302300.0
14949,8889,105,1,1762600.0
14950,8889,94,1,578600.0
14951,8890,119,2,3025500.0
14952,8891,249,1,3610500.0
14953,8892,117,1,1820900.0
14954,8893,3,2,6364000.0
14955,8893,253,1,772500.0
14956,8893,76,1,2232200.0
14957,8894,101,1,4180800.0
14958,8895,159,1,5263200.0
14959,8896,55,1,1655400.0
14960,8896,10,1,3403800.0
14961,8896,53,1,342600.0
14962,8896,78,1,6488000.0
14963,8897,1,1,857300.0
14964,8898,219,1,4657300.0
14965,8899,299,1,543700.0
14966,8900,88,1,1145800.0
14967,8901,101,1,4169100.0
14968,8901,212,1,5088000.0
14969,8901,300,1,2266900.0
14970,8901,67,1,1359700.0
14971,8902,233,1,1505500.0
14972,8903,106,1,7538600.0
14973,8904,285,1,8051000.0
14974,8905,170,1,7761200.0
14975,8905,5,1,4500000.0
14976,8905,100,1,654300.0
14977,8905,191,1,4404900.0
14978,8906,245,1,2091100.0
14979,8907,36,1,931000.0
14980,8908,39,1,3819500.0
14981,8908,210,1,9224600.0
14982,8908,16,1,5099200.0
14983,8909,273,1,4536300.0
14984,8909,176,1,2641500.0
14985,8910,58,1,493800.0
14986,8910,1,1,846800.0
14987,8910,287,1,3286300.0
14988,8911,85,1,1231300.0
14989,8912,265,2,6697500.0
14990,8912,111,1,764900.0
14991,8913,251,1,244800.0
14992,8914,37,1,974500.0
14993,8915,13,1,1165700.0
14994,8915,143,2,5658000.0
14995,8916,213,1,4984500.0
14996,8917,127,1,983600.0
14997,8918,72,1,4669300.0
14998,8919,142,1,5241800.0
14999,8919,55,1,1678800.0
15000,8920,234,1,472800.0
15001,8920,217,1,1958500.0
15002,8921,20,1,2749500.0
15003,8921,79,1,820100.0
15004,8922,6,1,1543700.0
15005,8923,118,1,2038200.0
15006,8924,157,1,5267000.0
15007,8925,180,1,2600200.0
15008,8926,166,2,4771400.0
15009,8927,61,1,604500.0
15010,8928,101,1,4249400.0
15011,8929,208,1,2349500.0
15012,8930,177,1,3294400.0
15013,8930,185,1,3235000.0
15014,8931,138,1,5356900.0
15015,8931,181,1,8444400.0
15016,8931,153,1,897400.0
15017,8932,266,1,1895100.0
15018,8932,133,1,900200.0
15019,8932,100,1,650700.0
15020,8933,175,1,1287200.0
15021,8934,208,1,2357200.0
15022,8934,162,1,6823900.0
15023,8935,198,1,2398400.0
15024,8936,5,1,4577300.0
15025,8936,207,1,4588600.0
15026,8937,287,1,3304300.0
15027,8938,172,1,6790100.0
15028,8939,232,1,746100.0
15029,8939,107,1,4606400.0
15030,8939,109,1,5910600.0
15031,8939,124,1,964700.0
15032,8940,274,1,1835100.0
15033,8940,189,1,2219700.0
15034,8941,240,1,1622400.0
15035,8942,164,1,1906000.0
15036,8943,182,1,4741600.0
15037,8944,84,1,715600.0
15038,8944,246,1,3304000.0
15039,8944,30,1,4368800.0
15040,8945,123,1,2187100.0
15041,8946,278,1,1590900.0
15042,8947,18,1,1396600.0
15043,8948,294,1,3248300.0
15044,8948,285,1,7961500.0
15045,8948,102,1,2289900.0
15046,8949,207,1,4548600.0
15047,8950,20,1,2843000.0
15048,8950,186,1,1663100.0
15049,8951,226,1,1737200.0
15050,8952,250,2,1300200.0
15051,8953,283,1,870400.0
15052,8953,98,1,1354500.0
15053,8953,181,1,8556200.0
15054,8954,100,1,645800.0
15055,8955,204,1,693200.0
15056,8955,155,1,4463200.0
15057,8955,96,3,3033800.0
15058,8955,65,1,6848300.0
15059,8956,70,1,5563000.0
15060,8957,217,1,2030500.0
15061,8957,77,1,5025200.0
15062,8957,268,2,5638900.0
15063,8958,162,1,6930900.0
15064,8959,233,2,1495200.0
15065,8960,145,1,1490300.0
15066,8960,264,1,1304700.0
15067,8960,295,1,796800.0
15068,8961,60,1,619300.0
15069,8961,142,2,5277100.0
15070,8961,224,1,1591100.0
15071,8962,236,1,6759700.0
15072,8962,24,1,3809000.0
15073,8963,194,2,703300.0
15074,8964,8,1,1130100.0
15075,8964,4,1,959900.0
15076,8964,96,1,3000000.0
15077,8964,30,1,4308100.0
15078,8965,135,1,1569100.0
15079,8966,94,1,549800.0
15080,8967,110,1,1648300.0
15081,8968,86,1,1481500.0
15082,8969,29,1,2611600.0
15083,8970,157,1,5104300.0
15084,8971,118,1,1982600.0
15085,8972,127,1,945200.0
15086,8973,63,1,7201600.0
15087,8973,120,1,1538700.0
15088,8973,298,1,3491700.0
15089,8973,212,1,5191100.0
15090,8974,240,1,1645800.0
15091,8974,189,1,2227000.0
15092,8974,82,2,5231000.0
15093,8975,8,1,1132100.0
15094,8976,163,1,7091300.0
15095,8976,161,1,1759800.0
15096,8977,47,1,1358100.0
15097,8978,35,1,1550100.0
15098,8979,297,1,3305200.0
15099,8980,225,1,906500.0
15100,8980,252,1,972400.0
15101,8981,238,1,5480300.0
15102,8982,51,1,243500.0
15103,8983,2,1,6144100.0
15104,8983,54,1,1885300.0
15105,8983,201,1,5704400.0
15106,8984,108,1,7506600.0
15107,8984,5,1,4558200.0
15108,8985,56,1,1308000.0
15109,8986,170,1,7549900.0
15110,8986,35,1,1541900.0
15111,8987,155,1,4560300.0
15112,8987,244,1,8249300.0
15113,8988,164,1,1823100.0
15114,8989,60,1,611400.0
15115,8990,294,1,3167500.0
15116,8990,147,1,1870800.0
15117,8991,44,1,441700.0
15118,8991,157,1,5199100.0
15119,8992,140,1,5093700.0
15120,8992,269,1,1999700.0
15121,8993,242,1,721400.0
15122,8994,40,1,1053000.0
15123,8994,105,2,1728300.0
15124,8994,289,1,3593100.0
15125,8995,216,1,1762900.0
15126,8995,183,1,3886800.0
15127,8996,98,1,1327900.0
15128,8997,231,1,6311600.0
15129,8998,277,1,1407400.0
15130,8999,253,1,794100.0
15131,9000,14,1,724700.0
15132,9001,252,1,993400.0
15133,9002,128,1,988400.0
15134,9003,10,1,3466700.0
15135,9003,18,1,1398800.0
15136,9004,9,1,4605100.0
15137,9005,167,1,1880300.0
15138,9005,192,1,1685200.0
15139,9006,126,1,1696100.0
15140,9007,59,1,1542800.0
15141,9007,126,1,1641400.0
15142,9008,286,1,5372800.0
15143,9009,192,1,1730900.0
15144,9010,63,1,7304000.0
15145,9010,40,1,1035600.0
15146,9010,33,1,434800.0
15147,9011,30,1,4373600.0
15148,9011,113,1,3822700.0
15149,9012,271,1,2704600.0
15150,9012,283,1,846800.0
15151,9012,15,1,357400.0
15152,9012,263,2,1215000.0
15153,9013,184,1,3903800.0
15154,9014,161,1,1736300.0
15155,9014,231,1,6259300.0
15156,9015,78,1,6437000.0
15157,9016,83,1,1607100.0
15158,9017,15,1,365700.0
15159,9017,111,1,760000.0
15160,9017,159,1,5294000.0
15161,9017,21,1,5156100.0
15162,9018,73,1,1114200.0
15163,9018,106,1,7445000.0
15164,9018,148,1,4077400.0
15165,9019,19,1,576900.0
15166,9019,106,1,7618000.0
15167,9020,280,2,3312400.0
15168,9021,24,3,3852500.0
15169,9021,84,1,716600.0
15170,9022,16,2,5084600.0
15171,9022,200,1,681500.0
15172,9023,243,1,622900.0
15173,9023,281,1,1809200.0
15174,9024,59,1,1534600.0
15175,9024,154,1,3032900.0
15176,9025,23,1,5719800.0
15177,9026,115,1,3922500.0
15178,9027,69,1,2519800.0
15179,9027,86,1,1478500.0
15180,9027,106,2,7836200.0
15181,9028,83,2,1587500.0
15182,9028,20,1,2779800.0
15183,9028,36,1,950400.0
15184,9029,94,1,559200.0
15185,9030,76,1,2240100.0
15186,9031,167,1,1942600.0
15187,9032,222,1,1547800.0
15188,9032,33,1,436400.0
15189,9033,268,1,5719200.0
15190,9034,285,1,7847200.0
15191,9035,121,1,1229600.0
15192,9036,63,1,7169700.0
15193,9036,50,1,2889900.0
15194,9037,281,2,1791500.0
15195,9038,218,1,1486900.0
15196,9038,252,1,956700.0
15197,9039,292,2,1945700.0
15198,9039,260,1,3895500.0
15199,9040,232,1,775700.0
15200,9041,286,1,5261900.0
15201,9041,147,1,1879100.0
15202,9041,6,1,1597700.0
15203,9042,190,1,1524100.0
15204,9042,70,1,5565600.0
15205,9043,194,1,698900.0
15206,9043,23,2,5652800.0
15207,9043,151,1,7688400.0
15208,9044,22,1,1054100.0
15209,9045,106,1,7775800.0
15210,9045,70,1,5344100.0
15211,9045,66,1,2302600.0
15212,9046,139,1,4604300.0
15213,9047,295,1,778200.0
15214,9047,232,2,759100.0
15215,9047,51,1,242000.0
15216,9047,42,1,1500400.0
15217,9048,12,1,785500.0
15218,9049,77,1,5201900.0
15219,9050,280,1,3280400.0
15220,9051,46,1,5140700.0
15221,9051,299,1,533200.0
15222,9052,27,2,1608800.0
15223,9052,146,1,533200.0
15224,9052,225,3,891600.0
15225,9053,145,1,1533800.0
15226,9053,195,1,5618400.0
15227,9053,177,1,3372300.0
15228,9054,218,3,1477900.0
15229,9055,227,1,998500.0
15230,9055,36,2,919800.0
15231,9055,293,1,458800.0
15232,9055,2,1,5976100.0
15233,9056,141,1,2423200.0
15234,9057,205,1,1557600.0
15235,9057,283,1,895800.0
15236,9058,161,1,1772300.0
15237,9059,124,1,954600.0
15238,9060,188,1,2280700.0
15239,9060,257,1,5512800.0
15240,9061,260,1,3922800.0
15241,9062,130,1,2046200.0
15242,9063,244,1,8414500.0
15243,9063,225,1,940500.0
15244,9064,227,1,1004200.0
15245,9065,152,1,7219300.0
15246,9066,65,1,6540200.0
15247,9067,38,1,2700900.0
15248,9067,159,1,5174300.0
15249,9068,44,1,437400.0
15250,9069,118,1,2041500.0
15251,9070,117,1,1745100.0
15252,9071,167,1,1910600.0
15253,9071,21,1,5033600.0
15254,9072,252,2,1002600.0
15255,9072,218,1,1444700.0
15256,9073,252,1,959600.0
15257,9074,295,1,785400.0
15258,9074,232,1,758000.0
15259,9075,128,1,1003900.0
15260,9075,14,1,708400.0
15261,9076,75,1,1489100.0
15262,9076,9,1,4602100.0
15263,9077,121,2,1258200.0
15264,9078,16,1,5248900.0
15265,9078,221,1,2322500.0
15266,9079,7,1,324100.0
15267,9080,270,2,1812200.0
15268,9081,95,1,1178700.0
15269,9081,167,1,1912600.0
15270,9082,95,1,1154100.0
15271,9083,158,1,1113800.0
15272,9084,118,1,1997500.0
15273,9084,4,2,993200.0
15274,9084,19,2,590100.0
15275,9085,37,1,944400.0
15276,9086,190,1,1529700.0
15277,9087,31,1,5301300.0
15278,9087,137,1,4694300.0
15279,9088,68,1,5305500.0
15280,9089,287,1,3276000.0
15281,9090,83,1,1665700.0
15282,9090,264,1,1269700.0
15283,9090,219,1,4696100.0
15284,9091,20,1,2758600.0
15285,9091,187,1,1582200.0
15286,9091,185,1,3226900.0
15287,9092,166,1,4665300.0
15288,9093,274,1,1834300.0
15289,9094,156,1,1148900.0
15290,9095,120,1,1582200.0
15291,9095,126,1,1671800.0
15292,9096,204,1,701000.0
15293,9096,190,1,1517600.0
15294,9096,73,1,1090900.0
15295,9097,144,1,3875100.0
15296,9097,38,1,2635200.0
15297,9098,12,1,816200.0
15298,9099,101,1,4229600.0
15299,9100,163,1,7040800.0
15300,9101,120,1,1506200.0
15301,9102,125,2,459800.0
15302,9102,136,1,639700.0
15303,9103,205,1,1616500.0
15304,9103,75,1,1485900.0
15305,9103,50,1,2881500.0
15306,9104,188,1,2218400.0
15307,9104,295,1,812800.0
15308,9105,178,1,1836200.0
15309,9106,122,1,2634300.0
15310,9106,22,1,1064700.0
15311,9107,242,1,714200.0
15312,9107,273,1,4562800.0
15313,9107,69,1,2592500.0
15314,9107,117,1,1833300.0
15315,9108,161,1,1712500.0
15316,9109,165,1,3460700.0
15317,9110,285,1,8100400.0
15318,9110,74,1,968600.0
15319,9110,84,1,746600.0
15320,9110,40,1,1039000.0
15321,9111,216,1,1756600.0
15322,9112,115,1,3935400.0
15323,9112,109,1,5751100.0
15324,9112,200,1,705200.0
15325,9112,282,1,301000.0
15326,9113,179,1,3154700.0
15327,9114,214,1,3681800.0
15328,9115,77,2,5072100.0
15329,9115,177,1,3347400.0
15330,9115,146,1,548800.0
15331,9116,295,1,778900.0
15332,9117,195,1,5692000.0
15333,9118,225,1,904200.0
15334,9119,126,1,1648600.0
15335,9119,291,1,1783800.0
15336,9120,57,1,3632500.0
15337,9121,77,1,5180000.0
15338,9121,300,1,2268300.0
15339,9121,237,1,513800.0
15340,9122,108,1,7537900.0
15341,9122,181,2,8528000.0
15342,9123,144,1,3856100.0
15343,9124,50,1,2964500.0
15344,9124,88,1,1133400.0
15345,9125,263,2,1186000.0
15346,9126,153,1,854200.0
15347,9127,199,1,1598600.0
15348,9128,262,1,1071800.0
15349,9129,86,1,1444900.0
15350,9130,51,1,254000.0
15351,9131,181,1,8710400.0
15352,9131,197,1,2770900.0
15353,9132,270,1,1827400.0
15354,9132,279,1,918800.0
15355,9132,205,1,1552400.0
15356,9133,116,2,4240800.0
15357,9134,122,2,2647600.0
15358,9135,193,1,9867500.0
15359,9136,237,1,502700.0
15360,9136,7,1,310900.0
15361,9137,285,1,7720000.0
15362,9137,237,1,518200.0
15363,9138,107,1,4622200.0
15364,9138,261,1,5523400.0
15365,9139,83,1,1630200.0
15366,9139,36,1,947100.0
15367,9140,115,1,4083400.0
15368,9140,253,1,751200.0
15369,9141,298,1,3514300.0
15370,9141,60,1,629600.0
15371,9141,114,1,5353200.0
15372,9141,120,1,1505400.0
15373,9142,138,1,5435400.0
15374,9143,286,1,5296600.0
15375,9143,212,1,5026900.0
15376,9143,283,2,846300.0
15377,9144,289,2,3708700.0
15378,9145,241,1,1080600.0
15379,9146,122,1,2537600.0
15380,9147,268,1,5770900.0
15381,9148,284,1,3737300.0
15382,9149,248,1,4916100.0
15383,9149,282,2,312000.0
15384,9150,29,1,2669200.0
15385,9150,121,1,1219700.0
15386,9151,269,1,2081100.0
15387,9152,163,1,6786300.0
15388,9153,207,1,4567200.0
15389,9154,256,1,2861100.0
15390,9154,102,1,2285600.0
15391,9155,33,2,420000.0
15392,9155,136,1,660000.0
15393,9156,212,1,5122000.0
15394,9156,7,1,314600.0
15395,9157,161,1,1758600.0
15396,9157,186,1,1677800.0
15397,9158,293,1,458200.0
15398,9158,289,1,3633300.0
15399,9159,106,1,7824300.0
15400,9160,98,1,1334700.0
15401,9160,51,1,252100.0
15402,9161,10,1,3492000.0
15403,9162,55,1,1722300.0
15404,9162,116,2,4402300.0
15405,9163,32,1,3148500.0
15406,9163,226,1,1750900.0
15407,9164,240,1,1611000.0
15408,9165,202,1,3118800.0
15409,9166,129,1,1410200.0
15410,9167,71,1,7150700.0
15411,9167,2,1,5912900.0
15412,9168,128,1,1013700.0
15413,9168,216,1,1754800.0
15414,9168,134,1,4515000.0
15415,9169,31,3,5399200.0
15416,9170,260,1,3987700.0
15417,9171,61,1,596100.0
15418,9172,118,1,1968200.0
15419,9173,205,3,1627000.0
15420,9173,201,1,5819000.0
15421,9173,149,1,1189300.0
15422,9174,298,1,3424900.0
15423,9175,179,1,3233900.0
15424,9176,115,1,4044800.0
15425,9176,183,1,4044400.0
15426,9177,231,1,6607300.0
15427,9177,37,1,968000.0
15428,9177,45,1,6322900.0
15429,9177,260,1,3989600.0
15430,9178,280,2,3285100.0
15431,9178,27,1,1656800.0
15432,9179,55,1,1675400.0
15433,9180,93,1,365400.0
15434,9181,80,1,3969500.0
15435,9181,199,1,1534100.0
15436,9181,155,1,4509800.0
15437,9182,160,1,1036100.0
15438,9183,60,1,612700.0
15439,9184,294,1,3253000.0
15440,9185,221,1,2360200.0
15441,9185,234,1,471300.0
15442,9185,49,3,1881900.0
15443,9186,257,1,5721100.0
15444,9186,25,2,2182700.0
15445,9186,10,2,3397600.0
15446,9187,221,1,2355000.0
15447,9188,71,1,7234100.0
15448,9188,103,1,2860800.0
15449,9188,77,1,5100300.0
15450,9189,25,1,2236900.0
15451,9189,153,1,857100.0
15452,9189,64,1,370100.0
15453,9189,258,1,2381400.0
15454,9190,71,1,7035900.0
15455,9190,146,1,528000.0
15456,9190,192,1,1709300.0
15457,9191,52,1,3314700.0
15458,9191,140,1,5246800.0
15459,9192,187,1,1555900.0
15460,9193,158,1,1088900.0
15461,9194,213,1,5097800.0
15462,9195,234,1,462400.0
15463,9196,158,1,1112700.0
15464,9196,11,2,8181400.0
15465,9196,140,1,5028100.0
15466,9196,221,1,2337400.0
15467,9197,41,1,3427700.0
15468,9198,114,1,5536400.0
15469,9198,265,1,6702800.0
15470,9199,96,1,2960200.0
15471,9200,206,1,651300.0
15472,9201,299,1,535000.0
15473,9202,107,1,4420800.0
15474,9202,21,1,5144900.0
15475,9203,79,1,823700.0
15476,9203,283,1,886000.0
15477,9204,42,1,1519900.0
15478,9205,75,1,1432700.0
15479,9205,281,1,1791500.0
15480,9205,237,1,520400.0
15481,9206,9,1,4668900.0
15482,9207,188,1,2246500.0
15483,9208,235,1,4402100.0
15484,9209,144,1,3942400.0
15485,9210,66,1,2342500.0
15486,9211,36,1,928500.0
15487,9212,272,1,3349900.0
15488,9213,167,1,1952700.0
15489,9214,126,1,1681400.0
15490,9214,22,1,1053100.0
15491,9214,209,1,5202000.0
15492,9215,30,1,4388200.0
15493,9216,291,1,1741900.0
15494,9217,209,2,5152100.0
15495,9217,39,1,3729100.0
15496,9218,273,1,4602600.0
15497,9219,186,1,1657500.0
15498,9220,219,1,4750400.0
15499,9220,21,1,5026000.0
15500,9220,83,1,1617400.0
15501,9221,29,1,2660200.0
15502,9221,209,1,5239600.0
15503,9221,185,1,3083900.0
15504,9222,257,1,5544600.0
15505,9223,221,1,2352500.0
15506,9224,109,2,6003300.0
15507,9224,23,1,5842800.0
15508,9225,213,1,5202100.0
15509,9226,193,1,9645900.0
15510,9227,237,1,498500.0
15511,9228,4,1,967200.0
15512,9229,232,2,779900.0
15513,9230,65,1,6724300.0
15514,9230,107,2,4439400.0
15515,9231,174,1,1717000.0
15516,9232,273,1,4776700.0
15517,9232,226,1,1832800.0
15518,9232,174,1,1692100.0
15519,9233,246,1,3224500.0
15520,9234,221,1,2377900.0
15521,9234,16,1,5319700.0
15522,9234,11,1,7996300.0
15523,9235,133,1,909100.0
15524,9236,110,1,1673200.0
15525,9237,174,1,1734700.0
15526,9238,141,1,2511200.0
15527,9238,246,1,3299900.0
15528,9239,234,1,463900.0
15529,9239,209,1,5237300.0
15530,9239,127,1,967700.0
15531,9240,129,1,1350300.0
15532,9240,28,1,1432500.0
15533,9241,222,2,1529800.0
15534,9242,200,1,688200.0
15535,9242,182,1,4902000.0
15536,9243,44,1,449900.0
15537,9244,173,2,2292700.0
15538,9244,238,1,5718200.0
15539,9244,110,1,1734100.0
15540,9245,229,2,379100.0
15541,9245,175,1,1241100.0
15542,9245,224,1,1558000.0
15543,9245,282,1,302000.0
15544,9246,83,1,1663200.0
15545,9246,129,1,1362900.0
15546,9247,196,1,5813800.0
15547,9248,246,1,3223200.0
15548,9249,157,1,5140700.0
15549,9250,151,1,7794900.0
15550,9251,284,1,3745200.0
15551,9251,81,1,1345700.0
15552,9252,247,1,1075000.0
15553,9253,150,1,2099500.0
15554,9254,165,1,3334100.0
15555,9254,208,1,2318400.0
15556,9255,131,1,9113900.0
15557,9256,106,1,7595200.0
15558,9256,299,3,529000.0
15559,9256,169,1,3584700.0
15560,9257,269,1,2005800.0
15561,9257,187,1,1585600.0
15562,9257,97,1,3711600.0
15563,9258,285,1,8086300.0
15564,9258,191,1,4520300.0
15565,9258,93,1,372500.0
15566,9258,138,1,5308400.0
15567,9259,192,1,1748300.0
15568,9259,113,2,3831900.0
15569,9259,26,2,608100.0
15570,9259,267,1,775500.0
15571,9260,65,2,6627900.0
15572,9260,190,1,1556300.0
15573,9260,49,1,1825000.0
15574,9261,91,1,675200.0
15575,9262,1,2,845900.0
15576,9263,207,1,4610200.0
15577,9264,1,1,846700.0
15578,9265,116,1,4211500.0
15579,9266,62,2,6159900.0
15580,9267,24,1,3860200.0
15581,9267,189,1,2303200.0
15582,9267,5,1,4619200.0
15583,9268,279,1,895300.0
15584,9269,265,1,6642800.0
15585,9270,140,1,5196300.0
15586,9271,242,1,686100.0
15587,9272,6,1,1539500.0
15588,9273,208,1,2286900.0
15589,9274,108,1,7408300.0
15590,9275,278,1,1628600.0
15591,9275,39,1,3701100.0
15592,9275,168,1,3958800.0
15593,9276,191,1,4304400.0
15594,9276,242,1,684800.0
15595,9276,184,1,3815200.0
15596,9277,242,2,697700.0
15597,9277,187,3,1633200.0
15598,9278,72,1,4563500.0
15599,9279,81,1,1347300.0
15600,9280,162,1,6962200.0
15601,9281,182,1,4889900.0
15602,9282,122,1,2583200.0
15603,9282,289,1,3543500.0
15604,9282,253,2,750300.0
15605,9283,300,1,2201100.0
15606,9284,229,1,370000.0
15607,9284,286,1,5178600.0
15608,9285,294,1,3090300.0
15609,9285,1,1,841400.0
15610,9286,154,1,3209700.0
15611,9287,36,1,964400.0
15612,9287,300,1,2220800.0
15613,9288,277,1,1462500.0
15614,9289,147,1,1905400.0
15615,9289,7,1,312600.0
15616,9289,299,1,534500.0
15617,9290,275,1,5045700.0
15618,9291,82,1,5184800.0
15619,9292,92,1,5383900.0
15620,9293,8,1,1127500.0
15621,9294,286,1,5353300.0
15622,9294,201,1,5662300.0
15623,9294,41,1,3390900.0
15624,9295,31,1,5164300.0
15625,9295,34,2,383400.0
15626,9296,126,1,1621200.0
15627,9296,193,3,9680700.0
15628,9296,46,1,5319100.0
15629,9297,146,1,536800.0
15630,9298,49,1,1807700.0
15631,9299,277,1,1411100.0
15632,9299,140,1,5085200.0
15633,9299,252,1,999400.0
15634,9300,154,1,3193300.0
15635,9301,108,1,7228900.0
15636,9301,252,1,995800.0
15637,9302,129,3,1401100.0
15638,9302,57,1,3789200.0
15639,9302,285,1,7769400.0
15640,9302,92,2,5354300.0
15641,9303,152,2,7006100.0
15642,9303,34,1,371800.0
15643,9304,123,2,2132300.0
15644,9305,196,1,5556200.0
15645,9306,233,2,1497400.0
15646,9306,135,1,1546000.0
15647,9306,265,1,6600600.0
15648,9307,27,1,1634200.0
15649,9307,26,1,627000.0
15650,9308,52,1,3345200.0
15651,9308,287,1,3365700.0
15652,9308,63,1,6924300.0
15653,9309,9,2,4615000.0
15654,9309,232,1,759800.0
15655,9310,114,1,5303200.0
15656,9311,277,3,1483000.0
15657,9311,230,1,1175000.0
15658,9312,46,1,5254900.0
15659,9313,260,1,4080300.0
15660,9313,149,1,1143800.0
15661,9314,272,1,3498900.0
15662,9315,125,1,467100.0
15663,9315,193,1,9674900.0
15664,9316,36,1,964700.0
15665,9317,176,1,2710300.0
15666,9318,121,1,1281700.0
15667,9318,90,1,2250200.0
15668,9318,15,1,354900.0
15669,9319,113,1,3769600.0
15670,9319,223,1,7888500.0
15671,9320,191,2,4468400.0
15672,9320,204,1,713200.0
15673,9321,31,2,5229400.0
15674,9321,91,1,646200.0
15675,9322,38,1,2752900.0
15676,9323,129,1,1368400.0
15677,9323,46,1,5275900.0
15678,9323,259,1,2119000.0
15679,9324,50,2,2868100.0
15680,9325,251,1,256300.0
15681,9326,109,1,5806500.0
15682,9327,31,1,5112400.0
15683,9328,238,2,5471800.0
15684,9328,20,1,2890900.0
15685,9329,95,1,1172600.0
15686,9330,146,1,519300.0
15687,9330,36,1,940200.0
15688,9330,85,1,1267500.0
15689,9330,94,1,559000.0
15690,9331,292,1,2001800.0
15691,9332,73,1,1122400.0
15692,9332,224,1,1571500.0
15693,9333,191,2,4468900.0
15694,9333,138,1,5364800.0
15695,9334,3,1,6295500.0
15696,9335,263,1,1190900.0
15697,9336,267,1,763500.0
15698,9336,27,1,1656000.0
15699,9336,88,1,1137800.0
15700,9337,216,1,1821900.0
15701,9338,33,1,434400.0
15702,9339,245,1,2028200.0
15703,9339,220,1,2182800.0
15704,9339,51,1,253900.0
15705,9339,21,1,5183500.0
15706,9340,268,1,5667400.0
15707,9340,221,1,2324100.0
15708,9341,41,1,3467900.0
15709,9342,91,1,673800.0
15710,9343,239,1,1312700.0
15711,9344,73,1,1086800.0
15712,9344,129,1,1390600.0
15713,9344,89,1,6782900.0
15714,9345,299,1,524200.0
15715,9346,257,1,5608800.0
15716,9347,135,1,1547000.0
15717,9347,77,1,5212400.0
15718,9348,198,1,2514600.0
15719,9349,186,1,1619800.0
15720,9350,74,1,1020900.0
15721,9351,167,1,1965700.0
15722,9352,288,1,1275600.0
15723,9353,106,1,7570000.0
15724,9354,171,1,1620800.0
15725,9354,116,1,4350200.0
15726,9354,253,1,790500.0
15727,9355,72,1,4754700.0
15728,9356,26,1,608600.0
15729,9356,148,1,4206400.0
15730,9357,105,1,1780600.0
15731,9357,43,1,1488500.0
15732,9358,251,1,248400.0
15733,9358,5,1,4567800.0
15734,9359,188,1,2190800.0
15735,9359,115,1,4102700.0
15736,9359,62,1,6177500.0
15737,9359,16,1,5111700.0
15738,9360,293,2,462200.0
15739,9361,266,1,1848100.0
15740,9361,102,1,2346200.0
15741,9361,33,1,420900.0
15742,9362,258,1,2376500.0
15743,9362,265,1,6708800.0
15744,9363,164,1,1810400.0
15745,9364,231,1,6476300.0
15746,9364,56,1,1288400.0
15747,9365,279,1,939900.0
15748,9365,205,1,1627100.0
15749,9365,175,1,1304400.0
15750,9366,71,1,7058600.0
15751,9366,19,1,582500.0
15752,9366,236,1,6553300.0
15753,9367,34,1,373500.0
15754,9367,297,1,3299100.0
15755,9368,62,1,6072600.0
15756,9369,213,1,5237800.0
15757,9369,29,2,2736300.0
15758,9370,28,1,1392800.0
15759,9371,56,1,1310500.0
15760,9372,134,1,4592600.0
15761,9373,33,1,437000.0
15762,9374,258,1,2424700.0
15763,9375,19,1,580000.0
15764,9376,15,1,352900.0
15765,9376,114,1,5319300.0
15766,9376,282,1,309300.0
15767,9377,83,1,1628400.0
15768,9377,283,1,881900.0
15769,9378,89,1,6770000.0
15770,9378,19,1,586400.0
15771,9379,163,1,6842100.0
15772,9380,157,1,5048500.0
15773,9381,3,1,6523800.0
15774,9382,90,1,2337500.0
15775,9383,198,1,2535900.0
15776,9383,111,1,797800.0
15777,9383,281,1,1717100.0
15778,9384,282,2,298400.0
15779,9384,181,1,8520300.0
15780,9385,142,1,5369900.0
15781,9385,192,1,1684400.0
15782,9386,167,1,1938500.0
15783,9386,298,1,3468800.0
15784,9387,33,1,437500.0
15785,9388,219,1,4736900.0
15786,9389,143,1,5910000.0
15787,9389,195,1,5629800.0
15788,9389,41,1,3354600.0
15789,9390,266,1,1923500.0
15790,9391,265,2,6742800.0
15791,9391,184,1,3823500.0
15792,9391,181,1,8832400.0
15793,9392,120,1,1579800.0
15794,9392,254,1,1659700.0
15795,9393,251,1,252800.0
15796,9394,100,1,629600.0
15797,9395,138,1,5139600.0
15798,9395,92,1,5179100.0
15799,9395,183,1,4001900.0
15800,9395,30,3,4396400.0
15801,9396,91,1,665600.0
15802,9397,276,1,1343700.0
15803,9398,155,1,4432300.0
15804,9398,219,1,4676600.0
15805,9398,244,1,8357000.0
15806,9398,204,1,702900.0
15807,9399,16,1,5100500.0
15808,9400,215,1,4142700.0
15809,9400,27,1,1604700.0
15810,9400,45,1,6319900.0
15811,9400,232,1,776200.0
15812,9401,216,1,1811200.0
15813,9401,282,1,314000.0
15814,9401,292,1,1980800.0
15815,9401,65,1,6546600.0
15816,9402,190,1,1572200.0
15817,9402,53,1,356200.0
15818,9403,196,2,5588800.0
15819,9403,246,1,3299300.0
15820,9404,125,1,444500.0
15821,9404,175,1,1291600.0
15822,9405,96,1,2904900.0
15823,9405,202,2,3026900.0
15824,9406,188,1,2178200.0
15825,9407,161,1,1702700.0
15826,9407,208,1,2328300.0
15827,9408,144,2,3847600.0
15828,9409,179,1,3206700.0
15829,9409,96,1,2982700.0
15830,9409,39,1,3704700.0
15831,9410,132,3,2618500.0
15832,9411,61,1,586100.0
15833,9412,29,1,2716100.0
15834,9413,168,1,3820600.0
15835,9414,160,1,1034700.0
15836,9414,80,1,4193100.0
15837,9414,282,1,305500.0
15838,9415,253,1,753800.0
15839,9415,34,1,366800.0
15840,9415,240,1,1570600.0
15841,9416,29,1,2759600.0
15842,9416,16,2,5280300.0
15843,9416,61,1,592700.0
15844,9417,284,2,3879600.0
15845,9417,180,1,2480500.0
15846,9418,37,1,981400.0
15847,9418,211,1,374900.0
15848,9418,4,2,1005500.0
15849,9418,78,1,6464100.0
15850,9419,90,1,2348700.0
15851,9419,88,1,1111100.0
15852,9419,127,1,957700.0
15853,9420,59,1,1562100.0
15854,9421,146,1,541200.0
15855,9422,211,1,383000.0
15856,9422,282,1,300900.0
15857,9423,158,1,1098900.0
15858,9424,116,1,4303700.0
15859,9424,211,1,376800.0
15860,9424,235,1,4263700.0
15861,9424,299,1,520200.0
15862,9425,12,1,830500.0
15863,9426,168,1,3779600.0
15864,9427,148,1,4289000.0
15865,9427,200,1,717000.0
15866,9428,70,2,5354000.0
15867,9429,26,1,643700.0
15868,9430,230,3,1202200.0
15869,9430,25,1,2277400.0
15870,9431,84,1,729200.0
15871,9431,199,1,1529000.0
15872,9432,2,1,6144500.0
15873,9433,31,1,5399900.0
15874,9434,277,1,1407000.0
15875,9435,80,1,4159400.0
15876,9435,33,1,431500.0
15877,9436,150,2,2069100.0
15878,9437,24,1,3882400.0
15879,9437,51,1,247900.0
15880,9437,294,1,3135800.0
15881,9438,160,1,1021900.0
15882,9438,13,1,1138100.0
15883,9439,191,1,4391700.0
15884,9440,216,2,1757600.0
15885,9441,66,1,2299500.0
15886,9442,287,1,3355600.0
15887,9443,64,3,372900.0
15888,9443,104,1,1598200.0
15889,9443,208,1,2243500.0
15890,9444,61,2,587900.0
15891,9444,94,1,559900.0
15892,9445,42,1,1491700.0
15893,9445,284,1,3752400.0
15894,9446,290,1,1283100.0
15895,9446,63,1,7166800.0
15896,9446,9,1,4602900.0
15897,9446,155,1,4437500.0
15898,9447,249,1,3583900.0
15899,9447,140,2,5091700.0
15900,9448,196,1,5517100.0
15901,9448,168,1,3980100.0
15902,9448,223,2,7947100.0
15903,9448,274,1,1791200.0
15904,9449,106,1,7709200.0
15905,9449,246,1,3206300.0
15906,9450,166,1,4791500.0
15907,9451,201,1,5857600.0
15908,9451,288,1,1256700.0
15909,9452,180,1,2483600.0
15910,9452,68,1,5370500.0
15911,9453,300,1,2257300.0
15912,9454,33,2,436400.0
15913,9455,196,1,5628000.0
15914,9456,39,1,3691100.0
15915,9456,242,1,716700.0
15916,9457,151,1,7761900.0
15917,9458,163,1,6810200.0
15918,9458,78,1,6267000.0
15919,9459,149,1,1173600.0
15920,9460,25,1,2189300.0
15921,9460,62,1,5959700.0
15922,9461,167,1,1915300.0
15923,9462,150,1,2127500.0
15924,9463,192,1,1705700.0
15925,9463,82,1,5340600.0
15926,9463,246,1,3312800.0
15927,9464,234,1,466400.0
15928,9464,144,1,3881500.0
15929,9465,188,1,2185200.0
15930,9466,7,2,312300.0
15931,9467,282,1,316300.0
15932,9468,245,1,2082500.0
15933,9469,218,1,1471100.0
15934,9470,97,1,3809600.0
15935,9471,284,1,3673400.0
15936,9472,128,1,981700.0
15937,9472,278,1,1617400.0
15938,9473,189,2,2261900.0
15939,9474,168,1,3788800.0
15940,9474,12,1,820100.0
15941,9475,21,1,5039400.0
15942,9476,13,1,1172300.0
15943,9477,200,1,688500.0
15944,9477,7,1,317200.0
15945,9478,238,2,5458000.0
15946,9479,276,1,1364200.0
15947,9479,55,1,1641400.0
15948,9480,68,1,5499500.0
15949,9480,258,1,2419100.0
15950,9481,80,1,4179800.0
15951,9481,157,1,5002800.0
15952,9481,48,1,884500.0
15953,9482,166,1,4837900.0
15954,9483,200,1,717200.0
15955,9484,137,1,4802000.0
15956,9485,171,1,1553900.0
15957,9486,141,1,2516200.0
15958,9486,184,2,3738800.0
15959,9487,178,1,1883100.0
15960,9488,207,1,4647800.0
15961,9489,65,1,6559800.0
15962,9490,224,1,1552900.0
15963,9490,219,1,4818900.0
15964,9491,70,1,5607600.0
15965,9492,52,1,3201000.0
15966,9493,256,1,2931000.0
15967,9494,8,1,1097200.0
15968,9494,47,1,1342300.0
15969,9495,171,1,1598400.0
15970,9495,151,1,7514700.0
15971,9496,126,1,1620600.0
15972,9496,282,1,305500.0
15973,9496,3,2,6446800.0
15974,9497,62,1,6181500.0
15975,9498,259,1,2134700.0
15976,9499,37,1,974400.0
15977,9499,142,1,5248100.0
15978,9500,294,1,3081700.0
15979,9500,108,1,7238800.0
15980,9501,267,1,791600.0
15981,9502,283,1,857300.0
15982,9502,55,1,1727700.0
15983,9503,10,1,3561000.0
15984,9503,210,1,9116600.0
15985,9504,200,1,708400.0
15986,9505,262,1,1122800.0
15987,9505,160,1,1044500.0
15988,9506,249,1,3487800.0
15989,9506,218,1,1458500.0
15990,9507,117,1,1832600.0
15991,9508,199,1,1519000.0
15992,9509,263,1,1195400.0
15993,9510,262,1,1110200.0
15994,9510,9,1,4588200.0
15995,9511,43,1,1446400.0
15996,9511,109,1,5943800.0
15997,9511,192,1,1697800.0
15998,9511,291,1,1768300.0
15999,9512,176,1,2698200.0
16000,9512,267,2,772700.0
16001,9512,182,2,4673200.0
16002,9512,87,2,1759700.0
16003,9513,130,1,2046500.0
16004,9513,95,1,1165700.0
16005,9513,230,1,1196000.0
16006,9514,141,1,2507700.0
16007,9514,222,1,1504000.0
16008,9514,76,1,2205200.0
16009,9515,22,1,1058000.0
16010,9515,100,1,649700.0
16011,9515,119,1,2930000.0
16012,9516,34,1,378900.0
16013,9516,40,1,1063800.0
16014,9517,292,1,1976900.0
16015,9517,127,1,988800.0
16016,9517,297,1,3223400.0
16017,9518,88,1,1127800.0
16018,9518,285,1,7932000.0
16019,9519,193,1,10119300.0
16020,9520,145,2,1545300.0
16021,9520,184,1,3866500.0
16022,9521,238,1,5506800.0
16023,9521,138,1,5381400.0
16024,9521,194,1,692000.0
16025,9521,28,1,1422400.0
16026,9522,99,1,1970400.0
16027,9523,216,1,1777700.0
16028,9523,295,1,822900.0
16029,9523,106,1,7609900.0
16030,9523,166,1,4624300.0
16031,9524,22,2,1089500.0
16032,9525,157,1,5174100.0
16033,9525,52,1,3175900.0
16034,9526,20,1,2817100.0
16035,9527,256,1,2842700.0
16036,9528,196,1,5730500.0
16037,9529,32,1,3099800.0
16038,9530,207,1,4765800.0
16039,9531,65,2,6919900.0
16040,9532,68,1,5473000.0
16041,9532,247,2,1112900.0
16042,9532,168,1,3931900.0
16043,9533,38,1,2630900.0
16044,9534,49,1,1821000.0
16045,9534,170,1,7874100.0
16046,9535,108,1,7550900.0
16047,9535,66,1,2387500.0
16048,9536,9,1,4487500.0
16049,9537,214,1,3650800.0
16050,9537,289,1,3497400.0
16051,9538,100,2,643800.0
16052,9538,179,1,3092400.0
16053,9539,274,1,1860700.0
16054,9539,18,1,1456000.0
16055,9539,248,2,5042100.0
16056,9540,190,1,1581100.0
16057,9541,39,1,3769600.0
16058,9542,222,1,1508100.0
16059,9542,241,1,1104500.0
16060,9543,194,1,687500.0
16061,9544,25,1,2278300.0
16062,9545,65,1,6801800.0
16063,9545,221,1,2340000.0
16064,9546,190,1,1542400.0
16065,9546,225,2,929600.0
16066,9547,217,1,1977800.0
16067,9547,266,1,1897700.0
16068,9548,231,1,6607700.0
16069,9549,102,2,2266900.0
16070,9549,83,1,1616200.0
16071,9549,70,1,5335400.0
16072,9549,120,1,1559800.0
16073,9550,248,1,4940300.0
16074,9550,253,1,785400.0
16075,9551,191,1,4482100.0
16076,9551,27,1,1592900.0
16077,9552,262,1,1127500.0
16078,9552,297,1,3232500.0
16079,9553,83,1,1587400.0
16080,9554,95,1,1164800.0
16081,9554,284,1,3695100.0
16082,9554,71,1,7245300.0
16083,9555,140,1,5004000.0
16084,9556,186,1,1599800.0
16085,9556,66,1,2322900.0
16086,9557,96,1,2969500.0
16087,9557,204,1,701400.0
16088,9557,278,2,1611800.0
16089,9558,155,1,4538600.0
16090,9558,246,1,3293600.0
16091,9559,226,1,1751600.0
16092,9559,294,1,3085300.0
16093,9559,258,1,2438600.0
16094,9560,67,1,1363100.0
16095,9560,79,1,811900.0
16096,9561,193,1,9658700.0
16097,9562,251,1,257400.0
16098,9563,10,1,3512500.0
16099,9563,290,1,1275900.0
16100,9564,162,1,6967400.0
16101,9565,184,1,3816900.0
16102,9565,210,1,9540600.0
16103,9566,267,1,766400.0
16104,9567,20,2,2874900.0
16105,9567,60,1,630400.0
16106,9567,223,1,8109100.0
16107,9568,23,1,5669000.0
16108,9569,26,1,611500.0
16109,9570,149,1,1152700.0
16110,9570,185,1,3247600.0
16111,9571,43,1,1511000.0
16112,9571,160,1,1055400.0
16113,9571,14,1,698300.0
16114,9572,69,2,2570300.0
16115,9572,7,1,327300.0
16116,9573,169,1,3493500.0
16117,9573,22,2,1094200.0
16118,9574,286,1,5100200.0
16119,9575,55,1,1707000.0
16120,9575,134,1,4611900.0
16121,9576,121,1,1239700.0
16122,9576,28,1,1362700.0
16123,9577,32,2,3185800.0
16124,9577,57,1,3766900.0
16125,9577,83,1,1618500.0
16126,9578,75,1,1505900.0
16127,9578,166,1,4665800.0
16128,9578,66,1,2299900.0
16129,9579,110,1,1687800.0
16130,9580,75,1,1422800.0
16131,9581,228,1,2211900.0
16132,9582,15,1,358200.0
16133,9583,17,1,4603500.0
16134,9583,187,1,1545400.0
16135,9584,170,1,7733800.0
16136,9584,79,1,811600.0
16137,9584,5,1,4595700.0
16138,9585,75,1,1493500.0
16139,9585,248,1,5080200.0
16140,9586,51,2,251100.0
16141,9586,151,1,7466700.0
16142,9587,28,1,1394000.0
16143,9588,113,2,3891300.0
16144,9589,122,2,2597100.0
16145,9590,133,1,921000.0
16146,9591,280,1,3400000.0
16147,9592,53,1,352000.0
16148,9593,176,1,2661300.0
16149,9594,114,1,5377800.0
16150,9595,257,1,5639500.0
16151,9595,192,1,1694500.0
16152,9596,227,1,960100.0
16153,9596,29,1,2759400.0
16154,9596,222,2,1498000.0
16155,9597,229,1,371400.0
16156,9598,68,1,5390200.0
16157,9598,48,1,877300.0
16158,9598,130,1,2115300.0
16159,9599,280,1,3270100.0
16160,9599,204,1,732000.0
16161,9600,50,1,2881300.0
16162,9601,241,1,1103300.0
16163,9602,270,1,1838300.0
16164,9603,67,1,1369700.0
16165,9604,46,1,5050900.0
16166,9605,18,1,1417800.0
16167,9606,253,1,760200.0
16168,9607,276,1,1368400.0
16169,9608,298,1,3410300.0
16170,9608,101,1,4037800.0
16171,9609,244,1,8218300.0
16172,9609,272,1,3528600.0
16173,9610,143,1,5730400.0
16174,9611,65,1,6687500.0
16175,9611,283,1,859100.0
16176,9612,142,1,5177600.0
16177,9612,184,1,3839600.0
16178,9613,246,1,3214300.0
16179,9613,188,1,2211900.0
16180,9614,171,1,1606100.0
16181,9615,212,1,5181800.0
16182,9615,269,2,2027900.0
16183,9615,87,1,1805400.0
16184,9616,73,1,1098900.0
16185,9616,31,1,5366800.0
16186,9617,21,1,4954400.0
16187,9618,154,1,3156300.0
16188,9619,33,1,440100.0
16189,9620,263,1,1201200.0
16190,9620,53,1,356500.0
16191,9621,249,1,3494700.0
16192,9621,218,2,1499600.0
16193,9622,107,2,4582100.0
16194,9622,47,1,1306900.0
16195,9622,43,1,1449600.0
16196,9623,55,1,1679800.0
16197,9623,87,1,1779300.0
16198,9624,44,2,449800.0
16199,9625,236,1,6741000.0
16200,9625,204,1,704700.0
16201,9626,97,1,3779900.0
16202,9626,149,1,1188700.0
16203,9627,140,1,5267200.0
16204,9628,143,1,5639500.0
16205,9628,125,1,465500.0
16206,9629,246,1,3265700.0
16207,9630,263,1,1173000.0
16208,9631,118,1,1961300.0
16209,9631,272,1,3417500.0
16210,9631,237,1,500100.0
16211,9631,66,2,2370700.0
16212,9632,208,1,2244900.0
16213,9632,230,1,1171800.0
16214,9633,33,1,434600.0
16215,9634,216,1,1738300.0
16216,9635,70,1,5324100.0
16217,9635,130,1,2146300.0
16218,9635,187,1,1572500.0
16219,9636,174,1,1750700.0
16220,9637,252,1,971200.0
16221,9637,279,1,919400.0
16222,9638,171,1,1580100.0
16223,9638,78,1,6292500.0
16224,9639,288,1,1237600.0
16225,9640,181,1,8388300.0
16226,9640,295,1,783500.0
16227,9641,253,1,794200.0
16228,9642,256,1,2884600.0
16229,9643,68,1,5511400.0
16230,9644,200,1,712600.0
16231,9644,135,2,1548100.0
16232,9645,257,1,5605900.0
16233,9645,186,1,1610600.0
16234,9646,288,1,1282700.0
16235,9646,18,1,1380600.0
16236,9647,150,1,2068200.0
16237,9647,200,1,690600.0
16238,9647,135,1,1592900.0
16239,9648,147,1,1913300.0
16240,9649,68,1,5463700.0
16241,9649,103,1,2800100.0
16242,9650,282,1,313600.0
16243,9650,24,1,3923100.0
16244,9651,18,1,1440000.0
16245,9651,149,1,1180100.0
16246,9652,251,1,243300.0
16247,9653,34,1,374500.0
16248,9653,139,1,4597700.0
16249,9654,135,1,1542500.0
16250,9655,14,1,733700.0
16251,9655,163,1,6953400.0
16252,9656,33,1,435300.0
16253,9657,175,1,1267100.0
16254,9658,200,2,702900.0
16255,9659,220,1,2245400.0
16256,9659,117,1,1735700.0
16257,9660,22,1,1075400.0
16258,9661,191,1,4512500.0
16259,9661,62,1,6241800.0
16260,9661,1,2,825900.0
16261,9662,229,2,369300.0
16262,9663,242,1,709000.0
16263,9664,106,1,7568900.0
16264,9664,22,1,1082500.0
16265,9665,36,1,921700.0
16266,9666,240,1,1594300.0
16267,9666,298,1,3501000.0
16268,9667,201,2,5655600.0
16269,9668,170,1,7588800.0
16270,9669,197,1,2756100.0
16271,9669,180,2,2516500.0
16272,9670,17,1,4695700.0
16273,9671,267,1,767700.0
16274,9671,256,2,3004300.0
16275,9672,173,1,2254900.0
16276,9673,184,1,3735200.0
16277,9673,46,1,5170800.0
16278,9674,91,1,663400.0
16279,9674,154,1,3070500.0
16280,9675,185,1,3172300.0
16281,9676,79,1,810800.0
16282,9677,79,1,794400.0
16283,9678,194,1,722400.0
16284,9679,293,1,466300.0
16285,9680,63,2,7208800.0
16286,9680,75,1,1456900.0
16287,9680,144,1,3894300.0
16288,9681,155,1,4351700.0
16289,9682,271,1,2753300.0
16290,9683,20,1,2836600.0
16291,9684,75,1,1466400.0
16292,9685,116,1,4323300.0
16293,9686,89,1,6860400.0
16294,9686,177,1,3455900.0
16295,9687,107,1,4503200.0
16296,9688,106,1,7503900.0
16297,9688,254,1,1626400.0
16298,9689,60,2,597700.0
16299,9689,112,1,4692500.0
16300,9690,165,1,3422200.0
16301,9690,193,1,9975700.0
16302,9691,138,2,5276200.0
16303,9692,166,3,4834400.0
16304,9693,284,1,3781900.0
16305,9693,108,1,7365000.0
16306,9693,142,1,5383000.0
16307,9694,273,1,4708700.0
16308,9695,254,1,1608000.0
16309,9696,271,1,2703900.0
16310,9697,122,1,2624100.0
16311,9697,238,1,5589900.0
16312,9697,70,1,5426100.0
16313,9697,127,1,992900.0
16314,9698,31,1,5151700.0
16315,9699,168,1,3990400.0
16316,9700,126,3,1649700.0
16317,9700,241,2,1060700.0
16318,9700,50,3,2995300.0
16319,9701,215,1,4144200.0
16320,9701,86,1,1433900.0
16321,9701,248,1,5005600.0
16322,9702,158,1,1071200.0
16323,9702,94,1,550900.0
16324,9703,193,1,9716800.0
16325,9704,231,1,6547900.0
16326,9705,185,1,3139500.0
16327,9705,165,1,3352700.0
16328,9706,142,1,5182600.0
16329,9706,118,1,2028800.0
16330,9707,245,1,2101700.0
16331,9707,85,1,1271200.0
16332,9708,211,1,375000.0
16333,9708,159,1,5174000.0
16334,9709,218,1,1462900.0
16335,9710,103,1,2896000.0
16336,9710,80,1,4044100.0
16337,9710,60,1,633200.0
16338,9711,245,1,2096400.0
16339,9711,52,1,3284200.0
16340,9712,48,1,877200.0
16341,9713,294,1,3231100.0
16342,9714,191,1,4336600.0
16343,9715,126,1,1662700.0
16344,9716,117,1,1828400.0
16345,9716,91,1,644700.0
16346,9717,193,1,10062600.0
16347,9718,179,2,3209100.0
16348,9719,67,1,1415300.0
16349,9720,80,1,4138600.0
16350,9720,114,1,5430300.0
16351,9720,158,2,1123200.0
16352,9721,85,2,1235400.0
16353,9722,94,1,570600.0
16354,9722,29,1,2723900.0
16355,9723,199,1,1588300.0
16356,9723,176,1,2703400.0
16357,9723,207,1,4768200.0
16358,9724,170,1,7710500.0
16359,9725,60,1,633300.0
16360,9726,144,1,3832300.0
16361,9726,250,1,1317200.0
16362,9727,80,1,4171200.0
16363,9728,78,1,6458200.0
16364,9729,293,1,459100.0
16365,9730,268,1,5778800.0
16366,9730,139,1,4664300.0
16367,9731,17,1,4688900.0
16368,9731,249,1,3601300.0
16369,9731,174,1,1670200.0
16370,9732,28,1,1423900.0
16371,9732,192,1,1744000.0
16372,9733,75,1,1498200.0
16373,9734,192,1,1720500.0
16374,9735,2,1,6136100.0
16375,9735,235,1,4411200.0
16376,9735,13,1,1164900.0
16377,9735,71,1,6982300.0
16378,9736,251,1,251300.0
16379,9737,167,1,1932100.0
16380,9737,135,1,1610100.0
16381,9738,120,1,1566300.0
16382,9738,260,1,3948800.0
16383,9738,122,1,2504500.0
16384,9739,290,1,1273200.0
16385,9739,272,1,3413400.0
16386,9739,299,1,516900.0
16387,9740,52,1,3259300.0
16388,9741,16,1,5337200.0
16389,9742,54,1,1899500.0
16390,9743,179,1,3208900.0
16391,9744,270,1,1898100.0
16392,9745,111,1,782800.0
16393,9746,33,1,440300.0
16394,9746,51,1,249900.0
16395,9747,55,1,1690500.0
16396,9747,3,1,6240200.0
16397,9748,74,2,999700.0
16398,9749,9,1,4513000.0
16399,9749,283,1,881500.0
16400,9750,290,2,1283700.0
16401,9750,261,1,5826300.0
16402,9751,254,1,1577300.0
16403,9752,243,2,623200.0
16404,9753,143,1,5852400.0
16405,9754,88,1,1146100.0
16406,9754,229,1,382600.0
16407,9755,25,1,2175100.0
16408,9756,27,1,1616200.0
16409,9757,97,2,3705800.0
16410,9758,269,1,1996400.0
16411,9759,273,1,4601100.0
16412,9760,290,1,1290300.0
16413,9760,121,1,1239700.0
16414,9761,171,1,1639800.0
16415,9761,71,1,7019100.0
16416,9761,197,1,2640800.0
16417,9762,227,1,992600.0
16418,9762,187,1,1566300.0
16419,9763,132,1,2627600.0
16420,9764,298,1,3488500.0
16421,9765,280,1,3347700.0
16422,9766,61,1,578000.0
16423,9766,210,1,9128400.0
16424,9767,178,1,1808800.0
16425,9767,154,3,3165600.0
16426,9767,207,1,4665600.0
16427,9768,154,1,3185400.0
16428,9769,128,1,1002100.0
16429,9770,102,1,2349500.0
16430,9770,150,1,2175200.0
16431,9771,7,1,321800.0
16432,9771,21,1,5022700.0
16433,9771,37,1,932900.0
16434,9771,67,1,1411100.0
16435,9772,117,1,1746500.0
16436,9772,241,2,1064600.0
16437,9772,279,1,887500.0
16438,9773,44,1,430800.0
16439,9773,126,1,1649000.0
16440,9774,48,1,855400.0
16441,9775,154,1,3071100.0
16442,9775,72,2,4621300.0
16443,9776,294,1,3263400.0
16444,9776,28,1,1398500.0
16445,9777,6,1,1583700.0
16446,9777,129,1,1381600.0
16447,9778,93,1,366500.0
16448,9778,222,2,1537400.0
16449,9779,103,1,2902700.0
16450,9780,39,1,3627000.0
16451,9781,233,1,1472100.0
16452,9782,22,1,1102400.0
16453,9782,8,1,1143200.0
16454,9783,101,1,4163300.0
16455,9783,93,1,375700.0
16456,9784,15,1,367500.0
16457,9784,184,1,3804300.0
16458,9784,112,1,4858600.0
16459,9785,154,1,3210600.0
16460,9785,161,1,1726800.0
16461,9785,173,2,2206200.0
16462,9785,131,1,9088700.0
16463,9786,293,1,460800.0
16464,9787,6,1,1573400.0
16465,9788,237,1,496100.0
16466,9788,46,1,5031600.0
16467,9789,153,2,861600.0
16468,9790,75,1,1473500.0
16469,9790,23,1,5951600.0
16470,9791,94,1,555300.0
16471,9792,80,1,4104500.0
16472,9793,229,1,382200.0
16473,9794,119,2,3029500.0
16474,9794,96,1,2986000.0
16475,9795,86,1,1418700.0
16476,9795,33,1,435800.0
16477,9795,60,1,616100.0
16478,9796,98,1,1342800.0
16479,9796,180,1,2558800.0
16480,9797,24,1,3796700.0
16481,9797,246,1,3308600.0
16482,9798,117,1,1820800.0
16483,9799,187,1,1592600.0
16484,9800,116,1,4388900.0
16485,9801,59,1,1492700.0
16486,9802,242,1,685200.0
16487,9802,112,1,4800000.0
16488,9803,240,2,1580600.0
16489,9803,14,1,732500.0
16490,9803,271,2,2623200.0
16491,9804,25,1,2270100.0
16492,9804,179,1,3105200.0
16493,9804,300,1,2196700.0
16494,9805,225,1,895000.0
16495,9805,296,1,7665100.0
16496,9806,255,1,4204800.0
16497,9807,144,1,3830700.0
16498,9807,135,1,1580600.0
16499,9807,234,1,462500.0
16500,9808,111,1,791400.0
16501,9809,149,1,1190400.0
16502,9809,130,1,2061900.0
16503,9810,93,2,363000.0
16504,9810,76,1,2238800.0
16505,9810,258,1,2402100.0
16506,9811,197,1,2710500.0
16507,9811,292,1,1995900.0
16508,9812,118,1,2024000.0
16509,9813,54,1,1980300.0
16510,9813,139,1,4703900.0
16511,9813,252,1,961000.0
16512,9814,136,1,656500.0
16513,9814,167,1,1904900.0
16514,9815,21,1,5155200.0
16515,9815,60,1,611800.0
16516,9816,141,1,2526900.0
16517,9817,157,1,5276500.0
16518,9818,77,2,5014400.0
16519,9819,297,1,3158200.0
16520,9820,265,1,6441000.0
16521,9821,253,1,769500.0
16522,9821,241,1,1091100.0
16523,9822,259,1,2218100.0
16524,9823,298,1,3484300.0
16525,9824,242,2,719000.0
16526,9825,36,1,931500.0
16527,9825,40,1,1046300.0
16528,9826,226,1,1817600.0
16529,9827,150,1,2064700.0
16530,9827,280,1,3465500.0
16531,9827,89,2,6795600.0
16532,9827,162,1,6764500.0
16533,9828,256,1,2884100.0
16534,9828,50,1,2959300.0
16535,9828,92,1,5481300.0
16536,9828,199,1,1607000.0
16537,9829,224,1,1634100.0
16538,9829,289,1,3611300.0
16539,9829,66,1,2299100.0
16540,9830,94,1,576700.0
16541,9831,71,1,6973800.0
16542,9832,179,1,3096400.0
16543,9833,49,1,1894700.0
16544,9833,199,1,1542300.0
16545,9834,139,1,4696800.0
16546,9834,131,1,8945200.0
16547,9834,210,1,9253900.0
16548,9835,68,2,5333800.0
16549,9835,233,1,1503300.0
16550,9835,255,1,4068200.0
16551,9835,15,1,354100.0
16552,9836,189,1,2235000.0
16553,9836,83,1,1598000.0
16554,9837,169,1,3609300.0
16555,9837,268,1,5819700.0
16556,9837,250,1,1272600.0
16557,9838,10,1,3460800.0
16558,9839,145,1,1462600.0
16559,9839,73,1,1090200.0
16560,9840,147,1,1851900.0
16561,9840,218,1,1490500.0
16562,9841,45,1,6336400.0
16563,9842,134,2,4429200.0
16564,9842,140,1,5251100.0
16565,9842,251,1,245700.0
16566,9843,127,1,941700.0
16567,9844,33,1,437800.0
16568,9845,86,1,1409100.0
16569,9845,148,1,4287200.0
16570,9846,95,1,1180500.0
16571,9846,253,1,795700.0
16572,9847,69,1,2608900.0
16573,9847,201,1,5744500.0
16574,9848,82,1,5377800.0
16575,9848,17,1,4676800.0
16576,9849,294,2,3257500.0
16577,9849,159,1,5206700.0
16578,9849,67,1,1357300.0
16579,9849,88,1,1117000.0
16580,9850,110,1,1718600.0
16581,9851,133,1,904400.0
16582,9851,293,1,471400.0
16583,9851,39,1,3790500.0
16584,9852,110,1,1741200.0
16585,9853,38,1,2625000.0
16586,9853,42,1,1516200.0
16587,9854,288,1,1311200.0
16588,9855,59,1,1485100.0
16589,9856,261,1,5606700.0
16590,9857,218,1,1484200.0
16591,9858,86,1,1446700.0
16592,9859,119,1,2895100.0
16593,9859,58,1,495000.0
16594,9860,266,1,1856900.0
16595,9861,225,1,919300.0
16596,9861,153,1,858800.0
16597,9861,92,1,5208200.0
16598,9862,266,1,1891400.0
16599,9863,156,1,1125500.0
16600,9863,120,2,1506000.0
16601,9864,46,1,5072500.0
16602,9864,188,1,2186200.0
16603,9865,139,1,4776400.0
16604,9866,112,1,4698200.0
16605,9867,78,1,6251800.0
16606,9868,205,1,1600300.0
16607,9869,237,1,507800.0
16608,9870,177,1,3460200.0
16609,9870,293,1,479900.0
16610,9871,148,1,4098700.0
16611,9871,20,1,2760700.0
16612,9872,265,1,6501400.0
16613,9872,50,1,2895400.0
16614,9873,183,1,3885400.0
16615,9873,133,1,884600.0
16616,9873,298,1,3454900.0
16617,9873,63,1,7245000.0
16618,9874,48,1,874100.0
16619,9875,64,1,390000.0
16620,9875,252,1,980100.0
16621,9876,42,2,1549000.0
16622,9877,150,2,2069700.0
16623,9878,222,1,1524800.0
16624,9878,252,1,958500.0
16625,9879,43,1,1493800.0
16626,9879,182,1,4808300.0
16627,9880,201,3,5717300.0
16628,9881,176,1,2640000.0
16629,9882,293,1,459400.0
16630,9883,105,1,1820900.0
16631,9883,5,1,4578100.0
16632,9884,75,1,1477900.0
16633,9885,123,1,2219700.0
16634,9885,73,1,1116200.0
16635,9886,64,1,386500.0
16636,9886,77,1,5249500.0
16637,9887,55,1,1641400.0
16638,9887,91,1,652600.0
16639,9887,66,2,2323600.0
16640,9888,235,1,4266200.0
16641,9889,160,1,1041100.0
16642,9889,57,1,3689700.0
16643,9889,90,2,2320600.0
16644,9890,14,1,705500.0
16645,9891,90,1,2362300.0
16646,9891,279,2,901900.0
16647,9891,41,1,3338200.0
16648,9892,278,1,1610900.0
16649,9893,201,1,5680600.0
16650,9893,255,3,4048900.0
16651,9893,156,1,1169000.0
16652,9894,259,1,2147800.0
16653,9894,1,2,842000.0
16654,9895,76,1,2266500.0
16655,9895,52,1,3329500.0
16656,9895,41,1,3313500.0
16657,9896,153,1,892400.0
16658,9896,70,1,5508200.0
16659,9897,262,1,1082400.0
16660,9898,84,1,735200.0
16661,9899,243,1,638200.0
16662,9900,131,1,9073900.0
16663,9900,262,1,1095000.0
16664,9901,118,1,2061200.0
16665,9902,182,1,4767300.0
16666,9903,54,1,1971700.0
16667,9904,234,1,463900.0
16668,9905,182,1,4858800.0
16669,9905,29,1,2652600.0
16670,9906,168,3,3917400.0
16671,9907,253,1,785900.0
16672,9907,182,1,4791600.0
16673,9907,31,1,5108200.0
16674,9907,191,1,4477000.0
16675,9908,149,1,1148300.0
16676,9908,57,1,3723300.0
16677,9909,175,3,1267600.0
16678,9909,85,1,1252200.0
16679,9909,234,2,467000.0
16680,9909,110,1,1669300.0
16681,9910,17,1,4740600.0
16682,9911,235,1,4285700.0
16683,9912,231,1,6402700.0
16684,9913,121,1,1277600.0
16685,9914,88,1,1159100.0
16686,9914,201,2,5809700.0
16687,9914,177,1,3309300.0
16688,9915,23,1,5645500.0
16689,9916,246,1,3220900.0
16690,9916,275,1,4977000.0
16691,9917,161,1,1693500.0
16692,9918,212,1,5304800.0
16693,9919,212,1,5100200.0
16694,9919,132,1,2703100.0
16695,9919,59,1,1537000.0
16696,9920,93,1,363300.0
16697,9920,207,1,4693700.0
16698,9920,226,1,1810700.0
16699,9921,183,1,4000600.0
16700,9921,199,1,1569600.0
16701,9921,290,1,1283500.0
16702,9921,130,1,2147200.0
16703,9922,27,1,1627700.0
16704,9923,54,1,1914100.0
16705,9923,20,1,2891300.0
16706,9923,5,1,4749700.0
16707,9924,106,1,7665700.0
16708,9924,7,1,318400.0
16709,9925,248,1,4898100.0
16710,9925,184,1,3767000.0
16711,9925,51,1,244800.0
16712,9926,160,1,1045000.0
16713,9926,19,1,594200.0
16714,9927,187,1,1589000.0
16715,9928,95,1,1130900.0
16716,9929,162,1,6864000.0
16717,9929,217,2,1983400.0
16718,9930,105,1,1786200.0
16719,9930,297,1,3213500.0
16720,9931,38,1,2718500.0
16721,9932,269,1,2028700.0
16722,9933,17,1,4638700.0
16723,9934,174,1,1730700.0
16724,9935,108,1,7443300.0
16725,9935,291,1,1830600.0
16726,9936,7,1,327300.0
16727,9937,298,1,3427300.0
16728,9937,120,1,1530200.0
16729,9938,189,1,2282500.0
16730,9938,197,1,2743300.0
16731,9939,172,1,6906400.0
16732,9939,4,1,956700.0
16733,9940,132,1,2628500.0
16734,9940,185,1,3214000.0
16735,9941,139,2,4685800.0
16736,9942,57,1,3795100.0
16737,9942,262,1,1125600.0
16738,9943,116,1,4417900.0
16739,9944,92,1,5480300.0
16740,9945,122,1,2546800.0
16741,9946,184,1,3743500.0
16742,9947,292,2,1953200.0
16743,9948,153,1,851700.0
16744,9949,243,1,632900.0
16745,9949,131,1,9240200.0
16746,9949,175,1,1266100.0
16747,9949,291,1,1817300.0
16748,9950,261,1,5533000.0
16749,9951,40,1,1045800.0
16750,9952,248,1,4924600.0
16751,9953,299,1,533500.0
16752,9954,32,1,3110300.0
16753,9954,60,1,621600.0
16754,9955,78,1,6196300.0
16755,9955,10,1,3421400.0
16756,9956,193,1,9891100.0
16757,9956,25,1,2295700.0
16758,9957,229,1,384900.0
16759,9958,158,1,1118100.0
16760,9959,1,1,823700.0
16761,9959,20,1,2788300.0
16762,9960,205,1,1605100.0
16763,9960,300,1,2275500.0
16764,9960,78,1,6329500.0
16765,9961,243,2,633700.0
16766,9961,102,2,2334100.0
16767,9962,253,1,770000.0
16768,9962,231,1,6478300.0
16769,9963,244,1,8361700.0
16770,9964,267,1,771400.0
16771,9965,70,1,5342800.0
16772,9966,297,1,3275300.0
16773,9967,188,1,2238100.0
16774,9968,209,1,5188100.0
16775,9968,268,1,5789200.0
16776,9968,9,1,4514100.0
16777,9969,142,1,5313400.0
16778,9969,238,1,5707200.0
16779,9969,151,1,7630800.0
16780,9969,117,1,1773900.0
16781,9970,245,1,2040600.0
16782,9971,270,1,1824100.0
16783,9972,265,1,6452900.0
16784,9973,68,2,5416100.0
16785,9974,62,1,6112500.0
16786,9974,294,1,3268300.0
16787,9975,8,1,1121300.0
16788,9976,282,1,299700.0
16789,9977,231,1,6481900.0
16790,9978,278,1,1632800.0
16791,9978,288,1,1309900.0
16792,9978,229,1,384300.0
16793,9979,125,2,463700.0
16794,9980,89,1,6936700.0
16795,9980,61,1,601200.0
16796,9981,281,1,1717300.0
16797,9982,125,1,466700.0
16798,9983,217,1,1926200.0
16799,9983,126,2,1628900.0
16800,9984,193,1,9804900.0
16801,9985,52,1,3239400.0
16802,9985,109,1,5798200.0
16803,9986,162,1,6810100.0
16804,9986,204,2,690300.0
16805,9987,276,1,1313300.0
16806,9988,145,1,1481800.0
16807,9989,158,1,1101400.0
16808,9989,144,1,3727400.0
16809,9989,66,1,2300700.0
16810,9990,125,1,462000.0
16811,9990,128,3,995000.0
16812,9991,182,1,4843900.0
16813,9992,142,1,5159400.0
16814,9992,68,1,5329100.0
16815,9992,66,1,2313800.0
16816,9993,28,1,1424800.0
16817,9994,258,1,2433900.0
16818,9994,86,1,1447800.0
16819,9995,225,1,922700.0
16820,9996,37,1,966200.0
16821,9997,77,1,5041900.0
16822,9998,148,1,4302400.0
16823,9998,55,1,1707400.0
16824,9999,156,1,1173400.0
16825,9999,177,1,3449200.0
16826,9999,15,1,364900.0
16827,10000,105,1,1775000.0
16828,10000,158,1,1105900.0
